a,b,g_x,c,g_y,d,e,f,g,h,I,j
0.9998804,0.001381571,0.01540756,0.01210187,-0.001365955,0.9999985,-0.00102397,0.0004468736,-0.01540895,0.001002801,0.9998808,0.1267281
0.9993411,0.00413927,0.03605873,0.03021791,-0.004118323,0.9999913,-0.0006552072,0.0009791738,-0.03606113,0.0005062745,0.9993495,0.268623
0.9980124,0.005708759,0.06275818,0.05987546,-0.00576068,0.9999832,0.0006463838,0.002308105,-0.06275344,-0.001006628,0.9980286,0.4305403
0.9953527,0.005411577,0.09614398,0.1050408,-0.005718903,0.9999794,0.002921236,0.003322381,-0.09612619,-0.003457497,0.9953632,0.6034613
0.990997,0.002437994,0.133862,0.1652963,-0.003155109,0.9999818,0.00514525,0.005264528,-0.133847,-0.005521275,0.9909866,0.7870087
0.9848812,-0.0008797585,0.1732288,0.2401943,-0.0001148614,0.9999835,0.005731548,0.007625042,-0.173231,-0.00566479,0.9848649,0.9812571
0.9763389,-0.001209269,0.2162426,0.3220547,-0.0003105266,0.9999755,0.006994083,0.01121243,-0.2162458,-0.006895743,0.9763146,1.185453
0.9644808,-0.001175212,0.2641504,0.4170054,-0.001347063,0.9999552,0.009367301,0.0147447,-0.2641496,-0.009390408,0.964436,1.399473
0.9500987,-0.004177904,0.3119216,0.5318267,-0.001009852,0.9998639,0.01646823,0.01361741,-0.3119479,-0.01596143,0.9499651,1.620036
0.9333565,-0.01416072,0.3586714,0.6772189,0.005593755,0.999674,0.02491176,0.01304237,-0.3589072,-0.02124523,0.9331314,1.841928
0.912332,-0.0201489,0.4089552,0.8328051,0.008864985,0.9995264,0.02946912,0.01601613,-0.4093553,-0.02326024,0.9120785,2.063052
0.8872656,-0.02177657,0.4607445,0.9991018,0.007355619,0.9994259,0.03307187,0.01908196,-0.4612002,-0.02595447,0.8869164,2.286905
0.859021,-0.02409304,0.5113731,1.18805,0.005460112,0.9992663,0.03790778,0.02416489,-0.5119112,-0.02977142,0.8585223,2.5128
0.8270453,-0.02918261,0.5613773,1.399778,0.006631357,0.9990885,0.04216697,0.03070196,-0.5620962,-0.0311513,0.826485,2.733367
0.7911863,-0.03486678,0.6105806,1.634196,0.008791727,0.9989188,0.04565031,0.03653765,-0.6115121,-0.03074984,0.7906374,2.948016
0.7532744,-0.03928513,0.6565321,1.890112,0.009846352,0.9987762,0.04846688,0.04599883,-0.6576327,-0.0300444,0.7527394,3.160521
0.7135453,-0.04262496,0.6993113,2.166152,0.01112298,0.9987109,0.04952483,0.0599496,-0.7005209,-0.02755978,0.7130996,3.369735
0.671642,-0.04460763,0.7395317,2.465897,0.01077426,0.9986683,0.05045326,0.07581133,-0.7407975,-0.02591862,0.6712282,3.579897
0.6289069,-0.04493066,0.7761812,2.784666,0.006144236,0.9985848,0.05282648,0.09232525,-0.7774563,-0.0284539,0.628293,3.792151
0.5870428,-0.04577422,0.8082608,3.131897,0.003200808,0.9985236,0.05422462,0.1077991,-0.8095496,-0.02924508,0.5863226,4.000366
0.5468504,-0.04700298,0.8359099,3.507611,0.00157947,0.998479,0.05511092,0.1241318,-0.8372289,-0.02881713,0.5460929,4.202254
0.5079969,-0.04952766,0.8599338,3.909356,0.0003120507,0.998356,0.05731572,0.1392366,-0.8613589,-0.02884786,0.5071772,4.402127
0.4705742,-0.04939765,0.8809766,4.338561,-0.002506181,0.9983528,0.05731779,0.1575565,-0.8823569,-0.02918016,0.4696753,4.60041
0.4341107,-0.04876219,0.8995388,4.794196,-0.003833407,0.9984249,0.05597259,0.1775272,-0.9008514,-0.0277466,0.43324,4.791823
0.4001985,-0.04738002,0.9152029,5.277728,-0.002459822,0.9986035,0.0527733,0.1987946,-0.9164252,-0.02337103,0.399523,4.974126
0.3705133,-0.04579345,0.9276976,5.789743,-0.0003407336,0.9987771,0.0494382,0.2220149,-0.9288271,-0.01863361,0.3700446,5.152037
0.3447498,-0.04391011,0.937667,6.329744,0.001047874,0.9989227,0.0463934,0.2453956,-0.938694,-0.01501156,0.3444245,5.330723
0.3239119,-0.04320487,0.9451002,6.895352,0.002240032,0.9989889,0.04490066,0.2686406,-0.9460846,-0.0124268,0.3236812,5.510973
0.3087526,-0.04375508,0.9501354,7.490216,0.003193237,0.9989833,0.04496694,0.2909019,-0.9511371,-0.01084965,0.3085784,5.692965
0.2971358,-0.04535063,0.9537576,8.109243,0.004506657,0.9989269,0.0460944,0.3131206,-0.9548246,-0.009398038,0.2970213,5.878028
0.2861734,-0.04734783,0.9570073,8.752695,0.003322596,0.9988214,0.04842303,0.3367873,-0.9581721,-0.01067764,0.2859935,6.068197
0.2755822,-0.04911161,0.9600221,9.421853,0.001669367,0.998717,0.05061191,0.3626882,-0.9612761,-0.01234511,0.2753106,6.260273
0.2654907,-0.05082935,0.9627726,10.11201,0.0009290294,0.9986223,0.05246585,0.3902645,-0.964113,-0.01303475,0.2651722,6.449695
0.2552866,-0.05276707,0.9654245,10.82597,-0.0001024058,0.9985081,0.05460241,0.4193165,-0.9668655,-0.01403813,0.2549003,6.636983
0.244707,-0.05444156,0.9680674,11.55971,-0.000243316,0.9984189,0.05620996,0.4514517,-0.9695971,-0.01399052,0.2443069,6.820541
0.2344779,-0.05557489,0.9705316,12.31146,-0.0002675058,0.9983608,0.05723309,0.486118,-0.9721215,-0.01367952,0.2340787,7.00076
0.2239597,-0.05876757,0.972825,13.08227,-0.001673765,0.9981557,0.06068311,0.5233622,-0.974597,-0.01521885,0.2234483,7.178249
0.2126916,-0.06187357,0.9751584,13.86203,-0.003499256,0.9979385,0.06408219,0.5631455,-0.9771131,-0.01704207,0.2120367,7.35029
0.2005651,-0.06644519,0.9774245,14.64994,-0.004535082,0.9976237,0.06874892,0.60349,-0.9796699,-0.01822133,0.1997872,7.512325
0.1876917,-0.0688522,0.9798118,15.44431,-0.005479795,0.9974512,0.07114144,0.6443426,-0.9822127,-0.01872182,0.186836,7.663696
0.1736602,-0.06949137,0.9823508,16.24124,-0.005967304,0.9974147,0.0716119,0.6849788,-0.9847876,-0.01829812,0.1727966,7.803818
0.1593308,-0.06850007,0.9848459,17.04599,-0.007306808,0.9974807,0.070561,0.7272439,-0.9871982,-0.01843862,0.1584289,7.933466
0.1429603,-0.06748327,0.9874251,17.85699,-0.007923195,0.9975628,0.06932325,0.7679911,-0.9896967,-0.01773403,0.1420772,8.048258
0.1227354,-0.06585881,0.9902518,18.67273,-0.01036799,0.9976561,0.06763631,0.8064539,-0.9923853,-0.01856829,0.1217649,8.147356
0.09757047,-0.06460911,0.9931292,19.49576,-0.01483434,0.9976852,0.06636292,0.8456493,-0.9951181,-0.02120748,0.09638618,8.22821
0.06770294,-0.06432262,0.9956299,20.32201,-0.01914779,0.997652,0.06575532,0.8850078,-0.9975218,-0.02351593,0.06631234,8.284769
0.03479944,-0.0638987,0.9973494,21.15627,-0.02241608,0.9976529,0.06470029,0.9232781,-0.9991429,-0.0246082,0.03328541,8.311045
0.00055469,-0.06357691,0.9979768,21.99272,-0.02432321,0.9976808,0.06357158,0.958563,-0.999704,-0.02430926,-0.000992993,8.306307
-0.03340201,-0.0624778,0.9974872,22.83006,-0.02520042,0.9977795,0.06165225,0.9929263,-0.9991243,-0.02307779,-0.03490231,8.271717
-0.06618836,-0.06032882,0.9959817,23.6683,-0.02699712,0.9979134,0.05865173,1.025646,-0.9974419,-0.02300657,-0.06767896,8.211107
-0.09850067,-0.05772373,0.9934614,24.50483,-0.02971433,0.9980417,0.05504372,1.05628,-0.9946933,-0.0240982,-0.100023,8.124873
-0.1309164,-0.05342831,0.9899527,25.33863,-0.02760771,0.998356,0.05023087,1.084175,-0.991009,-0.02075428,-0.1321762,8.006449
-0.1625338,-0.04777256,0.9855458,26.16891,-0.02228189,0.9987502,0.04473795,1.109162,-0.9864514,-0.0146884,-0.1633951,7.855574
-0.1929807,-0.04087264,0.9803509,26.99155,-0.0163938,0.9991268,0.03842835,1.128261,-0.9810656,-0.008655744,-0.1934823,7.679836
-0.2217761,-0.03548258,0.9744518,27.81161,-0.01032218,0.9993671,0.03404059,1.143099,-0.975043,-0.002509075,-0.222002,7.478533
-0.2497958,-0.02943698,0.967851,28.63097,-0.002214569,0.9995525,0.02982961,1.152061,-0.968296,0.005307937,-0.2497493,7.246691
-0.2760849,-0.02011543,0.9609227,29.43803,0.003834841,0.9997499,0.02203001,1.152695,-0.9611256,0.009767135,-0.2759387,6.997717
-0.3015542,-0.004619937,0.9534378,30.23007,0.008514457,0.9999353,0.007538199,1.146023,-0.9534111,0.01039118,-0.3014953,6.731675
-0.3263613,0.01306862,0.9451547,31.01165,0.009918866,0.9998967,-0.01040056,1.131823,-0.9451931,0.005980519,-0.3264572,6.452447
-0.35147,0.02863449,0.9357611,31.78304,0.009904458,0.9995899,-0.02686759,1.108614,-0.9361468,-0.0001749435,-0.3516094,6.157692
-0.3762472,0.03929353,0.9256857,32.55086,0.01331029,0.9992264,-0.0370052,1.070947,-0.9264237,-0.001601956,-0.3764792,5.836955
-0.3998266,0.04341498,0.915562,33.31009,0.01623309,0.9990563,-0.0402852,1.026378,-0.9164471,-0.001244695,-0.4001541,5.495463
-0.4223468,0.04311262,0.9054085,34.06148,0.01953336,0.9990692,-0.03846071,0.9790894,-0.9062239,0.001441909,-0.4227958,5.135804
-0.4426797,0.03912393,0.8958259,34.8041,0.02306832,0.9992139,-0.03223987,0.9319901,-0.8963831,0.006393259,-0.4432343,4.758144
-0.4606858,0.03664421,0.8868065,35.5321,0.02965531,0.999225,-0.02588393,0.8869767,-0.8870678,0.01437416,-0.4614155,4.363872
-0.4745911,0.03835757,0.8793702,36.24909,0.03368186,0.9991097,-0.02540263,0.8426907,-0.8795617,0.01756296,-0.4754606,3.963231
-0.4858028,0.04150123,0.8730826,36.95412,0.03666324,0.9989606,-0.02708449,0.80255,-0.8732992,0.01885231,-0.4868194,3.562206
-0.4957198,0.04472549,0.8673301,37.64822,0.03863947,0.99882,-0.02942176,0.7630243,-0.8676226,0.01892822,-0.496863,3.157985
-0.5063042,0.04474437,0.8611933,38.33941,0.03299499,0.9989269,-0.03250242,0.7189929,-0.8617235,0.01195895,-0.5072372,2.756405
-0.5178818,0.04212198,0.8544145,39.02884,0.03066636,0.9990591,-0.03066523,0.6757535,-0.8549024,0.01032081,-0.5186863,2.346023
-0.5266306,0.04415413,0.8489468,39.70737,0.0333146,0.998955,-0.03128996,0.634835,-0.8494412,0.01180406,-0.5275513,1.915654
-0.5337535,0.04751282,0.8443043,40.387,0.03698339,0.9987766,-0.03282548,0.5915961,-0.844831,0.01370451,-0.5348577,1.476584
-0.5377401,0.05089544,0.8415731,41.07846,0.03782421,0.9986276,-0.03622503,0.5487043,-0.8422618,0.01235218,-0.5389272,1.032647
-0.5375855,0.05280509,0.8415542,41.78415,0.03775591,0.9985436,-0.03853724,0.5077496,-0.8423635,0.01105657,-0.5387963,0.5810905
-0.5344232,0.05341072,0.8435278,42.50745,0.03972003,0.9984858,-0.0380575,0.4621972,-0.8442832,0.01316614,-0.5357355,0.1215434
-0.5288197,0.05163411,0.8471621,43.25224,0.03804206,0.9985866,-0.03711657,0.4157685,-0.8478812,0.01259982,-0.5300365,-0.3378365
-0.5220723,0.05058524,0.8513998,44.01652,0.03598416,0.9986571,-0.0372692,0.3696084,-0.8521418,0.01117969,-0.5231915,-0.7952287
-0.5150921,0.05001533,0.8556743,44.79847,0.03429061,0.9986993,-0.03773337,0.3229204,-0.8564487,0.009905426,-0.5161372,-1.255569
-0.5088807,0.04844952,0.8594725,45.59797,0.03153601,0.9987939,-0.03763126,0.2752422,-0.8602592,0.007954512,-0.5097949,-1.718077
-0.5044189,0.04647981,0.8622072,46.41671,0.02735822,0.9989091,-0.03784371,0.2251199,-0.8630256,0.004499376,-0.5051402,-2.182613
-0.5029009,0.04338914,0.8632543,47.25344,0.02275913,0.9990577,-0.03695629,0.1721279,-0.8640444,0.001061566,-0.5034145,-2.652713
-0.5033481,0.04071247,0.8631241,48.10244,0.01953136,0.9991702,-0.0357395,0.1191937,-0.863863,-0.001131428,-0.5037257,-3.13258
-0.5044132,0.03921978,0.8625712,48.96156,0.01799253,0.9992284,-0.03491174,0.06614438,-0.863275,-0.002090104,-0.5047297,-3.62261
-0.5048517,0.0386067,0.8623423,49.82913,0.01791862,0.9992528,-0.03424582,0.01543395,-0.8630201,-0.001837075,-0.5051663,-4.119797
-0.5050504,0.03780329,0.8622616,50.70986,0.01785762,0.9992841,-0.03335095,-0.03397462,-0.8629051,-0.001445966,-0.5053639,-4.626524
-0.5050733,0.03726614,0.8622715,51.60092,0.01804432,0.9993049,-0.03261913,-0.08461152,-0.8628878,-0.0009159473,-0.5053947,-5.138527
-0.5051532,0.0367508,0.8622469,52.4966,0.01772603,0.9993239,-0.03220842,-0.1359794,-0.8628477,-0.0009859714,-0.5054631,-5.654198
-0.5053926,0.0352101,0.8621708,53.39938,0.01608035,0.9993779,-0.03138742,-0.1889423,-0.8627397,-0.001998966,-0.5056444,-6.17036
-0.5053618,0.03420743,0.8622293,54.29898,0.01557393,0.9994127,-0.0305219,-0.2428121,-0.862767,-0.001996305,-0.5055978,-6.686856
-0.5048319,0.0335789,0.8625643,55.1975,0.0143819,0.9994316,-0.03048977,-0.2987033,-0.8630979,-0.002986898,-0.5050279,-7.201418
-0.5036775,0.03212028,0.8632944,56.09471,0.01388352,0.9994804,-0.02908717,-0.3531245,-0.8637802,-0.002664987,-0.5038618,-7.714224
-0.501636,0.02992057,0.8645612,56.99227,0.0143107,0.9995519,-0.02628895,-0.4067709,-0.8649605,-0.0008150146,-0.5018394,-8.225644
-0.4992242,0.02838957,0.8660076,57.88905,0.01463781,0.9995968,-0.02433071,-0.4587551,-0.8663492,0.0005299693,-0.4994385,-8.733355
-0.4969069,0.02798481,0.8673525,58.78294,0.01489235,0.9996077,-0.02372015,-0.5090484,-0.8676761,0.001130207,-0.4971287,-9.236703
-0.4947333,0.02852664,0.8685765,59.67603,0.01553885,0.9995917,-0.02397879,-0.5592501,-0.8689059,0.001633571,-0.4949746,-9.738335
-0.4938511,0.02886037,0.8690674,60.5683,0.01538354,0.9995826,-0.02445283,-0.6093983,-0.8694104,0.001293278,-0.4940889,-10.23718
-0.4943765,0.03022571,0.8687222,61.45389,0.01478575,0.9995431,-0.02636307,-0.6617839,-0.8691222,-0.0001885739,-0.4945975,-10.73111
-0.497217,0.03192219,0.8670388,62.33532,0.01346887,0.9994865,-0.02907467,-0.7144474,-0.8675217,-0.002778388,-0.4973916,-11.22461
-0.5016094,0.03254093,0.864482,63.20903,0.01236763,0.9994599,-0.03044557,-0.7673912,-0.8650059,-0.00458019,-0.5017409,-11.72056
-0.5070402,0.0313565,0.8613519,64.07973,0.01295155,0.9995024,-0.0287617,-0.8195839,-0.8618252,-0.003427495,-0.507194,-12.22485
-0.5125311,0.02874164,0.8581875,64.94007,0.01437747,0.9995868,-0.02489068,-0.8749911,-0.8585483,-0.0004186835,-0.5127325,-12.73747
-0.5177335,0.02656506,0.8551294,65.79473,0.01185191,0.9996446,-0.02387884,-0.9282033,-0.8554599,-0.002227959,-0.5178643,-13.24559
-0.5226363,0.02941155,0.8520482,66.6375,0.01399654,0.999566,-0.02591837,-0.9805354,-0.8524408,-0.001620158,-0.5228212,-13.75919
-0.5274222,0.03189323,0.8490045,67.47269,0.01432573,0.9994869,-0.0286467,-1.033058,-0.8494826,-0.002946299,-0.5276085,-14.27378
-0.5323119,0.03183277,0.8459496,68.30616,0.0126751,0.9994804,-0.02963431,-1.087156,-0.8464535,-0.005052202,-0.5324388,-14.78945
-0.5360908,0.03225966,0.8435437,69.13168,0.01171101,0.9994576,-0.03077968,-1.141061,-0.8440791,-0.006621957,-0.5361778,-15.30806
-0.5393463,0.03139766,0.8414985,69.95241,0.01242015,0.9994925,-0.02933216,-1.192211,-0.8419925,-0.00536865,-0.5394625,-15.83039
-0.5418385,0.02556549,0.8400937,70.77487,0.01359325,0.9996731,-0.02165448,-1.238526,-0.8403727,-0.0003136271,-0.5420089,-16.35928
-0.5439621,0.01656099,0.8389463,71.59496,0.01328968,0.9998498,-0.01112041,-1.282215,-0.8390046,0.005100239,-0.5441005,-16.88675
-0.5457263,0.01194765,0.8378783,72.40886,0.0126624,0.9999017,-0.00601075,-1.318045,-0.8378678,0.007329323,-0.545824,-17.41131
-0.5467919,0.01945582,0.8370425,73.20718,0.01388613,0.9998032,-0.01416795,-1.35273,-0.8371534,0.003876361,-0.5469545,-17.93042
-0.5478065,0.02543605,0.8362183,73.99928,0.01563674,0.9996744,-0.02016444,-1.391231,-0.8364589,0.002029515,-0.5480259,-18.45101
-0.5482496,0.03003017,0.8357754,74.79183,0.02118694,0.9995331,-0.02201599,-1.430026,-0.8360464,0.005637266,-0.5486298,-18.97578
-0.5479916,0.03041695,0.8359306,75.58518,0.02480583,0.99949,-0.02010701,-1.475622,-0.836116,0.009717477,-0.5484666,-19.50011
-0.5474528,0.02758302,0.8363819,76.3816,0.02401024,0.9995629,-0.0172487,-1.517748,-0.8364921,0.01063888,-0.5478757,-20.01769
-0.5467379,0.02340864,0.8369765,77.17766,0.0230623,0.9996509,-0.01289336,-1.553839,-0.8369861,0.01225331,-0.5470869,-20.53358
-0.5459641,0.01677805,0.8376405,77.9762,0.02007551,0.9997744,-0.006940643,-1.590768,-0.837568,0.01302671,-0.5461778,-21.04565
-0.5455092,0.01006165,0.8380444,78.77335,0.0116155,0.9999226,-0.004444298,-1.622926,-0.8380244,0.007309898,-0.5455839,-21.54511
-0.5440667,0.005812895,0.8390218,79.57091,0.004337534,0.9999821,-0.004115375,-1.647452,-0.8390308,0.001400245,-0.5440822,-22.04329
-0.542074,0.005488407,0.8403128,80.35975,0.006576327,0.9999757,-0.002288938,-1.672576,-0.8403051,0.004285396,-0.5420969,-22.55003
-0.5389628,0.00798906,0.8422917,81.14486,0.01078112,0.9999385,-0.002585744,-1.699977,-0.8422606,0.007687229,-0.5390158,-23.05551
-0.5339357,0.01250467,0.8454326,81.93166,0.01321294,0.9998919,-0.006444587,-1.723704,-0.8454219,0.007729654,-0.5340432,-23.55204
-0.5262425,0.01515726,0.8501994,82.7216,0.01899031,0.9998012,-0.006070036,-1.744715,-0.8501225,0.01295124,-0.5264258,-24.04556
-0.5181164,0.0168656,0.8551438,83.51715,0.02586392,0.9996573,-0.004045287,-1.770218,-0.854919,0.02002144,-0.5183751,-24.53507
-0.5083152,0.0172389,0.8609985,84.31881,0.02451954,0.999684,-0.005539851,-1.788533,-0.860822,0.01829529,-0.5085773,-25.0028
-0.4974733,0.0151648,0.8673467,85.13089,0.02234398,0.9997394,-0.004664016,-1.805753,-0.8671915,0.01705975,-0.4976825,-25.45724
-0.4858919,0.01153787,0.8739427,85.94484,0.02212486,0.9997548,-0.0008979555,-1.822552,-0.8737389,0.01889955,-0.486028,-25.90591
-0.474708,0.01005332,0.8800859,86.75945,0.02184015,0.9997614,0.0003599212,-1.839846,-0.8798723,0.01939206,-0.4748143,-26.33928
-0.462842,0.009424718,0.8863907,87.58352,0.02261341,0.9997436,0.001177951,-1.85177,-0.8861524,0.02058951,-0.4629364,-26.76347
-0.4508179,0.01059844,0.892553,88.40537,0.02496485,0.999688,0.0007388452,-1.869075,-0.8922668,0.02261553,-0.4509418,-27.17759
-0.4386412,0.01304329,0.8985676,89.23085,0.02421538,0.9997031,-0.002690457,-1.893883,-0.898336,0.02057901,-0.4388269,-27.57508
-0.4268339,0.0238663,0.904015,90.05203,0.02785083,0.9995244,-0.01323792,-1.91775,-0.9039011,0.01952717,-0.4272957,-27.96252
-0.4141655,0.02921613,0.9097326,90.88071,0.02820888,0.9994166,-0.01925396,-1.943851,-0.9097644,0.01768821,-0.414748,-28.33927
-0.4025051,0.0251772,0.9150714,91.72222,0.02639237,0.9995253,-0.01589187,-1.977509,-0.9150372,0.01775434,-0.4029785,-28.70201
-0.3905536,0.02123822,0.9203352,92.56728,0.02516643,0.9996065,-0.01238791,-2.01159,-0.9202362,0.01832341,-0.3909344,-29.05556
-0.3805729,0.02196923,0.9244899,93.40903,0.02221502,0.9996464,-0.01461026,-2.04625,-0.9244841,0.01497729,-0.3809264,-29.39508
-0.3733046,0.02566433,0.9273538,94.24877,0.01804085,0.999629,-0.02040224,-2.082058,-0.9275334,0.009113996,-0.3736291,-29.72193
-0.3683183,0.03118118,0.9291767,95.09156,0.01232014,0.9995133,-0.02865793,-2.119871,-0.9296181,0.0008923471,-0.3685233,-30.04218
-0.3647887,0.03303496,0.9305041,95.93682,0.009476799,0.9994503,-0.0317675,-2.16316,-0.9310421,-0.002770224,-0.3649012,-30.36357
-0.3610781,0.0326668,0.9319632,96.78367,0.007428916,0.9994553,-0.03215427,-2.209948,-0.932506,-0.004686727,-0.3611241,-30.6831
-0.3562009,0.03299304,0.9338267,97.62797,0.007842455,0.9994468,-0.03232003,-2.254489,-0.9343765,-0.004188933,-0.3562626,-30.99995
-0.3505397,0.02979465,0.9360738,98.47826,0.005777884,0.9995436,-0.02965117,-2.300639,-0.9365301,-0.004985387,-0.3505519,-31.31096
-0.3452582,0.02514112,0.9381709,99.33337,0.004706859,0.9996749,-0.02505714,-2.34789,-0.938496,-0.004235346,-0.3452643,-31.61656
-0.3394918,0.02250644,0.9403397,100.1848,0.003820552,0.9997384,-0.02254878,-2.394151,-0.9406013,-0.004062511,-0.339489,-31.91408
-0.3337775,0.02063786,0.9424259,101.0383,-0.003821443,0.9997224,-0.02324602,-2.436801,-0.9426442,-0.01136043,-0.333606,-32.19559
-0.3277148,0.02098731,0.9445436,101.8913,-0.01177247,0.9995849,-0.02629484,-2.479664,-0.9447034,-0.01973682,-0.3273317,-32.46899
-0.3209593,0.02394099,0.9467903,102.7387,-0.01075982,0.9995237,-0.02892199,-2.524306,-0.9470319,-0.01947007,-0.3205488,-32.74622
-0.3137758,0.0279427,0.9490858,103.5885,-0.007876338,0.9994559,-0.03202967,-2.567807,-0.9494645,-0.01752545,-0.313385,-33.02355
-0.3071515,0.02636724,0.9512953,104.4455,-0.008735291,0.9994958,-0.03052366,-2.610933,-0.9516206,-0.01768523,-0.3067663,-33.28918
-0.3003027,0.02118723,0.9536086,105.3065,-0.009618011,0.9996352,-0.02523868,-2.657199,-0.9537955,-0.01675106,-0.2999894,-33.55357
-0.2932163,0.01801806,0.9558763,106.1709,-0.01095002,0.9996935,-0.02220294,-2.704158,-0.9559835,-0.01697713,-0.2929291,-33.80988
-0.2867608,0.02111858,0.9577694,107.0286,-0.01249763,0.9995894,-0.02578256,-2.745462,-0.9579207,-0.01936328,-0.2863791,-34.05765
-0.2804609,0.02379786,0.9595704,107.8896,-0.01253753,0.9995165,-0.028453,-2.790316,-0.9597836,-0.02001059,-0.2800269,-34.29846
-0.273732,0.0254735,0.9614686,108.7523,-0.01377364,0.9994429,-0.03040099,-2.835895,-0.9617074,-0.02156465,-0.2732286,-34.53399
-0.2668961,0.0240113,0.9634261,109.6205,-0.01457336,0.9994747,-0.02894697,-2.88283,-0.9636151,-0.02176619,-0.266406,-34.76364
-0.2589284,0.02418283,0.9655937,110.487,-0.01125545,0.9995431,-0.02805129,-2.928512,-0.965831,-0.01813147,-0.2585379,-34.99323
-0.2511015,0.02499321,0.967638,111.3535,-0.007608843,0.9995847,-0.02779286,-2.97359,-0.9679309,-0.01434143,-0.2508071,-35.21847
-0.2444176,0.0253949,0.9693375,112.2223,-0.005921582,0.9995992,-0.02768083,-3.017837,-0.969652,-0.01250569,-0.2441693,-35.43239
-0.2378125,0.02455726,0.9710006,113.0945,-0.01164016,0.9995365,-0.02812981,-3.06272,-0.9712414,-0.01799222,-0.2374164,-35.63108
-0.2319982,0.02287074,0.9724473,113.9689,-0.01557129,0.9995081,-0.02722205,-3.10652,-0.9725916,-0.02145772,-0.2315279,-35.82432
-0.2272133,0.02240141,0.9735873,114.8418,-0.01347358,0.9995674,-0.02614362,-3.150123,-0.9737518,-0.01905788,-0.2268132,-36.02323
-0.2224437,0.02249694,0.9746859,115.7147,-0.01189422,0.9995967,-0.02578643,-3.193868,-0.974873,-0.01732916,-0.2220865,-36.21819
-0.2178083,0.02499013,0.9756716,116.5857,-0.01117689,0.9995427,-0.02809667,-3.239438,-0.9759276,-0.01702466,-0.2174294,-36.40785
-0.211926,0.02342173,0.977005,117.4624,-0.005456451,0.9996688,-0.02514864,-3.279199,-0.9772705,-0.01066063,-0.211728,-36.60169
-0.2065606,0.02222651,0.9781813,118.3368,0.001707797,0.9997486,-0.02235594,-3.318375,-0.9784323,-0.002947323,-0.2065467,-36.7945
-0.2015798,0.02103207,0.9792463,119.2101,0.004223693,0.9997788,-0.02060362,-3.361858,-0.979463,-1.723813E-05,-0.201624,-36.97484
-0.1973516,0.02314005,0.9800596,120.085,0.002787658,0.9997306,-0.02304316,-3.401094,-0.9803288,-0.001815536,-0.1973629,-37.14466
-0.1937151,0.02500661,0.9807391,120.9561,0.00145314,0.9996813,-0.02520258,-3.438516,-0.9810568,-0.003456971,-0.1936897,-37.31126
-0.1918428,0.02395892,0.9811332,121.8304,-0.001259154,0.9996951,-0.02465841,-3.481415,-0.9814249,-0.005965936,-0.1917541,-37.4746
-0.1909599,0.02259668,0.9813377,122.7039,-0.001834021,0.999725,-0.02337697,-3.521474,-0.9815962,-0.006263858,-0.1908659,-37.63878
-0.1897881,0.01940018,0.9816334,123.5754,0.0001819514,0.9998054,-0.01972415,-3.558368,-0.9818251,-0.003564802,-0.1897548,-37.80867
-0.1886932,0.01352981,0.9819429,124.4524,-0.0007890136,0.9999027,-0.0139289,-3.5961,-0.9820358,-0.003403055,-0.1886641,-37.97627
-0.1878979,0.01059726,0.9821314,125.3205,-0.00124133,0.9999384,-0.0110269,-3.63106,-0.9821878,-0.003291082,-0.1878732,-38.14146
-0.1864555,0.01582892,0.9823359,126.1781,-0.000743319,0.9998676,-0.01625252,-3.664261,-0.9824632,-0.003760562,-0.1864191,-38.30594
-0.1863838,0.02013241,0.9822707,127.0337,-0.0005057937,0.9997879,-0.02058742,-3.697685,-0.9824769,-0.004333989,-0.1863341,-38.46973
-0.1865559,0.0190435,0.9822597,127.8916,-0.003457152,0.9997932,-0.02004004,-3.731608,-0.9824383,-0.00713441,-0.1864515,-38.62938
-0.1859169,0.01858096,0.9823898,128.749,-0.005010791,0.9997902,-0.01985837,-3.773125,-0.9825527,-0.008614557,-0.1857848,-38.78916
-0.1854941,0.01781189,0.9824839,129.6019,-0.002315256,0.999825,-0.0185634,-3.812511,-0.9826427,-0.005718104,-0.1854204,-38.95463
-0.1844108,0.0210088,0.9826247,130.4485,-0.002083493,0.9997609,-0.02176619,-3.847217,-0.9828471,-0.006061214,-0.184323,-39.11538
-0.184721,0.02266165,0.9825297,131.2944,-0.01027674,0.9996349,-0.02498827,-3.890191,-0.9827373,-0.01471305,-0.1844207,-39.25481
-0.1845558,0.02340401,0.9825433,132.1343,-0.01690605,0.9994929,-0.0269833,-3.932338,-0.9826767,-0.02159085,-0.1840665,-39.39553
-0.1840457,0.0273146,0.9825381,132.9698,-0.01452944,0.999429,-0.03050578,-3.974607,-0.9828103,-0.01989018,-0.1835437,-39.54593
-0.1836688,0.0276597,0.9825989,133.8003,-0.01295262,0.9994491,-0.03055516,-4.018902,-0.9829029,-0.01833926,-0.1832094,-39.69762
-0.1819559,0.02942864,0.9828662,134.6231,-0.01360384,0.999381,-0.03244158,-4.063364,-0.9832126,-0.01927369,-0.181443,-39.84431
-0.1801141,0.02846824,0.9832337,135.4495,-0.006217937,0.9995282,-0.03007907,-4.105477,-0.9836261,-0.01153135,-0.1798521,-39.99979
-0.1765192,0.02590211,0.9839563,136.2673,-3.216046E-05,0.9996535,-0.02632111,-4.146973,-0.9842972,-0.004677825,-0.1764572,-40.15282
-0.1745228,0.0200347,0.9844493,137.0908,0.003831228,0.9997992,-0.01966789,-4.188573,-0.9846457,0.0003391515,-0.1745645,-40.30057
-0.1709157,0.01984713,0.9850857,137.9023,0.004990895,0.9998017,-0.01927769,-4.226372,-0.985273,0.001621597,-0.1709809,-40.4378
-0.1657101,0.02461578,0.9858672,138.7057,0.007087553,0.9996923,-0.02376967,-4.266655,-0.9861491,0.003048509,-0.1658336,-40.57118
-0.1595131,0.02741188,0.9868151,139.506,0.007560578,0.999619,-0.02654543,-4.303913,-0.9871669,0.003226546,-0.1596596,-40.69614
-0.1510622,0.02978881,0.9880753,140.3054,0.008529771,0.9995479,-0.02883062,-4.337506,-0.9884875,0.004072837,-0.151248,-40.81224
-0.1414671,0.02471475,0.9896344,141.1082,0.009549968,0.9996758,-0.02360038,-4.377901,-0.9898969,0.006112296,-0.1416573,-40.91861
-0.129592,0.02265996,0.9913084,141.9062,0.01329475,0.9996887,-0.02111353,-4.419464,-0.9914783,0.01044305,-0.1298529,-41.01862
-0.1158117,0.02562887,0.9929405,142.6964,0.01816665,0.9995545,-0.02368073,-4.456348,-0.9931051,0.01529589,-0.1162257,-41.10993
-0.1015031,0.02677699,0.9944748,143.4862,0.01785896,0.9995256,-0.02509018,-4.491871,-0.9946749,0.01521355,-0.1019332,-41.18413
-0.08754946,0.02669749,0.9958023,144.276,0.01966065,0.9994924,-0.0250679,-4.52788,-0.9959662,0.01738343,-0.08802991,-41.24845
-0.0737808,0.02871236,0.9968611,145.055,0.0208723,0.9994109,-0.02724099,-4.567642,-0.9970561,0.01879692,-0.07433664,-41.30354
-0.06007383,0.03396391,0.9976159,145.8274,0.01817545,0.9992925,-0.03292652,-4.612403,-0.9980285,0.01615409,-0.06064864,-41.34484
-0.04729335,0.04371848,0.9979238,146.5903,0.01185184,0.998996,-0.04320378,-4.657895,-0.9988108,0.009783979,-0.04776401,-41.36686
-0.03365131,0.05194575,0.9980828,147.3502,0.007775331,0.9986317,-0.05171219,-4.704613,-0.9994034,0.006020237,-0.03400917,-41.38182
-0.02002613,0.05368971,0.9983568,148.1169,0.007113446,0.9985394,-0.05355686,-4.754981,-0.9997742,0.006029218,-0.0203788,-41.39015
-0.008163869,0.04952903,0.9987393,148.8864,0.003500342,0.9987679,-0.04950185,-4.810016,-0.9999606,0.0030918,-0.008327181,-41.38452
0.002646406,0.04615038,0.998931,149.6472,-0.0009327185,0.9989342,-0.04614806,-4.866196,-0.9999961,-0.0008095969,0.002686629,-41.36492
0.0119239,0.052251,0.9985628,150.3945,-0.004532445,0.9986263,-0.05220021,-4.92257,-0.9999187,-0.003903502,0.01214434,-41.33785
0.0187844,0.06076957,0.997975,151.1367,-0.007115607,0.998134,-0.06064534,-4.975189,-0.9997983,-0.005962013,0.01918176,-41.30745
0.02218974,0.06436398,0.9976797,151.8836,-0.01067848,0.9978838,-0.06413966,-5.025972,-0.9996968,-0.009230458,0.02283008,-41.27171
0.02219372,0.06086016,0.9978995,152.6403,-0.0125648,0.9980835,-0.06059195,-5.085267,-0.9996748,-0.01119365,0.02291588,-41.24316
0.02045747,0.05497074,0.9982784,153.3945,-0.01520047,0.998389,-0.05466535,-5.150084,-0.9996752,-0.01405598,0.02126009,-41.21665
0.0175613,0.05215584,0.9984845,154.1484,-0.01364942,0.998558,-0.05191963,-5.204637,-0.9997526,-0.01271696,0.01824787,-41.19287
0.01481687,0.05255732,0.998508,154.8963,-0.01108381,0.9985649,-0.05239586,-5.253941,-0.9998288,-0.01029093,0.01537814,-41.17199
0.01124625,0.05286943,0.9985381,155.6412,-0.009789684,0.9985592,-0.0527603,-5.309298,-0.9998889,-0.009182017,0.01174762,-41.15767
0.006389337,0.05045509,0.9987059,156.3926,-0.01101256,0.9986692,-0.0503828,-5.366278,-0.999919,-0.01067639,0.006936472,-41.13867
0.001199615,0.05169393,0.9986622,157.1395,-0.01082611,0.9986051,-0.05167798,-5.416962,-0.9999407,-0.01074963,0.001757583,-41.12929
-0.004773199,0.04970055,0.9987527,157.8857,-0.01210913,0.998688,-0.04975521,-5.470893,-0.9999153,-0.01233152,-0.004165108,-41.12225
-0.01074993,0.04589409,0.9988885,158.6302,-0.01067932,0.9988839,-0.04600882,-5.52808,-0.9998852,-0.01116204,-0.01024781,-41.12149
-0.01593767,0.04683018,0.9987757,159.3643,-0.0106964,0.9988374,-0.04700378,-5.577823,-0.9998158,-0.01143244,-0.01541823,-41.12304
-0.02139593,0.04793854,0.9986211,160.0952,-0.01220626,0.9987628,-0.04820688,-5.628365,-0.9996966,-0.01322085,-0.02078431,-41.12638
-0.02558249,0.04989856,0.9984266,160.8215,-0.01305593,0.9986516,-0.05024435,-5.683305,-0.9995875,-0.01432077,-0.02489653,-41.13308
-0.02820504,0.05178909,0.9982597,161.5415,-0.01324531,0.9985499,-0.0521784,-5.738588,-0.9995144,-0.01469396,-0.02747818,-41.14341
-0.02992572,0.0538578,0.9981001,162.2559,-0.01048767,0.9984754,-0.05419251,-5.787286,-0.9994971,-0.01208949,-0.02931525,-41.1591
-0.0294026,0.05265598,0.9981797,162.9748,-0.00698832,0.9985763,-0.05288276,-5.840496,-0.9995433,-0.008530491,-0.02899277,-41.17304
-0.02561126,0.04858595,0.9984906,163.6911,-0.004532311,0.9988023,-0.04871738,-5.89541,-0.9996617,-0.005773185,-0.02536039,-41.18458
-0.01844503,0.04780467,0.9986864,164.3994,-0.0035095,0.998847,-0.04787719,-5.950404,-0.9998238,-0.004387988,-0.01825599,-41.18595
-0.007418425,0.0489551,0.9987734,165.0989,-0.0006486812,0.9988004,-0.04896126,-6.001598,-0.9999723,-0.001011103,-0.007377772,-41.18391
0.007121354,0.04909733,0.9987686,165.7946,0.002005095,0.9987912,-0.04911275,-6.048437,-0.9999727,0.002352372,0.007014299,-41.16984
0.02243953,0.04734927,0.9986263,166.4858,0.001627255,0.9988748,-0.04739763,-6.093238,-0.9997469,0.002688598,0.02233723,-41.13991
0.03841718,0.04215945,0.998372,167.1705,-0.003668784,0.9991088,-0.0420494,-6.137223,-0.9992551,-0.002047394,0.03853761,-41.09075
0.05491856,0.03570845,0.9978521,167.853,-0.004640811,0.9993586,-0.03550696,-6.181673,-0.9984801,-0.002680854,0.05504906,-41.03668
0.07192452,0.02868837,0.9969974,168.5301,-0.004992049,0.9995841,-0.02840267,-6.221562,-0.9973976,-0.002934213,0.07203782,-40.9753
0.08957989,0.02108529,0.9957564,169.2001,-0.005085528,0.9997725,-0.02071284,-6.257878,-0.9959667,-0.003208495,0.08966674,-40.90154
0.1069088,0.01506815,0.9941546,169.8614,-0.007268466,0.9998703,-0.01437315,-6.291791,-0.9942423,-0.005689364,0.1070044,-40.8143
0.124729,0.01224565,0.9921153,170.5106,-0.008080796,0.9999032,-0.01132586,-6.321698,-0.992158,-0.006604419,0.1248159,-40.71802
0.1428784,0.01125809,0.9896762,171.1577,-0.005929431,0.9999271,-0.01051867,-6.345942,-0.9897225,-0.004365327,0.1429347,-40.61474
0.160323,0.01051115,0.9870086,171.7857,-0.007327816,0.9999284,-0.009458462,-6.364809,-0.9870374,-0.005716209,0.1603886,-40.49872
0.176537,0.01027542,0.9842403,172.4136,-0.01141853,0.9998996,-0.00839084,-6.383917,-0.9842278,-0.00975728,0.1766366,-40.36841
0.190988,0.006265987,0.9815724,173.035,-0.01417264,0.999893,-0.003625324,-6.398487,-0.9814901,-0.01321907,0.1910563,-40.23437
0.2033735,0.002554637,0.9790979,173.6569,-0.01121446,0.9999371,-0.0002796009,-6.414475,-0.979037,-0.01092319,0.2033893,-40.10085
0.2143717,0.001172231,0.9767514,174.272,-0.008049952,0.9999674,0.0005666596,-6.429852,-0.976719,-0.007984279,0.2143741,-39.96162
0.2242966,0.004603043,0.9745101,174.8735,-0.01242665,0.999921,-0.001862913,-6.445461,-0.9744417,-0.01169205,0.224336,-39.80478
0.2330915,0.01127706,0.9723894,175.4661,-0.01734422,0.9998219,-0.007437628,-6.46203,-0.9723001,-0.01513168,0.2332456,-39.64344
0.2422731,0.02126941,0.9699749,176.0534,-0.01682542,0.9997014,-0.01771872,-6.47678,-0.9700622,-0.01202746,0.2425587,-39.48936
0.2507408,0.02761383,0.9676603,176.6443,-0.01156988,0.9996071,-0.0255275,-6.491511,-0.9679852,-0.004794929,0.2509618,-39.33728
0.2574235,0.02646994,0.9659361,177.2384,-0.0099837,0.9996442,-0.024733,-6.503706,-0.9662471,-0.003276763,0.2575962,-39.1767
0.2633123,0.01927849,0.964518,177.8409,-0.01299897,0.9997804,-0.01643461,-6.523425,-0.9646231,-0.008210305,0.2635051,-38.99819
0.2676021,0.008850193,0.9634888,178.4457,-0.01648521,0.9998535,-0.00460558,-6.542753,-0.9633885,-0.01465085,0.2677088,-38.81772
0.2697649,-0.000218128,0.9629262,179.0512,-0.01869834,0.9998102,0.005464843,-6.563672,-0.9627447,-0.01947935,0.2697096,-38.63782
0.2708099,-0.001355699,0.9626319,179.6497,-0.0146569,0.9998773,0.005531463,-6.577018,-0.9625213,-0.01560717,0.2707568,-38.46824
0.2721595,0.001350028,0.9622512,180.2453,-0.01118572,0.9999359,0.001760825,-6.587494,-0.9621872,-0.0112427,0.2721571,-38.2985
0.2737821,0.0006608061,0.9617915,180.8424,-0.007395574,0.9999716,0.001418172,-6.589823,-0.9617633,-0.007501271,0.2737792,-38.13009
0.2755044,-0.0005198351,0.9612997,181.4417,-0.009752904,0.9999468,0.003335872,-6.592495,-0.9612504,-0.01029451,0.2754847,-37.95387
0.2781485,-0.004482085,0.9605276,182.0434,-0.009572413,0.9999265,0.007437898,-6.599489,-0.9604904,-0.01126341,0.2780852,-37.77364
0.281282,-0.009933839,0.9595737,182.6545,-0.009451389,0.9998692,0.0131215,-6.610135,-0.9595786,-0.01276015,0.2811513,-37.58509
0.2854496,-0.0131917,0.9583029,183.2678,-0.008168759,0.9998354,0.01619665,-6.618163,-0.958359,-0.01245147,0.2852948,-37.39323
0.291585,-0.0148362,0.9564299,183.8831,-0.006154848,0.9998299,0.01738584,-6.622539,-0.9565252,-0.01095613,0.291444,-37.19587
0.2995581,-0.01794856,0.9539092,184.4992,-0.004142437,0.9997891,0.02011269,-6.624971,-0.9540691,-0.009976427,0.2994206,-36.9942
0.3090409,-0.02005231,0.9508373,185.1118,-0.00179404,0.9997636,0.02166722,-6.625315,-0.9510471,-0.008401897,0.3089318,-36.78729
0.3201495,-0.01842127,0.9471879,185.7206,-0.002834842,0.9997878,0.02040244,-6.626474,-0.9473628,-0.009216958,0.3200293,-36.56856
0.3316651,-0.01467498,0.943283,186.3264,-0.004382711,0.9998442,0.01709592,-6.629118,-0.943387,-0.009804256,0.3315492,-36.33625
0.3432085,-0.01111094,0.9391935,186.9372,-0.005265825,0.9998915,0.0137533,-6.630873,-0.9392445,-0.009665878,0.3431128,-36.09759
0.3549344,-0.01035464,0.9348339,187.5555,-0.004155489,0.9999113,0.01265321,-6.636302,-0.934882,-0.008375752,0.3548599,-35.84729
0.366326,-0.01341959,0.9303898,188.1796,-0.002982954,0.9998739,0.0155963,-6.641727,-0.9304818,-0.00848864,0.3662398,-35.58666
0.3773306,-0.01499536,0.9259572,188.7952,-0.004478456,0.9998276,0.01801664,-6.647005,-0.9260678,-0.01094509,0.3771984,-35.31167
0.3887283,-0.01568235,0.921219,189.4089,-0.005481008,0.9997981,0.01933287,-6.647317,-0.9213362,-0.01256444,0.3885638,-35.03211
0.398348,-0.0170423,0.917076,190.0333,-0.009711319,0.9996929,0.02279587,-6.646563,-0.917183,-0.01798671,0.3980602,-34.74499
0.4055952,-0.01546073,0.913922,190.6582,-0.01296926,0.9996589,0.02266684,-6.645353,-0.9139608,-0.02104645,0.4052563,-34.45351
0.4100166,-0.01801138,0.9119002,191.2983,-0.01376782,0.9995688,0.02593337,-6.646441,-0.9119742,-0.02318799,0.4095918,-34.15828
0.4125364,-0.02260343,0.9106606,191.9509,-0.01115059,0.9994919,0.02985961,-6.64243,-0.9108729,-0.02247258,0.4120748,-33.86698
0.4128004,-0.02084626,0.9105829,192.5985,-0.0068345,0.999639,0.02598338,-6.636461,-0.9107959,-0.01694933,0.4125089,-33.57701
0.4116063,-0.02110116,0.9111174,193.2543,-0.005652744,0.9996536,0.02570531,-6.629339,-0.9113443,-0.01573078,0.4113444,-33.28043
0.4108463,-0.01998333,0.9114856,193.9224,-0.00213846,0.9997359,0.02288202,-6.624605,-0.9117021,-0.01135017,0.4106951,-32.98431
0.4106521,-0.02116231,0.9115465,194.6076,0.001910107,0.9997484,0.02234948,-6.620022,-0.9117901,-0.007436712,0.4105892,-32.68987
0.4099903,-0.02768885,0.9116695,195.2935,0.00515607,0.9995935,0.02804049,-6.613679,-0.9120753,-0.006795698,0.4099664,-32.39218
0.4089264,-0.03061864,0.9120535,195.9819,0.005803287,0.999504,0.0309525,-6.607632,-0.9125489,-0.007364387,0.4089013,-32.09196
0.407312,-0.03308073,0.9126897,196.6689,0.005723554,0.9994166,0.03366989,-6.601884,-0.9132712,-0.008490324,0.4072638,-31.78881
0.4059481,-0.03360882,0.9132779,197.3577,0.005665259,0.9993969,0.03425984,-6.590085,-0.9138786,-0.00873376,0.4058937,-31.4845
0.40401,-0.03358043,0.914138,198.0447,0.004209339,0.9993836,0.03485154,-6.577998,-0.9147449,-0.01023246,0.4039023,-31.17947
0.402282,-0.03283317,0.9149269,198.7286,0.003350705,0.9994028,0.03439143,-6.568027,-0.9155097,-0.0107694,0.4021517,-30.8781
0.40103,-0.02985148,0.9155784,199.4136,0.003828128,0.9995148,0.03091139,-6.558335,-0.916057,-0.008891445,0.4009497,-30.57849
0.4002981,-0.02379988,0.9160759,200.0964,0.004663276,0.9997026,0.02393481,-6.544179,-0.9163732,-0.005309144,0.40029,-30.28273
0.3993286,-0.01998389,0.91659,200.7784,0.002298429,0.9997811,0.02079631,-6.530959,-0.916805,-0.006197846,0.3992871,-29.98209
0.3978412,-0.02255812,0.9171769,201.4645,0.0009054686,0.9997068,0.0241952,-6.520036,-0.9174539,-0.008795372,0.397745,-29.67879
0.3967251,-0.02587147,0.9175728,202.149,-0.0011667,0.9995877,0.02868837,-6.508843,-0.9179368,-0.01245193,0.3965313,-29.37762
0.3943686,-0.0258924,0.9185875,202.8328,-0.004853155,0.9995303,0.03025751,-6.500732,-0.9189396,-0.01639066,0.3940577,-29.07468
0.3896662,-0.02534916,0.9206072,203.5186,-0.007896098,0.9994924,0.03086348,-6.489796,-0.9209224,-0.01929566,0.3892682,-28.7761
0.3833293,-0.02641,0.9232341,204.2052,-0.007201342,0.9994752,0.03158097,-6.476282,-0.9235837,-0.01875443,0.382938,-28.49044
0.3746191,-0.0268342,0.9267904,204.8965,-0.007432096,0.9994621,0.03194247,-6.466747,-0.9271491,-0.01885425,0.3742181,-28.21234
0.3647463,-0.02635402,0.9307339,205.5855,-0.005491692,0.9995211,0.0304539,-6.460876,-0.9310908,-0.01621925,0.3644269,-27.94682
0.3542582,-0.023168,0.9348606,206.2804,-0.005509685,0.999624,0.02686084,-6.457291,-0.9351314,-0.01466646,0.3539974,-27.68336
0.3427197,-0.02215805,0.9391763,206.9776,-0.008461807,0.9996084,0.02667167,-6.45162,-0.9393996,-0.01708803,0.342398,-27.42532
0.3317271,-0.03012798,0.9428942,207.6847,-0.004646319,0.9994256,0.03356897,-6.442866,-0.943364,-0.01551672,0.3313966,-27.18172
0.3230834,-0.03965624,0.9455392,208.3951,0.000499293,0.9991286,0.0417332,-6.431564,-0.9463704,-0.0130112,0.3228217,-26.9494
0.3158376,-0.0452075,0.9477357,209.0997,0.001448764,0.9988861,0.0471646,-6.412693,-0.9488122,-0.01352331,0.3155513,-26.71654
0.3111929,-0.04623932,0.9492212,209.804,-0.004290689,0.9987371,0.05005805,-6.390837,-0.9503371,-0.01965052,0.3106015,-26.47707
0.3087288,-0.04828838,0.9499235,210.5114,-0.003849933,0.9986388,0.05201602,-6.368113,-0.9511423,-0.01971599,0.3081227,-26.24826
0.3070539,-0.04906204,0.9504266,211.2267,-0.00265433,0.9986222,0.05240749,-6.344077,-0.9516885,-0.01861467,0.3065006,-26.01616
0.3060417,-0.04754023,0.9508304,211.9378,-0.002550289,0.9987079,0.05075491,-6.316282,-0.9520147,-0.01795801,0.3055251,-25.78235
0.3056395,-0.04495687,0.9510854,212.6531,-0.005827151,0.9987776,0.04908385,-6.288388,-0.9521295,-0.02054408,0.3050039,-25.54273
0.3060927,-0.0459401,0.9508926,213.3746,-0.006699474,0.9987063,0.05040668,-6.266484,-0.9519782,-0.02179959,0.305389,-25.30655
0.3078653,-0.04698159,0.9502693,214.0992,-0.007345132,0.9986329,0.05175237,-6.250693,-0.9514016,-0.02291261,0.3070993,-25.07414
0.3092072,-0.04879533,0.949742,214.826,-0.005912039,0.9985648,0.05322851,-6.23395,-0.9509764,-0.02207354,0.3084749,-24.84157
0.3107108,-0.0498475,0.9491965,215.5565,-0.002315998,0.9985812,0.05319909,-6.215613,-0.9505017,-0.01872787,0.3101545,-24.61008
0.3137378,-0.05111714,0.9481327,216.292,-0.001125066,0.9985291,0.05420648,-6.192151,-0.949509,-0.01807333,0.3132188,-24.36727
0.3180156,-0.0528612,0.9466107,217.0259,-0.001996011,0.9984049,0.0564241,-6.170889,-0.9480834,-0.01983319,0.3174028,-24.11545
0.3230288,-0.05689908,0.9446771,217.7641,-0.004223889,0.9980944,0.06156082,-6.141465,-0.9463797,-0.02387613,0.3221729,-23.85283
0.3282599,-0.06053182,0.9426459,218.4996,-0.004871244,0.9978228,0.06577132,-6.107629,-0.9445749,-0.02618194,0.3272503,-23.58866
0.3327024,-0.06076179,0.9410723,219.2373,-0.005425419,0.9977822,0.06634144,-6.076588,-0.9430163,-0.02717766,0.3316349,-23.31785
0.3371821,-0.05710597,0.9397059,219.973,-0.01173154,0.9978262,0.06484743,-6.048783,-0.9413664,-0.03288959,0.3357792,-23.03739
0.3418597,-0.05038622,0.9383993,220.7081,-0.01520605,0.9981343,0.05913321,-6.01095,-0.939628,-0.0344846,0.3404557,-22.75294
0.3464712,-0.04688015,0.9368884,221.4455,-0.01903753,0.9981933,0.05698802,-5.97857,-0.9378674,-0.03758074,0.3449528,-22.46604
0.3510153,-0.04710914,0.9351839,222.1872,-0.02139032,0.9980696,0.05830568,-5.953439,-0.9361254,-0.04047007,0.34933,-22.17504
0.3550355,-0.04539201,0.9337501,222.9246,-0.0233981,0.9980761,0.05741562,-5.925935,-0.93456,-0.04223256,0.3532904,-21.88097
0.3590748,-0.04244954,0.9323429,223.6673,-0.02359062,0.9982331,0.05453502,-5.900824,-0.9330106,-0.0415767,0.3574389,-21.58401
0.3636809,-0.04191318,0.9305802,224.411,-0.02353902,0.9982547,0.05416054,-5.878524,-0.9312262,-0.0416021,0.3620596,-21.28566
0.3682591,-0.04356725,0.9287018,225.1519,-0.02357618,0.9981426,0.05617355,-5.852608,-0.9294243,-0.04258166,0.366548,-20.98574
0.3725662,-0.04408715,0.9269578,225.8876,-0.02003802,0.9982558,0.05553192,-5.821468,-0.9277893,-0.03926371,0.371033,-20.6876
0.3768692,-0.04400715,0.9252205,226.6172,-0.01680582,0.9983814,0.05433248,-5.786416,-0.9261141,-0.03602532,0.3755196,-20.38914
0.3810629,-0.04139743,0.9236218,227.3444,-0.01705246,0.9985124,0.0517895,-5.748608,-0.9243919,-0.03548508,0.3797901,-20.08115
0.3853593,-0.04194035,0.921813,228.072,-0.02167999,0.9982793,0.05448261,-5.713135,-0.9225119,-0.04098027,0.383787,-19.76164
0.3900093,-0.04235278,0.9198364,228.7943,-0.0248567,0.9980934,0.05649524,-5.670054,-0.9204754,-0.04489775,0.3882129,-19.44196
0.3940139,-0.04017104,0.9182262,229.5083,-0.02259501,0.9983191,0.05337059,-5.635042,-0.9188267,-0.04177608,0.392444,-19.1299
0.3980192,-0.03372531,0.9167569,230.2202,-0.02120418,0.9987188,0.04594651,-5.598456,-0.917132,-0.03772667,0.3967942,-18.81336
0.401292,-0.0270631,0.9155503,230.9318,-0.02680599,0.9987882,0.04127281,-5.563405,-0.9155579,-0.04110468,0.4000803,-18.48487
0.4043258,-0.02712394,0.9142127,231.6515,-0.03360268,0.9984448,0.04448438,-5.531661,-0.9139976,-0.04870618,0.4027855,-18.14959
0.4070088,-0.0371735,0.9126675,232.3801,-0.03365391,0.9978828,0.05565252,-5.500836,-0.9128041,-0.05336589,0.4048961,-17.81958
0.4088937,-0.04922212,0.9112536,233.1128,-0.02952598,0.997308,0.0671192,-5.462204,-0.9121043,-0.05435027,0.4063396,-17.49136
0.4105196,-0.05744662,0.9100404,233.8426,-0.03020588,0.9966091,0.0765372,-5.421735,-0.9113514,-0.05890858,0.4073923,-17.15509
0.4126278,-0.06019533,0.9089086,234.5679,-0.03229844,0.9962198,0.08064069,-5.383327,-0.910327,-0.06263091,0.4091237,-16.81799
0.4153935,-0.05591546,0.9079216,235.2837,-0.03137485,0.9966343,0.07573362,-5.338707,-0.9091006,-0.05994514,0.4122411,-16.48612
0.4195373,-0.04978536,0.9063718,235.9993,-0.02995997,0.9971914,0.06864166,-5.291877,-0.9072436,-0.0559526,0.4168674,-16.15219
0.4237905,-0.04537694,0.9046229,236.713,-0.02966153,0.9975133,0.06393204,-5.248129,-0.9052745,-0.05392628,0.4213907,-15.80991
0.427968,-0.04341347,0.9027506,237.4264,-0.0281272,0.997722,0.06131496,-5.210063,-0.9033562,-0.05163268,0.425772,-15.46516
0.4320457,-0.04109249,0.900915,238.1367,-0.02748834,0.9978972,0.05869844,-5.166998,-0.9014327,-0.05012507,0.4300077,-15.11758
0.4359106,-0.04248065,0.8989868,238.8518,-0.02558671,0.9978966,0.05956129,-5.126556,-0.8996262,-0.0489655,0.4339068,-14.76521
0.4393196,-0.04734676,0.8970822,239.5718,-0.02499979,0.997579,0.06489375,-5.089701,-0.8979829,-0.05093596,0.4370724,-14.40661
0.4422831,-0.05300698,0.8953077,240.2931,-0.0228528,0.9972618,0.07033252,-5.054711,-0.8965844,-0.05156716,0.4398606,-14.04673
0.4447832,-0.05855616,0.893722,241.017,-0.02093866,0.9969079,0.07573751,-5.014917,-0.8953935,-0.05240011,0.4421819,-13.68347
0.4467101,-0.06400536,0.8923863,241.7404,-0.01891004,0.9965394,0.08094161,-4.967915,-0.8944789,-0.05303249,0.4439539,-13.31751
0.4482185,-0.07073476,0.8911211,242.4684,-0.0173821,0.9959863,0.08780159,-4.919889,-0.8937551,-0.05484384,0.44519,-12.94865
0.4499426,-0.07212526,0.8901402,243.1894,-0.01735029,0.9958393,0.08945985,-4.866153,-0.892889,-0.05569598,0.4468191,-12.57871
0.4517406,-0.06156375,0.8900226,243.8927,-0.02573646,0.9963018,0.08197801,-4.820597,-0.891778,-0.05993882,0.4484856,-12.20269
0.4526185,-0.04821999,0.8903995,244.598,-0.02810887,0.997269,0.06829619,-4.768203,-0.8912612,-0.05594024,0.450027,-11.83273
0.4534854,-0.03867468,0.8904242,245.3039,-0.0278157,0.9979572,0.05751158,-4.715412,-0.8908296,-0.05084842,0.4514833,-11.46869
0.4534387,-0.04106321,0.890341,246.0241,-0.02764379,0.9978096,0.06009836,-4.666974,-0.8908587,-0.05186331,0.4513104,-11.09793
0.4536502,-0.04714908,0.8899317,246.7476,-0.02886671,0.997298,0.06755246,-4.628331,-0.8907122,-0.05633458,0.4510634,-10.72107
0.4550436,-0.04892877,0.8891239,247.4682,-0.02710753,0.9972653,0.06875317,-4.585009,-0.8900565,-0.05538763,0.4524729,-10.34967
0.4560439,-0.04876126,0.8886204,248.1891,-0.02402686,0.9974593,0.06706427,-4.542905,-0.8896329,-0.05193501,0.4537137,-9.979828
0.4574115,-0.05023619,0.887835,248.9165,-0.01948473,0.9975971,0.06648535,-4.506301,-0.8890417,-0.04771038,0.4553336,-9.608053
0.4588987,-0.05508335,0.8867795,249.6451,-0.01905426,0.9972367,0.07180491,-4.465693,-0.8882843,-0.0498481,0.456581,-9.231011
0.4599218,-0.05783246,0.8860741,250.3674,-0.02092992,0.9968935,0.07592925,-4.419715,-0.8877127,-0.05346697,0.4572827,-8.851415
0.4609865,-0.05645078,0.8856098,251.0879,-0.02218522,0.9969296,0.07509463,-4.37133,-0.8871298,-0.05426505,0.4583187,-8.470395
0.4621717,-0.05341419,0.8851803,251.8063,-0.02111488,0.9972385,0.07120063,-4.325524,-0.8865391,-0.05159738,0.4597676,-8.090111
0.4637157,-0.05100456,0.8845147,252.5224,-0.02060139,0.9974509,0.06831739,-4.275557,-0.8857446,-0.04990207,0.4614828,-7.707069
0.4655263,-0.05392137,0.8833899,253.2425,-0.01732092,0.997396,0.07000795,-4.220724,-0.8848646,-0.04789166,0.4633801,-7.32554
0.4689183,-0.0572111,0.8813867,253.9607,-0.01701176,0.9971298,0.07377469,-4.161421,-0.8830777,-0.04958824,0.4665992,-6.93893
0.4725341,-0.05907706,0.8793301,254.6779,-0.01650001,0.9969828,0.07584824,-4.110352,-0.8811579,-0.05034983,0.4701336,-6.545579
0.476747,-0.05969675,0.8770112,255.3919,-0.01410328,0.9970435,0.07553377,-4.048806,-0.8789275,-0.04837922,0.4744955,-6.152612
0.4809341,-0.05780977,0.8748488,256.1011,-0.01468864,0.9971525,0.07396642,-3.990384,-0.8766337,-0.04842331,0.4787155,-5.755645
0.4849795,-0.05356906,0.8728833,256.8048,-0.01933875,0.9972211,0.07194445,-3.930085,-0.8743117,-0.05177205,0.4825959,-5.350577
0.4900523,-0.04913208,0.8703073,257.5076,-0.01885016,0.9975795,0.06693121,-3.878397,-0.8714892,-0.04920521,0.48794,-4.948904
0.4972845,-0.04888727,0.8662091,258.215,-0.01424027,0.9978167,0.06449021,-3.826391,-0.8674707,-0.04440502,0.4955026,-4.543629
0.5057966,-0.04954606,0.8612287,258.9184,-0.00993548,0.9979485,0.06324655,-3.77989,-0.8625956,-0.04054661,0.5042667,-4.128435
0.5156445,-0.05274343,0.8551777,259.6187,-0.004228533,0.9979346,0.06409771,-3.733326,-0.8567922,-0.03666777,0.5143565,-3.705256
0.5281311,-0.05326178,0.8474908,260.3076,-0.001022012,0.9979904,0.06335705,-3.683134,-0.8491622,-0.03432697,0.5270154,-3.272954
0.5412294,-0.05432145,0.8391185,260.9917,-0.001111302,0.9978641,0.06531485,-3.633918,-0.8408743,-0.03628282,0.540013,-2.820165
0.5542154,-0.05854683,0.8303117,261.6731,0.0009746011,0.9975682,0.06968988,-3.580981,-0.8323728,-0.03781397,0.5529247,-2.357593
0.566848,-0.0614719,0.8215257,262.3444,-0.0002856384,0.9971974,0.0748139,-3.531769,-0.8238224,-0.04264277,0.5652419,-1.883065
0.5776212,-0.05889584,0.8141775,263.0049,-0.00437099,0.9971564,0.07523316,-3.480155,-0.8162933,-0.04701503,0.5757212,-1.397703
0.5864564,-0.05321575,0.8082308,263.6556,-0.009523181,0.9973174,0.07257573,-3.427591,-0.8099248,-0.05025942,0.5843764,-0.9077904
0.5926812,-0.04779757,0.8040176,264.3027,-0.01453795,0.9974401,0.07001289,-3.373096,-0.8053059,-0.05318408,0.5904692,-0.4142628
0.5946556,-0.04407459,0.8027716,264.9518,-0.02023195,0.9973596,0.06974496,-3.320578,-0.803726,-0.05771585,0.5921938,0.08421701
0.592234,-0.0377808,0.8048798,265.6004,-0.02829378,0.997309,0.06763205,-3.277874,-0.8052691,-0.06282708,0.5895714,0.581562
0.5853289,-0.03061825,0.8102176,266.2521,-0.0362846,0.9972964,0.06390123,-3.231419,-0.8099837,-0.06680165,0.5826354,1.068534
0.5761849,-0.02499829,0.816937,266.9119,-0.03996739,0.9974746,0.0587117,-3.186902,-0.8163416,-0.06647963,0.5737307,1.539702
0.5656359,-0.02598869,0.8242455,267.583,-0.03503006,0.9978439,0.05550157,-3.138958,-0.8239108,-0.06026704,0.5635059,1.995215
0.5558069,-0.0300014,0.8307699,268.2659,-0.03320856,0.9977496,0.05824891,-3.095292,-0.8306479,-0.05996381,0.5535598,2.447327
0.5459804,-0.02916667,0.8372901,268.9438,-0.03771547,0.997525,0.05934191,-3.057266,-0.8369486,-0.06397831,0.5435291,2.900508
0.5365247,-0.03174459,0.8432873,269.6322,-0.03595926,0.9975245,0.06042904,-3.014796,-0.8431181,-0.06274565,0.5340551,3.337088
0.5283477,-0.03237317,0.8484107,270.3249,-0.03129404,0.9978512,0.0575638,-2.97191,-0.8484512,-0.05696389,0.5261993,3.759467
0.5194005,-0.03215099,0.8539259,271.0177,-0.02861656,0.998077,0.05498443,-2.933541,-0.8540517,-0.05299536,0.5174817,4.1802
0.5119463,-0.03011495,0.8584894,271.7172,-0.0313723,0.9980631,0.05371943,-2.897192,-0.8584444,-0.05443424,0.51001,4.604376
0.5054989,-0.03047835,0.8622887,272.4197,-0.03372885,0.997914,0.05504499,-2.857745,-0.8621678,-0.05690918,0.5034165,5.02229
0.5003166,-0.03376182,0.865184,273.1286,-0.03707283,0.9974878,0.06036306,-2.814492,-0.8650485,-0.06227546,0.4978081,5.441538
0.4952874,-0.03802937,0.8678964,273.8426,-0.03878304,0.9970774,0.06582235,-2.772449,-0.8678631,-0.06626063,0.492365,5.855792
0.491135,-0.04299079,0.870022,274.5609,-0.03858977,0.996727,0.071036,-2.721918,-0.8702283,-0.0684622,0.4878685,6.266911
0.4882423,-0.03974586,0.8718026,275.2745,-0.04200052,0.9967346,0.06896345,-2.673153,-0.8716969,-0.07028702,0.4849786,6.675117
0.4856588,-0.02973,0.8736427,275.9847,-0.04794738,0.9970109,0.06058221,-2.628431,-0.8728325,-0.07131115,0.4827817,7.082604
0.4839855,-0.01764901,0.874898,276.6939,-0.04997074,0.9976077,0.04776775,-2.585559,-0.8736481,-0.06683819,0.4819458,7.483336
0.4825352,-0.01147005,0.8758014,277.4117,-0.04926215,0.9979761,0.04021181,-2.538301,-0.8744902,-0.06254747,0.4809936,7.884799
0.4811582,-0.01025984,0.8765737,278.1377,-0.05117819,0.9978973,0.03977198,-2.495085,-0.8751386,-0.06399806,0.4796214,8.291747
0.4801612,-0.01374213,0.8770726,278.8724,-0.05340214,0.9975647,0.0448655,-2.463622,-0.8755533,-0.06838022,0.478258,8.703796
0.4801214,-0.01650999,0.8770467,279.6088,-0.05127989,0.9975847,0.0468512,-2.427851,-0.8757019,-0.06746911,0.4781152,9.109342
0.4809437,-0.01991722,0.8765252,280.3533,-0.04751332,0.9976807,0.04874048,-2.39297,-0.8754631,-0.06508803,0.4788819,9.516225
0.4826335,-0.0226767,0.8755288,281.0976,-0.04698729,0.9975546,0.0517389,-2.361052,-0.8745611,-0.06610964,0.4803878,9.935075
0.4860385,-0.02433594,0.8735985,281.8429,-0.04604933,0.9975104,0.05340795,-2.32755,-0.8727234,-0.06618694,0.4837078,10.35908
0.4902128,-0.02375205,0.8712791,282.5899,-0.04556144,0.9975636,0.05282921,-2.29319,-0.8704112,-0.06559428,0.4879363,10.7858
0.4939955,-0.0238745,0.8691366,283.3375,-0.04600043,0.9975052,0.05354618,-2.259848,-0.8682468,-0.06643221,0.4916649,11.21977
0.4975029,-0.02202353,0.8671827,284.0848,-0.04963709,0.9973169,0.05380531,-2.234216,-0.866041,-0.06981272,0.4950749,11.66325
0.5016344,-0.01975805,0.864854,284.8272,-0.05059172,0.997358,0.05212948,-2.201768,-0.8635991,-0.06990438,0.4993095,12.10499
0.5060664,-0.01857207,0.8622945,285.5784,-0.04547997,0.9978026,0.04818208,-2.174731,-0.8612946,-0.06360045,0.5041098,12.54485
0.5112701,-0.01607064,0.8592698,286.3278,-0.0431666,0.9980829,0.04435118,-2.157485,-0.8583353,-0.05976718,0.5095963,12.98766
0.5177701,-0.01455636,0.855396,287.0798,-0.04148707,0.9982517,0.04209942,-2.141208,-0.8545133,-0.05728569,0.516261,13.44201
0.5254471,-0.01602518,0.8506753,287.8316,-0.0414256,0.9981549,0.04439129,-2.116997,-0.8498172,-0.058565,0.5238138,13.91153
0.5323699,-0.01889835,0.8463008,288.581,-0.04451026,0.9977428,0.05027955,-2.092276,-0.8453408,-0.06443638,0.5303271,14.3951
0.5392974,-0.02270148,0.8418093,289.3351,-0.04694475,0.9972716,0.05696863,-2.064174,-0.8408059,-0.07024155,0.5367603,14.88867
0.5463262,-0.02671994,0.8371462,290.0887,-0.05024852,0.9966451,0.06460327,-2.028438,-0.8360639,-0.0773598,0.5431507,15.39635
0.5532461,-0.02825027,0.8325387,290.8382,-0.05175452,0.9963283,0.06820047,-1.994986,-0.8314086,-0.08081927,0.5497526,15.90519
0.5608227,-0.02588634,0.8275312,291.5808,-0.05138581,0.9964958,0.06599626,-1.953998,-0.8263398,-0.07953554,0.5575273,16.41665
0.5683204,-0.02044952,0.8225532,292.3119,-0.04939916,0.9970398,0.05891843,-1.909983,-0.8213231,-0.07411797,0.5656279,16.93296
0.5758419,-0.01320909,0.8174543,293.0391,-0.0489302,0.9975203,0.0505868,-1.864125,-0.8160956,-0.06912819,0.5737677,17.44383
0.5826618,-0.01010083,0.8126519,293.7666,-0.04424486,0.9980456,0.04412822,-1.824438,-0.8115095,-0.06166749,0.5810762,17.95966
0.5895851,-0.009109082,0.8076549,294.4939,-0.03839154,0.9984901,0.03928709,-1.789217,-0.8067934,-0.05417019,0.5883452,18.48161
0.596129,-0.01514967,0.8027457,295.2267,-0.03015847,0.9986938,0.04124373,-1.755458,-0.8023221,-0.04879616,0.5948935,19.01274
0.6036051,-0.0215269,0.7969928,295.976,-0.02500545,0.9986325,0.04591118,-1.733893,-0.7968912,-0.04764138,0.6022414,19.54372
0.6109151,-0.0300172,0.7911269,296.7209,-0.02065474,0.9983365,0.05382899,-1.707063,-0.7914267,-0.04922546,0.6092788,20.09092
0.6180611,-0.03454457,0.7853707,297.4645,-0.01769378,0.9981697,0.05782898,-1.676369,-0.7859309,-0.04963802,0.6163187,20.6419
0.6243285,-0.03673856,0.7802975,298.1922,-0.01761822,0.9979771,0.06108415,-1.635982,-0.7809632,-0.05188402,0.6224183,21.21228
0.6308958,-0.03437648,0.7751056,298.9783,-0.02164473,0.9978493,0.06187302,-1.657067,-0.7755656,-0.05581237,0.6287949,21.80486
0.6369531,-0.0326216,0.770212,299.7788,-0.02645524,0.9975908,0.06413008,-1.693639,-0.7704485,-0.06122398,0.6345556,22.41695
0.6413484,-0.03540776,0.7664323,300.5852,-0.02347258,0.9975615,0.06572729,-1.732539,-0.7668907,-0.06014422,0.6389533,23.02434
0.6456476,-0.03398362,0.7628789,301.361,-0.02437635,0.9975829,0.06506933,-1.74705,-0.7632464,-0.06060805,0.6432587,23.63381
0.6497788,-0.03228642,0.7594373,302.1279,-0.02202621,0.9978782,0.06126916,-1.749939,-0.7598042,-0.05653892,0.647689,24.24501
0.6547488,-0.0287727,0.7552987,302.8926,-0.02040539,0.9982381,0.05571625,-1.762461,-0.755571,-0.0518923,0.6530081,24.86059
0.6586639,-0.0297602,0.7518485,303.6453,-0.01953136,0.9982046,0.05662227,-1.757056,-0.7521838,-0.05197966,0.6569001,25.48753
0.6626558,-0.03064605,0.7482968,304.394,-0.02313429,0.997848,0.0613529,-1.753708,-0.7485667,-0.05796716,0.6605208,26.12871
0.6665094,-0.03384938,0.7447278,305.1332,-0.02522013,0.997373,0.0679039,-1.736061,-0.74507,-0.06404071,0.6639048,26.77897
0.6707627,-0.03321535,0.7409279,305.8703,-0.02410462,0.9974926,0.06653893,-1.718076,-0.7412803,-0.06249161,0.6682802,27.42763
0.6748937,-0.02769889,0.7373949,306.583,-0.02659914,0.9977326,0.06182261,-1.694224,-0.7374355,-0.06133775,0.6726267,28.07634
0.6790832,-0.02391463,0.7336716,307.3026,-0.02665583,0.9980066,0.05720337,-1.677575,-0.7335772,-0.05840246,0.6770921,28.73554
0.6831266,-0.02639334,0.7298229,308.0194,-0.02041417,0.9982661,0.05520935,-1.655528,-0.7300146,-0.0526137,0.6814033,29.387
0.6872044,-0.03069495,0.7258154,308.7355,-0.01606567,0.9982205,0.05742607,-1.635678,-0.7262865,-0.05112415,0.6854883,30.04649
0.6913855,-0.03529827,0.7216232,309.4386,-0.009641867,0.998266,0.05806814,-1.610963,-0.7224217,-0.04710526,0.6898464,30.7069
0.6962286,-0.03828715,0.7167984,310.1407,-0.00458074,0.9983192,0.05777363,-1.585427,-0.7178056,-0.04350711,0.6948829,31.37448
0.7003373,-0.04387867,0.7124621,310.8359,0.002317497,0.9982434,0.05920114,-1.557699,-0.7138083,-0.03980964,0.6992088,32.04009
0.7044055,-0.04415641,0.7084229,311.5197,0.001498531,0.9981534,0.06072545,-1.531653,-0.7097962,-0.04171375,0.7031709,32.71633
0.7076251,-0.0436971,0.7052356,312.1948,-0.0001482076,0.9980767,0.06199054,-1.502226,-0.7065881,-0.04397058,0.7062577,33.39942
0.7116822,-0.0424489,0.7012179,312.8629,0.001066596,0.9982368,0.05934672,-1.471946,-0.7025008,-0.04148808,0.7104727,34.07583
0.7154666,-0.0397837,0.6975133,313.5266,-0.001535167,0.9982854,0.05851338,-1.442106,-0.6986453,-0.04293516,0.7141788,34.76541
0.71913,-0.044557,0.6934455,314.1892,0.004010424,0.9981915,0.05997936,-1.405865,-0.694864,-0.04035194,0.7180082,35.44723
0.7238531,-0.04465185,0.6885077,314.8435,0.00270382,0.9980795,0.06188593,-1.378314,-0.6899489,-0.04293471,0.7225837,36.13799
0.7271832,-0.04346411,0.685066,315.4894,0.003627232,0.9982228,0.05948216,-1.346387,-0.6864339,-0.04076953,0.7260485,36.8274
0.7311242,-0.04614559,0.680682,316.1388,0.007954301,0.9982187,0.05912866,-1.312849,-0.6821981,-0.03781604,0.7301889,37.51735
0.7342365,-0.04643443,0.6773039,316.7807,0.005424386,0.9980276,0.06254218,-1.280517,-0.6788721,-0.04224679,0.7330402,38.21802
0.7369502,-0.04334372,0.674556,317.4141,-0.00151878,0.9978333,0.06577524,-1.250716,-0.6759454,-0.04949757,0.7352876,38.92525
0.7397091,-0.04321833,0.6715375,318.0491,-0.002442881,0.9977564,0.06690378,-1.20997,-0.6729223,-0.05112981,0.737944,39.6281
0.7414072,-0.0482719,0.6693169,318.6872,0.0003698828,0.9974386,0.0715267,-1.166319,-0.6710553,-0.05278283,0.739526,40.32863
0.7434182,-0.04754144,0.6671351,319.3144,-0.002349887,0.9972786,0.07368676,-1.130942,-0.6688228,-0.05634776,0.7412834,41.02951
0.7447923,-0.04316427,0.6658988,319.9432,-0.00189862,0.9977646,0.06679974,-1.094331,-0.6672937,-0.05101621,0.7430455,41.72857
0.7454889,-0.03997917,0.665318,320.5699,0.0004794114,0.9982313,0.05944687,-1.055116,-0.6665179,-0.04399801,0.7441895,42.42029
0.7450255,-0.03981065,0.665847,321.1979,0.0008200026,0.9982713,0.05876862,-1.019788,-0.6670356,-0.04323812,0.7437702,43.11884
0.7441825,-0.0410023,0.6667168,321.8286,-0.0005685317,0.998075,0.06201505,-0.9855898,-0.6679762,-0.04652956,0.7427267,43.82261
0.7429743,-0.04369747,0.667892,322.4645,-0.001029784,0.9977907,0.06642698,-0.9469468,-0.6693192,-0.05004132,0.7412879,44.52778
0.7406686,-0.04518882,0.6703492,323.1058,-0.001102219,0.9976525,0.06847048,-0.9061778,-0.6718697,-0.0514528,0.7388801,45.23347
0.7372966,-0.04455575,0.6740983,323.7484,-0.001958221,0.9976776,0.06808512,-0.8650478,-0.6755664,-0.05151895,0.735497,45.93426
0.7331284,-0.03883265,0.6789806,324.3921,-0.006313597,0.9979368,0.06389169,-0.8250807,-0.6800609,-0.05112762,0.7313707,46.63318
0.7281671,-0.03435201,0.6845383,325.0437,-0.008970276,0.99818,0.05963342,-0.7865276,-0.685341,-0.04956358,0.7265337,47.32677
0.7230892,-0.03359325,0.6899374,325.7065,-0.00809518,0.998336,0.05709344,-0.7496238,-0.6907073,-0.04686881,0.721614,48.01802
0.7172576,-0.03329706,0.6960121,326.3766,-0.009763156,0.9982793,0.05781864,-0.7157939,-0.6967398,-0.04826612,0.7156983,48.70917
0.711404,-0.03404993,0.7019579,327.0557,-0.009372023,0.9982771,0.05792165,-0.6821795,-0.7027208,-0.04778446,0.7098592,49.39482
0.7059443,-0.03421948,0.7074402,327.7396,-0.01304876,0.9980343,0.06129693,-0.6437965,-0.7081471,-0.05250343,0.7041101,50.08093
0.6995732,-0.03877274,0.7135082,328.4377,-0.01427534,0.9975691,0.06820544,-0.6002114,-0.7144183,-0.05790026,0.6973192,50.76531
0.6931272,-0.04159558,0.7196141,329.1391,-0.01845669,0.9969821,0.07540553,-0.5560634,-0.720579,-0.06554731,0.6902677,51.44859
0.686543,-0.03811103,0.7260897,329.8404,-0.02130062,0.9971425,0.07247855,-0.5082701,-0.7267772,-0.06522579,0.6837694,52.11788
0.6808789,-0.03209271,0.7316925,330.5487,-0.02194347,0.9976971,0.06417948,-0.4610597,-0.7320672,-0.05975432,0.6786067,52.778
0.6753575,-0.0287881,0.7369284,331.2668,-0.02111256,0.9980736,0.05833833,-0.4174988,-0.7371883,-0.05495766,0.6734487,53.43409
0.6698515,-0.03055392,0.7418662,331.9976,-0.01921554,0.9981049,0.05845741,-0.3786882,-0.7422465,-0.05341314,0.667995,54.08875
0.6646906,-0.03320904,0.7463803,332.7368,-0.01911622,0.9979286,0.06142529,-0.341161,-0.7468741,-0.05509677,0.662679,54.74402
0.6599524,-0.03448647,0.7505155,333.4791,-0.0197416,0.997805,0.06320895,-0.3033084,-0.751048,-0.05653127,0.657823,55.39719
0.6555871,-0.03640435,0.7542415,334.23,-0.01884466,0.9977374,0.06453676,-0.2608018,-0.7548844,-0.05652288,0.6534178,56.04605
0.651405,-0.0366166,0.7578461,334.9826,-0.02053106,0.9976183,0.06584903,-0.2177423,-0.7584524,-0.05845376,0.6491018,56.6961
0.6472036,-0.03517831,0.7615051,335.7387,-0.02441256,0.9974659,0.06682695,-0.1730481,-0.7619262,-0.06184092,0.6447047,57.3495
0.6433333,-0.03411996,0.7648255,336.4998,-0.02673635,0.9973957,0.06698455,-0.1280985,-0.7651192,-0.06354202,0.6407457,57.99518
0.6398111,-0.03284732,0.7678299,337.2672,-0.02903377,0.9973399,0.06685866,-0.08432989,-0.7679836,-0.0650699,0.6371555,58.64049
0.6361961,-0.03142774,0.770887,338.0396,-0.03077316,0.9973412,0.0660563,-0.03922766,-0.7709135,-0.06574738,0.6335375,59.28309
0.6326658,-0.02965301,0.773857,338.8169,-0.03313603,0.9973149,0.0653059,0.00791583,-0.7737157,-0.06695934,0.6299845,59.92562
0.6294698,-0.03092761,0.7764092,339.5995,-0.0318771,0.9973385,0.06557234,0.05390482,-0.7763708,-0.06602547,0.6268086,60.56028
0.6265054,-0.03141264,0.7787838,340.389,-0.03204177,0.9973048,0.06600333,0.1011524,-0.7787582,-0.06630504,0.6238103,61.19943
0.6235106,-0.03209981,0.7811556,341.1781,-0.03247496,0.997231,0.06690013,0.1502289,-0.7811401,-0.06708093,0.6207417,61.83344
0.6207911,-0.03144423,0.7833452,341.9688,-0.03528275,0.9970623,0.06798417,0.1971761,-0.7831817,-0.06984253,0.617858,62.46632
0.6176438,-0.03198836,0.7858071,342.7628,-0.03696143,0.9968877,0.06963261,0.2432714,-0.785589,-0.0720527,0.6145392,63.09758
0.6146541,-0.03072091,0.7881983,343.5549,-0.03881736,0.9968526,0.06912407,0.2876121,-0.7878411,-0.07308316,0.6115271,63.7223
0.6115778,-0.02808429,0.7906857,344.3514,-0.0390628,0.9970792,0.06562937,0.3315807,-0.7902194,-0.07102385,0.6086945,64.34145
0.609586,-0.0285543,0.7922055,345.1509,-0.03853996,0.9971017,0.06559531,0.3770411,-0.7917826,-0.07051754,0.6067188,64.95923
0.6085527,-0.03468806,0.7927549,345.9578,-0.03478824,0.9969172,0.07032641,0.4211189,-0.7927505,-0.07037587,0.6054699,65.57679
0.6080276,-0.04413272,0.7926883,346.7695,-0.03030049,0.9964363,0.07871818,0.4707702,-0.7933375,-0.07188166,0.6045235,66.19159
0.6073378,-0.04979231,0.7928818,347.5814,-0.02858037,0.9960185,0.08444135,0.5273584,-0.7939295,-0.07394526,0.6034966,66.8072
0.6064482,-0.04968834,0.793569,348.3865,-0.02752721,0.9961352,0.08340818,0.5831376,-0.7946464,-0.07242746,0.6027366,67.4182
0.6058335,-0.04527114,0.7943023,349.1896,-0.02519811,0.996787,0.07603094,0.6373941,-0.7951923,-0.066077,0.6027463,68.02224
0.6051261,-0.04002277,0.795123,349.9934,-0.02373252,0.9973849,0.06826526,0.6867561,-0.7957758,-0.06017936,0.6025938,68.62683
0.6040625,-0.03946343,0.7959592,350.8015,-0.02078249,0.9976534,0.06523544,0.7306963,-0.7966659,-0.05594829,0.6018249,69.22924
0.6029019,-0.04279891,0.7966665,351.6181,-0.01807032,0.9975713,0.06726729,0.771935,-0.7976107,-0.05495159,0.6006642,69.83576
0.6017194,-0.04876742,0.7972173,352.4363,-0.01421366,0.9973223,0.07173638,0.8118633,-0.7985811,-0.05449654,0.5994151,70.43699
0.6009886,-0.05395396,0.7974344,353.2541,-0.01121965,0.9970511,0.07591564,0.8570171,-0.7991789,-0.05457136,0.598611,71.03883
0.6002911,-0.05775368,0.7976936,354.072,-0.008728209,0.9968568,0.07874155,0.9061182,-0.799734,-0.05423028,0.5979003,71.64191
0.599861,-0.05933165,0.7979014,354.8849,-0.007637015,0.9967767,0.07986146,0.9553822,-0.8000678,-0.05399935,0.5974743,72.24224
0.5998222,-0.05831621,0.7980053,355.6986,-0.006321807,0.9969639,0.07760742,1.004715,-0.8001084,-0.05159548,0.5976325,72.8449
0.599886,-0.05668846,0.7980747,356.5095,-0.004499765,0.9972319,0.07421724,1.054302,-0.8000728,-0.04811303,0.5979704,73.44368
0.6000183,-0.05743246,0.797922,357.3241,-0.003837466,0.9972015,0.07466181,1.105041,-0.7999771,-0.04786044,0.5981188,74.04848
0.5996718,-0.06118173,0.7979038,358.1418,-0.001968578,0.9969573,0.07792428,1.154416,-0.8002436,-0.04829973,0.5977268,74.65095
0.5992385,-0.0632253,0.79807,358.9549,-0.001214483,0.9968036,0.07988145,1.205514,-0.8005696,-0.04883728,0.5972464,75.2521
0.5985852,-0.0621244,0.7986465,359.7704,0.000134973,0.996996,0.07745229,1.255258,-0.8010591,-0.04625399,0.5967955,75.85261
0.5980991,-0.06136596,0.7990693,360.5831,0.001211253,0.9971322,0.07566995,1.307541,-0.8014213,-0.04429024,0.5964582,76.45292
0.5975805,-0.06263808,0.7993585,361.3986,0.00287264,0.9971047,0.07598606,1.358613,-0.8018038,-0.04311151,0.5960303,77.05344
0.5974969,-0.06530505,0.7992076,362.213,0.003628878,0.9968882,0.078745,1.409611,-0.8018631,-0.04414966,0.5958746,77.65593
0.5975513,-0.06773831,0.7989643,363.0263,0.006607541,0.9968073,0.07957016,1.463455,-0.8018035,-0.04226806,0.5960911,78.2559
0.5978009,-0.07098657,0.7984955,363.8376,0.01035328,0.9966722,0.0808535,1.51844,-0.8015778,-0.04006724,0.5965465,78.85458
0.5979506,-0.07513174,0.798004,364.6465,0.01538803,0.9964897,0.08228874,1.575087,-0.8013853,-0.03692488,0.5970077,79.45174
0.5982385,-0.08043474,0.7972709,365.4522,0.02156288,0.996205,0.08432485,1.632868,-0.801028,-0.03325491,0.5977026,80.04472
0.5984444,-0.08530892,0.7966095,366.2568,0.02887638,0.9959654,0.08496489,1.693095,-0.8006438,-0.02784356,0.5984934,80.63483
0.5993558,-0.0884279,0.7955835,367.0527,0.03211076,0.9957356,0.08648376,1.755061,-0.7998385,-0.02628775,0.5996394,81.22981
0.6001016,-0.09150953,0.7946723,367.845,0.03558819,0.9955056,0.08776163,1.818981,-0.7991318,-0.02438494,0.6006612,81.82341
0.6011409,-0.09358427,0.7936445,368.6274,0.03662952,0.9953024,0.08961841,1.881295,-0.7983031,-0.02480248,0.601745,82.41447
0.6023045,-0.09503952,0.7925887,369.4018,0.03717329,0.9951495,0.09107992,1.943287,-0.7974005,-0.02539472,0.602916,82.99951
0.6035026,-0.0957611,0.7915898,370.1664,0.03907438,0.9951211,0.09059291,2.005374,-0.7964031,-0.02374217,0.6043,83.57975
0.6047959,-0.09728033,0.7904166,370.9204,0.04032043,0.9949787,0.09160518,2.065452,-0.7953592,-0.0235325,0.6056815,84.15507
0.6060398,-0.09975098,0.7891549,371.6627,0.04116245,0.9947093,0.09412242,2.125331,-0.7943686,-0.02455838,0.6069394,84.72436
0.6069261,-0.1017592,0.7882168,372.3933,0.03954276,0.9944073,0.09793061,2.18599,-0.7937739,-0.02826838,0.6075557,85.28816
0.6073216,-0.1048921,0.7875012,373.1107,0.0351562,0.993823,0.1052609,2.251081,-0.7936779,-0.03624165,0.6072577,85.84868
0.6075092,-0.1055913,0.787263,373.8107,0.02810799,0.9933619,0.1115441,2.316552,-0.7938152,-0.0456357,0.6064445,86.4018
0.607455,-0.1037687,0.7875471,374.4976,0.02136876,0.9932067,0.1143846,2.384074,-0.7940667,-0.05265456,0.6055458,86.94454
0.6073842,-0.1011569,0.7879415,375.1693,0.01478535,0.9931273,0.1161017,2.455947,-0.7942707,-0.05886832,0.6047054,87.475
0.6070655,-0.09781602,0.7886086,375.8296,0.008632362,0.9931483,0.1165413,2.525397,-0.7946049,-0.06394061,0.6037505,87.99199
0.60648,-0.09495393,0.7894085,376.478,0.004765197,0.9932596,0.1158132,2.593374,-0.7950845,-0.06647668,0.6028445,88.49556
0.6060018,-0.09278193,0.7900337,377.1159,0.002919314,0.9934271,0.1144293,2.658386,-0.7954579,-0.06703799,0.6022895,88.98482
0.6054993,-0.09146038,0.7905729,377.7468,0.003547063,0.9936747,0.1122403,2.722154,-0.795838,-0.0651572,0.6019938,89.46349
0.6050099,-0.09193372,0.7908926,378.371,0.004340029,0.9936778,0.1121856,2.782431,-0.7962061,-0.06444088,0.6015839,89.93373
0.6045966,-0.09114828,0.7912995,378.9847,0.00377904,0.9937482,0.1115806,2.83942,-0.7965229,-0.06447087,0.6011612,90.39767
0.6031009,-0.09069383,0.7924922,379.5884,0.002833208,0.9937525,0.1115702,2.895644,-0.7976599,-0.0650428,0.59959,90.85453
0.6003021,-0.09063751,0.7946208,380.1834,0.001395973,0.9936747,0.1122878,2.953651,-0.7997721,-0.06629732,0.5966316,91.30094
0.5960463,-0.08951693,0.7979445,380.7729,-0.002795116,0.9935287,0.1135463,3.009361,-0.8029452,-0.06990922,0.591939,91.74008
0.590411,-0.0903245,0.8020326,381.3576,-0.004361162,0.9933466,0.1150806,3.062328,-0.807091,-0.07144266,0.5860888,92.16341
0.5851683,-0.08854865,0.8060627,381.933,-0.007507562,0.993386,0.1145769,3.112642,-0.8108771,-0.07309834,0.5806332,92.57369
0.5793681,-0.08306073,0.8108227,382.5049,-0.01054397,0.9939469,0.1093541,3.160924,-0.8149978,-0.07190557,0.5749854,92.97641
0.5728861,-0.07628126,0.8160776,383.0793,-0.01451187,0.9945597,0.1031519,3.210042,-0.8195066,-0.07093707,0.5686624,93.373
0.5648829,-0.07320741,0.8219172,383.6609,-0.01657667,0.994849,0.100003,3.261727,-0.8250046,-0.07011465,0.5607597,93.76359
0.5550968,-0.0741134,0.8284774,384.2584,-0.01839945,0.9946847,0.1013099,3.311365,-0.8315823,-0.07148032,0.5507827,94.15217
0.5449432,-0.07820795,0.8348176,384.8622,-0.02278707,0.9938913,0.1079851,3.360853,-0.8381633,-0.07786879,0.5398322,94.54098
0.5353434,-0.08348276,0.8404987,385.4764,-0.02387576,0.9932101,0.1138582,3.416745,-0.844297,-0.08102075,0.5297152,94.92187
0.5253797,-0.08796219,0.8463089,386.1003,-0.02448596,0.992667,0.1183747,3.475179,-0.8505155,-0.08291436,0.5193733,95.2975
0.5155144,-0.09069877,0.8520673,386.7256,-0.02389548,0.992474,0.1201016,3.536985,-0.8565477,-0.08227464,0.5094673,95.66617
0.5059644,-0.09091314,0.8577498,387.3588,-0.02225691,0.9927227,0.1183478,3.601461,-0.8622672,-0.0789706,0.500259,96.02935
0.4980296,-0.08981031,0.8624967,387.996,-0.01904716,0.9932494,0.1144237,3.664976,-0.8669509,-0.0734145,0.492957,96.38488
0.4909707,-0.08830486,0.8666891,388.6418,-0.0135824,0.9939527,0.1089657,3.73156,-0.8710702,-0.06527069,0.4868022,96.73499
0.4849313,-0.08948504,0.8699621,389.2979,-0.007527502,0.9942875,0.1064692,3.798926,-0.8745199,-0.05817889,0.4814875,97.0863
0.4793476,-0.09578809,0.8723821,389.9619,-0.002327362,0.9938836,0.1104079,3.869983,-0.8776221,-0.0549541,0.4761928,97.44102
0.4743914,-0.1096168,0.8734626,390.6449,9.621121E-05,0.9922235,0.1244687,3.945355,-0.8803141,-0.05896283,0.4707128,97.80232
0.4704719,-0.1232648,0.8737631,391.3339,-0.001450796,0.9900858,0.1404561,4.027034,-0.8824138,-0.06734829,0.4656288,98.17505
0.4655633,-0.1365143,0.8744225,392.0249,-0.004533654,0.9876508,0.1566053,4.116231,-0.885003,-0.07687398,0.459195,98.54535
0.4600427,-0.1405238,0.8767062,392.7178,-0.004722003,0.9869953,0.1606794,4.211579,-0.8878843,-0.07805919,0.4533964,98.90721
0.4549754,-0.1378729,0.8797661,393.414,-0.006395519,0.9874104,0.1580499,4.312938,-0.8904811,-0.07753536,0.4483657,99.26698
0.4491424,-0.1362613,0.8830085,394.1151,-0.007041302,0.9877314,0.1560032,4.416686,-0.8934325,-0.07628518,0.4426726,99.62394
0.4430048,-0.1424287,0.8851332,394.8314,-0.002797588,0.9870753,0.1602327,4.526817,-0.8965149,-0.07346007,0.4368807,99.97536
0.4369239,-0.1496538,0.8869618,395.5498,-0.0003871759,0.9860312,0.1665602,4.640894,-0.8994984,-0.07311754,0.4307627,100.3225
0.4302634,-0.1553473,0.889236,396.2758,0.003610727,0.9853693,0.1703945,4.754188,-0.9026962,-0.07010372,0.4245293,100.6607
0.4247975,-0.1589517,0.8912247,396.9938,0.006605355,0.9849829,0.1725252,4.868321,-0.9052643,-0.06740143,0.4194682,100.9936
0.418965,-0.1587218,0.8940222,397.7045,0.008122677,0.9852191,0.1711061,4.987048,-0.9079661,-0.06442561,0.4140616,101.3225
0.4131386,-0.1579036,0.896874,398.4144,0.00820188,0.9854579,0.1697216,5.103503,-0.9106313,-0.06276248,0.4084258,101.6473
0.4069813,-0.1583458,0.899607,399.1214,0.006731221,0.9853531,0.1703934,5.219817,-0.9134117,-0.06329148,0.4020862,101.968
0.3993633,-0.158764,0.9029413,399.8242,0.004274363,0.9852031,0.1713376,5.332589,-0.9167828,-0.06456644,0.3941325,102.2796
0.390329,-0.159142,0.906817,400.5261,0.003806304,0.985218,0.1712626,5.443658,-0.9206676,-0.06339714,0.3851649,102.5786
0.3802632,-0.1601029,0.9109154,401.2227,0.004912495,0.9852387,0.1711153,5.551546,-0.9248653,-0.06059398,0.3754366,102.8625
0.3701451,-0.1613206,0.9148597,401.9166,0.004370984,0.9850981,0.1719376,5.657436,-0.9289637,-0.05964302,0.3653344,103.1409
0.3604258,-0.1623738,0.9185467,402.6027,0.002700767,0.9849101,0.1730453,5.762673,-0.932784,-0.05988922,0.3554256,103.408
0.3502305,-0.1625484,0.9224514,403.2798,0.004653159,0.9851166,0.1718242,5.866325,-0.936652,-0.05588574,0.3457742,103.6591
0.3401765,-0.1583437,0.9269343,403.9506,0.003160511,0.9859081,0.1672581,5.96465,-0.9403563,-0.05396767,0.3358832,103.9027
0.3288165,-0.1487348,0.932608,404.617,-0.002486386,0.9873804,0.1583468,6.061249,-0.9443906,-0.05438584,0.3242971,104.142
0.3160335,-0.1389426,0.9385189,405.2801,-0.01185209,0.9885629,0.1503424,6.15174,-0.948674,-0.05863662,0.3107722,104.3753
0.3000833,-0.133118,0.9445791,405.9597,-0.0164622,0.9893449,0.1446566,6.239906,-0.953771,-0.05895887,0.2946945,104.5908
0.2813717,-0.1305686,0.9506744,406.6318,-0.01589774,0.9899295,0.1406653,6.325233,-0.9594672,-0.05469281,0.2764624,104.7799
0.2610528,-0.1275602,0.9568593,407.317,-0.01524523,0.9905623,0.1362125,6.405908,-0.9652042,-0.05014619,0.2566444,104.953
0.2399132,-0.122474,0.9630378,408.011,-0.01241082,0.9915421,0.1291908,6.481032,-0.970715,-0.04294666,0.236364,105.1082
0.2192026,-0.1169665,0.9686429,408.7023,-0.008559139,0.9925194,0.1217866,6.551585,-0.9756419,-0.03498669,0.2165617,105.246
0.1985298,-0.1137121,0.973476,409.4193,-0.002890252,0.9931744,0.1166026,6.619282,-0.9800906,-0.02596268,0.1968461,105.3713
0.1788541,-0.1127523,0.9773935,410.1351,0.0004003258,0.9934199,0.1145278,6.691065,-0.9838756,-0.0200925,0.1777224,105.4854
0.160614,-0.117307,0.9800215,410.8725,0.0006710304,0.9929249,0.1187416,6.763749,-0.9870171,-0.01841394,0.1595564,105.5946
0.1453485,-0.125107,0.9814387,411.6172,-0.001924457,0.9919353,0.1267301,6.838057,-0.9893787,-0.02030877,0.1439356,105.7
0.1317574,-0.1356793,0.9819527,412.361,1.16744E-05,0.9905888,0.1368711,6.919003,-0.991282,-0.01802231,0.130519,105.7908
0.1216579,-0.1413469,0.9824563,413.1125,0.0001230628,0.9898106,0.1423897,7.000377,-0.9925721,-0.01720193,0.1204357,105.8794
0.1136936,-0.1437966,0.9830545,413.8665,-0.002791291,0.9894203,0.1450506,7.082022,-0.993512,-0.01923533,0.1120894,105.97
0.1063391,-0.1453768,0.983645,414.6247,-0.007700614,0.9891041,0.1470162,7.167742,-0.9943001,-0.02320824,0.104061,106.0586
0.0986027,-0.1505317,0.9836756,415.3892,-0.009247338,0.9883113,0.1521681,7.261742,-0.9950839,-0.02410056,0.09605815,106.1371
0.09201418,-0.1524926,0.9840119,416.1484,-0.01406124,0.9879066,0.154411,7.350541,-0.9956584,-0.02804443,0.08875719,106.212
0.08664806,-0.1418914,0.9860826,416.8974,-0.02975908,0.9889949,0.1449255,7.42776,-0.9957944,-0.04190242,0.08147193,106.2978
0.08105048,-0.1222316,0.9891866,417.6432,-0.03815885,0.9913437,0.1256248,7.505022,-0.9959793,-0.04792817,0.07568466,106.375
0.07679643,-0.1049671,0.991506,418.392,-0.03547326,0.9935256,0.1079285,7.589414,-0.9964156,-0.04346047,0.07257569,106.4346
0.07321024,-0.103645,0.9919163,419.1639,-0.04153907,0.9934053,0.1068665,7.668172,-0.9964511,-0.049027,0.06842212,106.5066
0.0728231,-0.1142325,0.9907814,419.9504,-0.05122271,0.9916796,0.118101,7.739703,-0.9960287,-0.05935098,0.06636588,106.5859
0.07467769,-0.1219647,0.9897211,420.7323,-0.05305876,0.9906005,0.1260766,7.80996,-0.9957952,-0.06192847,0.06750446,106.6555
0.07756049,-0.1071565,0.9912123,421.4933,-0.05716881,0.9920933,0.1117251,7.865259,-0.9953473,-0.06533187,0.07082124,106.727
0.08058449,-0.08102776,0.9934488,422.2299,-0.05842942,0.9945923,0.0858606,7.916668,-0.9950338,-0.06496566,0.07541431,106.8
0.08626061,-0.05925487,0.9945089,422.977,-0.05928966,0.9961551,0.06449557,7.9717,-0.9945069,-0.06452751,0.08241575,106.8715
0.09082572,-0.05858121,0.9941423,423.7372,-0.06264264,0.9959553,0.06441114,8.020692,-0.9938947,-0.06812588,0.08678868,106.9478
0.09421481,-0.07308939,0.9928653,424.5012,-0.06863401,0.9944517,0.07971899,8.059333,-0.9931833,-0.07565503,0.08867567,107.0352
0.09679852,-0.08133984,0.9919747,425.2498,-0.07020093,0.9936149,0.08832467,8.093652,-0.9928252,-0.07818724,0.09047032,107.1189
0.09891056,-0.0779746,0.9920366,425.9771,-0.06505976,0.9942855,0.08463813,8.129462,-0.9929673,-0.07291326,0.09327232,107.1916
0.1018254,-0.06813637,0.9924661,426.6891,-0.06023073,0.9953991,0.07451731,8.167187,-0.9929773,-0.0673647,0.09725299,107.2626
0.1041878,-0.06182958,0.9926339,427.3978,-0.05669681,0.9960734,0.06799478,8.202315,-0.9929403,-0.06336339,0.1002731,107.3393
0.106829,-0.05988885,0.9924721,428.1028,-0.05368647,0.9963807,0.06590349,8.233718,-0.992827,-0.06032272,0.1032271,107.4201
0.1072243,-0.05654289,0.9926257,428.7973,-0.05034621,0.9967919,0.06221866,8.264055,-0.9929593,-0.05664628,0.1040336,107.5012
0.1066073,-0.05021526,0.9930324,429.4784,-0.05044442,0.9971646,0.0558397,8.290819,-0.9930208,-0.05604585,0.103772,107.5837
0.1059295,-0.04572161,0.9933219,430.1492,-0.05257318,0.9972877,0.05151065,8.313589,-0.9929829,-0.05767858,0.1032384,107.6708
0.1042889,-0.04136689,0.9936864,430.81,-0.05797427,0.9971828,0.04759694,8.332906,-0.9928559,-0.06257207,0.1015969,107.757
0.09811654,-0.03886389,0.9944158,431.4674,-0.0629969,0.9969905,0.04518027,8.346583,-0.993179,-0.06707803,0.09537295,107.8376
0.08586484,-0.03766662,0.9955945,432.1175,-0.06821838,0.9967176,0.0435926,8.355373,-0.9939686,-0.0716609,0.08301343,107.9076
0.06919224,-0.03580094,0.9969607,432.765,-0.07139301,0.9966158,0.04074345,8.365156,-0.9950455,-0.07399515,0.06640214,107.96
0.05058588,-0.03496346,0.9981075,433.3982,-0.07003625,0.9968025,0.03846731,8.37606,-0.996261,-0.0718496,0.04797542,107.9914
0.03170725,-0.03628207,0.9988384,434.0258,-0.06632585,0.9970618,0.03832299,8.381937,-0.9972941,-0.06746392,0.02920764,108.0081
0.01378998,-0.03612994,0.9992519,434.6248,-0.0635689,0.9972937,0.0369364,8.387456,-0.9978822,-0.06403069,0.01145592,108.0189
-0.003811931,-0.03517352,0.9993739,435.1999,-0.06115629,0.9975187,0.03487496,8.390719,-0.998121,-0.06098505,-0.005953557,108.0164
-0.02156527,-0.03485746,0.9991596,435.7582,-0.0604316,0.99761,0.03349909,8.395461,-0.9979394,-0.05965839,-0.02362022,108.0091
-0.03938152,-0.03595553,0.9985771,436.2915,-0.06246428,0.9974864,0.03345282,8.399452,-0.99727,-0.06105797,-0.04152847,107.9901
-0.05846796,-0.03804433,0.9975641,436.8089,-0.06609014,0.9972288,0.03415796,8.403295,-0.9960992,-0.06393199,-0.06082029,107.9684
-0.07759442,-0.03813227,0.9962555,437.299,-0.06420554,0.9973851,0.0331748,8.401479,-0.9949155,-0.06139093,-0.07983983,107.9305
-0.09458754,-0.03377515,0.9949434,437.7525,-0.06117388,0.9977328,0.02805415,8.394344,-0.9936353,-0.05821096,-0.09643925,107.8831
-0.1108349,-0.02413405,0.9935457,438.1792,-0.05403185,0.9983729,0.01822378,8.385082,-0.992369,-0.05166327,-0.1119586,107.8263
-0.1257869,-0.01295549,0.9919727,438.581,-0.04853257,0.9987978,0.006890463,8.37812,-0.9908695,-0.04727624,-0.1262644,107.7694
-0.1388419,-0.004147506,0.9903059,438.9558,-0.04681446,0.9989007,-0.002379938,8.371887,-0.9892075,-0.04669106,-0.1388835,107.7178
-0.1496289,0.002409113,0.9887393,439.3196,-0.04969733,0.9987147,-0.009954269,8.371096,-0.9874925,-0.05062714,-0.1493168,107.6669
-0.1592766,0.006282617,0.987214,439.6662,-0.04876287,0.9987091,-0.01422315,8.368543,-0.986029,-0.05040479,-0.1587647,107.607
-0.1677023,0.00845419,0.9858014,439.9972,-0.04500105,0.9988552,-0.01622162,8.358794,-0.9848101,-0.04708249,-0.1671299,107.5448
-0.1739557,0.008586443,0.984716,440.3117,-0.03714833,0.999193,-0.01527515,8.348141,-0.9840526,-0.03923775,-0.1734963,107.476
-0.1790062,0.008305676,0.9838129,440.6089,-0.02776391,0.9995235,-0.01349,8.339225,-0.9834561,-0.02972928,-0.1786903,107.409
-0.1840637,0.005723853,0.9828976,440.8912,-0.02895896,0.9995173,-0.01124368,8.330838,-0.9824877,-0.03053324,-0.1838091,107.3598
-0.1890667,0.003272083,0.9819588,441.1539,-0.03487886,0.999341,-0.0100456,8.32006,-0.9813446,-0.03614889,-0.188828,107.3234
-0.1927184,0.0001871383,0.9812541,441.3987,-0.04176623,0.9990921,-0.008393437,8.312378,-0.9803649,-0.04260085,-0.1925357,107.2894
-0.195753,-0.001723217,0.9806517,441.6215,-0.04416546,0.9989993,-0.007060643,8.308381,-0.9796582,-0.04469307,-0.1956332,107.2539
-0.1979803,-0.000583554,0.9802058,441.8197,-0.04248788,0.999065,-0.007986853,8.302167,-0.9792848,-0.0432281,-0.19782,107.2159
-0.1998675,0.001785404,0.9798213,441.9929,-0.03808652,0.9992284,-0.009589799,8.292936,-0.9790825,-0.03923467,-0.1996453,107.1791
-0.2006761,0.003939045,0.9796497,442.1489,-0.03361325,0.9993754,-0.01090386,8.284685,-0.9790809,-0.03511735,-0.2004183,107.1466
-0.20052,0.006867038,0.9796655,442.2988,-0.03134515,0.9994185,-0.01342129,8.284115,-0.9791881,-0.03339899,-0.2001881,107.1254
-0.1990182,0.008974308,0.9799547,442.4486,-0.03313403,0.9993247,-0.01588087,8.281336,-0.9794355,-0.03563042,-0.1985865,107.1107
-0.1966522,0.009012374,0.9804319,442.6003,-0.03145277,0.9993851,-0.01549531,8.281351,-0.9799687,-0.03388448,-0.1962478,107.0931
-0.1924504,0.006334441,0.9812862,442.7548,-0.02301449,0.999675,-0.01096677,8.282708,-0.9810368,-0.02469436,-0.1922421,107.0634
-0.187124,0.004944993,0.9823238,442.9059,-0.01708605,0.9998196,-0.008287814,8.285099,-0.9821877,-0.01833488,-0.1870058,107.0386
-0.183016,0.006800071,0.9830864,443.0529,-0.01445206,0.9998494,-0.009606491,8.283272,-0.9830037,-0.01596576,-0.1828901,107.0229
-0.1792908,0.008078018,0.9837629,443.1997,-0.01725191,0.9997867,-0.01135376,8.280202,-0.9836449,-0.01900741,-0.1791132,107.0169
-0.1747448,0.008959667,0.984573,443.3468,-0.02096651,0.999698,-0.01281851,8.276204,-0.9843905,-0.02288303,-0.1745041,107.0141
-0.1695297,0.01055512,0.9854685,443.4966,-0.02364492,0.9996112,-0.01477423,8.27367,-0.9852414,-0.025806,-0.1692142,107.0092
-0.163656,0.01129711,0.9864528,443.6589,-0.02395622,0.999594,-0.01542204,8.271518,-0.9862266,-0.02615558,-0.163319,106.9995
-0.1573105,0.01104146,0.9874875,443.836,-0.02419335,0.9995943,-0.01503093,8.27071,-0.9872528,-0.02625515,-0.1569795,106.9893
-0.1508982,0.008760603,0.9885105,444.0318,-0.02942975,0.9994777,-0.01335032,8.272879,-0.9881112,-0.03110615,-0.1505616,106.9847
-0.1421527,0.005623549,0.9898287,444.2467,-0.03778243,0.9992243,-0.011103,8.274685,-0.9891234,-0.03897645,-0.14183,106.9889
-0.1331873,0.003197064,0.9910857,444.473,-0.04390593,0.998994,-0.009122888,8.271421,-0.9901179,-0.04472959,-0.1329129,106.9895
-0.1238076,0.00101407,0.9923057,444.707,-0.04156003,0.9991167,-0.00620638,8.261392,-0.9914356,-0.04200865,-0.1236561,106.9764
-0.1125855,-0.0001562084,0.993642,444.9541,-0.0346697,0.9993917,-0.003771172,8.252821,-0.9930371,-0.03487385,-0.1125224,106.9578
-0.1010513,-0.001028935,0.9948807,445.2055,-0.02992429,0.9995501,-0.002005689,8.244671,-0.9944311,-0.02997377,-0.1010367,106.9463
-0.08593297,-0.0007179472,0.9963006,445.4699,-0.02674592,0.999641,-0.001586539,8.242657,-0.9959419,-0.02678331,-0.08592132,106.9428
-0.0696204,-4.220364E-05,0.9975735,445.741,-0.02234928,0.999749,-0.001517458,8.242741,-0.9973232,-0.02240069,-0.06960388,106.9431
-0.0521079,-0.0009815638,0.998641,446.0129,-0.02192638,0.9997596,-0.0001614327,8.236481,-0.9984008,-0.02190499,-0.0521169,106.9533
-0.03133338,-0.002033151,0.9995069,446.3024,-0.02121209,0.999774,0.001368717,8.230851,-0.9992839,-0.02115874,-0.03136942,106.9727
-0.009410041,-0.001512669,0.9999546,446.6028,-0.02099284,0.9997787,0.001314847,8.226772,-0.9997354,-0.02097952,-0.009439717,106.9995
0.01243458,0.0005589619,0.9999225,446.9028,-0.02211826,0.9997553,-0.0002838195,8.225666,-0.9996781,-0.02211301,0.0124439,107.0336
0.03552485,0.004545351,0.9993584,447.2256,-0.02877736,0.9995796,-0.003523393,8.225759,-0.9989544,-0.02863373,0.03564072,107.0867
0.05851293,0.008215843,0.9982528,447.5585,-0.03376975,0.9994101,-0.006245947,8.226509,-0.9977153,-0.03334528,0.05875586,107.1497
0.08414822,0.008445045,0.9964174,447.8898,-0.03669133,0.9993122,-0.005370973,8.222854,-0.9957775,-0.03610792,0.0844002,107.21
0.109723,0.007108325,0.9939368,448.2499,-0.03292616,0.9994516,-0.003512974,8.21745,-0.9934167,-0.03234106,0.1098969,107.2771
0.1349697,0.005557627,0.9908341,448.605,-0.0300277,0.9995479,-0.001516187,8.211699,-0.9903947,-0.02954782,0.1350756,107.3516
0.1609063,0.005247839,0.9869557,448.9874,-0.02994403,0.9995515,-0.0004329532,8.207744,-0.9865154,-0.02948376,0.1609913,107.4465
0.186873,0.005287978,0.9823698,449.3814,-0.0305843,0.9995321,0.0004375858,8.204227,-0.9819079,-0.03012686,0.1869473,107.5566
0.2126458,0.005612588,0.9771132,449.7735,-0.03229593,0.9994775,0.001287397,8.201329,-0.9765955,-0.03183053,0.2127159,107.6756
0.2378631,0.006244046,0.9712786,450.1895,-0.03101582,0.9995182,0.001170084,8.198927,-0.9708034,-0.03040332,0.2379422,107.8222
0.2616197,0.006025441,0.9651522,450.6113,-0.03027009,0.9995398,0.001965057,8.195762,-0.9646963,-0.02972934,0.2616817,108.0041
0.2833287,0.005155084,0.959009,451.0376,-0.02878196,0.9995808,0.003130136,8.192056,-0.9585909,-0.02848902,0.2833583,108.1997
0.3033003,0.005045384,0.9528816,451.4911,-0.02842412,0.9995889,0.003754645,8.188818,-0.952471,-0.02822361,0.303319,108.4021
0.3219205,0.004762178,0.9467547,451.9494,-0.02783707,0.9996026,0.004437303,8.186495,-0.9463574,-0.02778334,0.3219252,108.6181
0.3395005,0.00542654,0.9405902,452.4322,-0.02821733,0.999592,0.004417933,8.18353,-0.9401826,-0.02804083,0.3395151,108.844
0.3567146,0.004955625,0.9342003,452.9289,-0.02582935,0.9996559,0.004559816,8.181836,-0.9338563,-0.02575634,0.3567198,109.0848
0.3739717,0.0033861,0.9274339,453.4353,-0.02207213,0.9997426,0.005250101,8.179648,-0.9271775,-0.02243383,0.3739502,109.3187
0.3915617,0.001925642,0.9201498,453.9636,-0.01772895,0.9998279,0.005452006,8.18257,-0.9199811,-0.01844808,0.3915284,109.5466
0.4090249,0.0008818277,0.9125228,454.5022,-0.01310452,0.9999021,0.004907635,8.183837,-0.9124292,-0.01396551,0.4089964,109.7981
0.4252686,0.0008348513,0.9050668,455.0427,-0.01210746,0.9999153,0.004766652,8.183922,-0.9049862,-0.01298516,0.4252427,110.0667
0.439995,0.002344311,0.8979972,455.5975,-0.01322242,0.9999051,0.003868282,8.182013,-0.8979029,-0.01357572,0.4399842,110.3603
0.4532749,0.003562361,0.8913636,456.1582,-0.01493016,0.999882,0.003596203,8.181664,-0.8912458,-0.01493827,0.4532746,110.6666
0.4647687,0.002482137,0.8854286,456.7493,-0.01540063,0.9998674,0.005280971,8.16962,-0.8852982,-0.01609059,0.4647454,110.9831
0.4746126,0.001267987,0.8801939,457.3544,-0.01560556,0.9998539,0.006974365,8.152796,-0.8800565,-0.01704604,0.4745631,111.3083
0.4823524,-0.0007561748,0.8759769,457.9719,-0.01652209,0.9998139,0.009960882,8.132884,-0.8758215,-0.01927762,0.4822502,111.6461
0.4885472,-0.002429586,0.8725341,458.5971,-0.01709877,0.9997774,0.0123578,8.11907,-0.8723699,-0.02095662,0.4883969,111.9988
0.4932344,-0.00225178,0.8698935,459.2335,-0.01796569,0.999757,0.01277458,8.106465,-0.8697109,-0.0219291,0.4930741,112.3592
0.4968743,-0.00209903,0.86782,459.8774,-0.01898362,0.9997315,0.01328724,8.100209,-0.8676149,-0.02307645,0.496701,112.7358
0.4998223,-0.001844372,0.866126,460.5356,-0.02008019,0.9997043,0.01371665,8.092042,-0.8658952,-0.02424786,0.4996374,113.1184
0.5024161,-0.0007459135,0.8646257,461.2016,-0.02088841,0.9996973,0.01300026,8.086262,-0.8643737,-0.02459219,0.5022484,113.5145
0.5049623,-0.0009956315,0.8631408,461.8832,-0.01955894,0.9997293,0.01259573,8.079735,-0.8629198,-0.02324248,0.5048061,113.9149
0.5075098,-0.0007153908,0.8616457,462.5741,-0.01792805,0.9997744,0.0113897,8.076379,-0.8614595,-0.02122801,0.5073825,114.3268
0.509904,0.0001791335,0.8602313,463.2776,-0.01706826,0.9998052,0.009909048,8.070543,-0.860062,-0.01973531,0.5098077,114.7487
0.5123957,0.001265019,0.8587486,463.9887,-0.01676527,0.999823,0.008530618,8.064325,-0.8585859,-0.0187682,0.5123262,115.182
0.5147272,0.002188523,0.8573512,464.7101,-0.01555329,0.999856,0.006785421,8.056835,-0.857213,-0.01682727,0.5146871,115.6225
0.5168553,0.001502212,0.8560714,465.4401,-0.01295731,0.9998976,0.006068412,8.048223,-0.8559747,-0.01422887,0.5168219,116.0673
0.5185422,0.0006470337,0.8550518,466.1755,-0.009988831,0.999936,0.005301008,8.039721,-0.8549937,-0.01128976,0.5185155,116.5177
0.5203657,3.368226E-05,0.8539435,466.9232,-0.008370892,0.9999521,0.005061509,8.029741,-0.8539025,-0.009782104,0.5203411,116.9794
0.5217843,0.002846178,0.8530727,467.673,-0.009580685,0.9999509,0.00252383,8.017194,-0.8530237,-0.009489916,0.521786,117.4495
0.5229485,0.005339563,0.8523476,468.4354,-0.008588703,0.9999626,-0.000994803,8.005046,-0.8523211,-0.006800329,0.5229748,117.9247
0.5232249,0.007591933,0.8521608,469.2057,-0.008357035,0.9999579,-0.003777466,7.99385,-0.8521537,-0.005145074,0.5232664,118.4087
0.5236511,0.00749115,0.8518998,469.987,-0.01081503,0.9999392,-0.002145081,7.980812,-0.8518642,-0.00809005,0.5237003,118.9038
0.5236354,0.00507509,0.8519274,470.7811,-0.01068026,0.9999428,0.0006077521,7.967282,-0.8518756,-0.009417048,0.5236596,119.4044
0.5242426,0.003232545,0.8515628,471.5837,-0.01137083,0.9999302,0.003204403,7.952083,-0.851493,-0.01136286,0.5242428,119.9093
0.5247027,0.00226381,0.8512825,472.3974,-0.008746378,0.999958,0.002731797,7.942587,-0.8512406,-0.00887902,0.5247005,120.4162
0.5255726,0.002224897,0.8507458,473.2194,-0.006056693,0.999981,0.001126512,7.932442,-0.8507272,-0.005744771,0.5255761,120.9268
0.5261408,0.001307874,0.8503965,474.0519,-0.003380334,0.9999941,0.0005534633,7.9201,-0.8503908,-0.003165825,0.5261421,121.4472
0.526913,0.0003802221,0.8499191,474.8921,-0.002018297,0.9999976,0.0008038926,7.908537,-0.8499169,-0.002138972,0.5269125,121.9754
0.5276915,-0.0007951455,0.8494357,475.7434,-0.0002779293,0.9999993,0.001108741,7.896328,-0.8494361,-0.000821158,0.5276909,122.5108
0.5284395,-0.001451757,0.8489697,476.6013,0.000459604,0.9999989,0.001423939,7.882709,-0.8489709,-0.0003622775,0.5284395,123.0538
0.5290717,-0.0006977014,0.8485768,477.4675,0.0004598727,0.9999997,0.0005354777,7.870021,-0.848577,0.0001069294,0.5290719,123.602
0.529946,0.0007697474,0.848031,478.3443,-0.0008501458,0.9999995,-0.0003764221,7.856526,-0.848031,-0.0005214683,0.5299464,124.1604
0.5302954,0.0010245,0.8478123,479.2297,-0.001615796,0.9999987,-0.0001977459,7.842703,-0.8478114,-0.001265029,0.5302964,124.7229
0.5300079,-0.0003173918,0.8479926,480.1181,-0.001349258,0.9999983,0.001217589,7.816016,-0.8479917,-0.001789494,0.5300066,125.2863
0.5291993,0.001649191,0.848496,480.992,-0.006063136,0.9999799,0.001837896,7.799868,-0.848476,-0.00611716,0.5291986,125.864
0.5273607,0.004745507,0.8496282,481.8789,-0.009418954,0.9999556,0.0002611577,7.784641,-0.8495893,-0.008140333,0.527382,126.4407
0.5240193,0.008496522,0.851664,482.7725,-0.01156763,0.999929,-0.002858242,7.76861,-0.8516279,-0.008353959,0.5240804,127.0159
0.5177804,0.01245791,0.8554228,483.6799,-0.01652157,0.9998531,-0.004560949,7.748165,-0.855354,-0.01177136,0.5179102,127.5929
0.5091272,0.01740698,0.8605152,484.5909,-0.02292471,0.999715,-0.006659298,7.723347,-0.8603859,-0.01633663,0.5093812,128.1647
0.4977689,0.02148898,0.8670434,485.5159,-0.02763095,0.9995784,-0.00891086,7.702777,-0.8668695,-0.01952168,0.4981529,128.7246
0.4845266,0.02320912,0.8744686,486.4476,-0.03119041,0.9994707,-0.00924477,7.68909,-0.8742203,-0.02279569,0.4849941,129.2736
0.4700314,0.02203629,0.8823746,487.3873,-0.03304477,0.9994268,-0.007356951,7.6759,-0.8820309,-0.02569986,0.4704902,129.8063
0.4547892,0.01979872,0.890379,488.35,-0.0353758,0.9993654,-0.004152875,7.65976,-0.8898963,-0.02960918,0.455201,130.3251
0.4386957,0.01965178,0.8984208,489.32,-0.03815878,0.9992665,-0.003224851,7.644658,-0.8978252,-0.03286791,0.4391238,130.8265
0.4220316,0.02186832,0.9063173,490.2959,-0.03821465,0.9992496,-0.006315812,7.627582,-0.9057754,-0.03196912,0.4225506,131.3053
0.4043249,0.02603608,0.9142448,491.2861,-0.04032782,0.9991301,-0.01061849,7.608299,-0.9137259,-0.03257617,0.4050232,131.7682
0.3853192,0.0278454,0.9223631,492.2829,-0.04085032,0.9990794,-0.0130961,7.577623,-0.9218787,-0.03263264,0.386102,132.2132
0.3649839,0.02599963,0.9306507,493.3018,-0.04252735,0.9990321,-0.01123158,7.529603,-0.9300421,-0.03547876,0.3657363,132.653
0.3431572,0.02373053,0.9389782,494.335,-0.04172935,0.9990789,-0.009999122,7.486674,-0.9383506,-0.03575167,0.3438314,133.0594
0.3197498,0.02627238,0.9471377,495.358,-0.04185578,0.9990313,-0.01358151,7.441737,-0.9465771,-0.0353005,0.3205398,133.4382
0.2946617,0.03386657,0.9550013,496.4058,-0.04535801,0.998741,-0.02142267,7.395897,-0.9545246,-0.03700452,0.2958269,133.7937
0.268631,0.03849994,0.9624734,497.4462,-0.0449101,0.9986149,-0.02741102,7.343661,-0.9621957,-0.03586133,0.269988,134.1159
0.2397432,0.0439727,0.96984,498.5138,-0.05269696,0.9980904,-0.03222697,7.291952,-0.9694051,-0.04338141,0.2416026,134.4098
0.2094664,0.04683227,0.9766937,499.5934,-0.04850279,0.9981204,-0.03745755,7.239981,-0.9766122,-0.03952627,0.2113442,134.6606
0.179066,0.04908971,0.9826116,500.6561,-0.05368646,0.9977538,-0.04006267,7.179209,-0.9823712,-0.04557907,0.1812993,134.8781
0.1499665,0.05172741,0.987337,501.7511,-0.05086174,0.9977117,-0.04454559,7.107864,-0.987382,-0.04353733,0.1522542,135.0642
0.1219991,0.05750307,0.9908631,502.8308,-0.04753378,0.9975133,-0.05203646,7.030874,-0.9913914,-0.04075106,0.124429,135.2112
0.09579815,0.06062645,0.9935528,503.9342,-0.04318791,0.9974567,-0.05670052,6.948783,-0.9944635,-0.03747766,0.09817283,135.3334
0.07162029,0.06119781,0.9955528,505.0423,-0.03985105,0.9974946,-0.0584503,6.85995,-0.9966356,-0.03548759,0.07387965,135.4277
0.04887828,0.06145538,0.9969123,506.1472,-0.03776943,0.9975051,-0.05964012,6.768053,-0.9980904,-0.0347377,0.05107747,135.4921
0.02646709,0.06297633,0.997664,507.2723,-0.03819943,0.9973484,-0.06194303,6.67505,-0.9989196,-0.03647074,0.02880257,135.5359
0.004133192,0.065881,0.9978189,508.395,-0.03759705,0.9971322,-0.06567994,6.580157,-0.9992845,-0.03724358,0.006598269,135.5569
-0.01702794,0.06687504,0.997616,509.5108,-0.03571142,0.9970834,-0.0674489,6.485308,-0.9992171,-0.0367748,-0.01459008,135.5511
-0.0351,0.0631681,0.9973855,510.6424,-0.03161508,0.9974307,-0.06428358,6.389289,-0.9988836,-0.03378877,-0.03301276,135.5229
-0.04841493,0.06172142,0.9969185,511.7704,-0.02602277,0.9976722,-0.06303188,6.294291,-0.9984883,-0.02899426,-0.04669607,135.4757
-0.05724012,0.06427158,0.9962895,512.9071,-0.01846947,0.9976867,-0.06542287,6.208165,-0.9981896,-0.02214575,-0.05592065,135.4162
-0.06323805,0.06810006,0.9956723,514.044,-0.01490815,0.9974934,-0.06917149,6.119894,-0.9978871,-0.0192179,-0.06206429,135.357
-0.06769452,0.06853017,0.9953497,515.185,-0.01571656,0.9974411,-0.06974308,6.025495,-0.9975823,-0.02036469,-0.06644424,135.2992
-0.07127552,0.06836246,0.9951112,516.3261,-0.01694131,0.9974217,-0.06973463,5.928454,-0.9973128,-0.02182886,-0.0699336,135.2386
-0.07456552,0.07040811,0.9947274,517.4718,-0.01720223,0.9972651,-0.07187724,5.832641,-0.9970678,-0.02247109,-0.07315042,135.1718
-0.07798605,0.07384837,0.9942156,518.623,-0.01589207,0.9970339,-0.0753043,5.734027,-0.9968278,-0.02167282,-0.07658114,135.0979
-0.08120607,0.07675645,0.9937374,519.7856,-0.01350542,0.996854,-0.07810083,5.63475,-0.9966059,-0.0197631,-0.07991397,135.0173
-0.08417801,0.07634601,0.9935217,520.9588,-0.01236878,0.9969036,-0.07765388,5.53239,-0.996374,-0.0188254,-0.08297306,134.9329
-0.08702695,0.07207125,0.9935955,522.1448,-0.01298981,0.9972127,-0.07347139,5.430448,-0.9961213,-0.0193006,-0.08584819,134.847
-0.08914649,0.06917486,0.9936135,523.3374,-0.01333057,0.9974131,-0.07063542,5.330952,-0.9959293,-0.01954233,-0.08799374,134.7574
-0.09069117,0.06943865,0.9934553,524.5354,-0.0157122,0.9973422,-0.0711447,5.231821,-0.9957551,-0.02206156,-0.0893591,134.6696
-0.09129014,0.07379891,0.993086,525.7344,-0.01655354,0.9969999,-0.07561148,5.131118,-0.9956868,-0.02334166,-0.08979463,134.5788
-0.09120783,0.07685621,0.9928616,526.9472,-0.01618822,0.9967711,-0.07864597,5.024148,-0.9957003,-0.02324579,-0.08966917,134.4845
-0.09071334,0.07693208,0.9929011,528.1671,-0.01430178,0.9968082,-0.07854148,4.913715,-0.9957744,-0.02132501,-0.08932354,134.3884
-0.0907065,0.0763536,0.9929463,529.3991,-0.01534125,0.9968311,-0.07805378,4.801178,-0.9957595,-0.02231302,-0.0892477,134.2938
-0.09105983,0.07700082,0.992864,530.6378,-0.01762053,0.9967255,-0.07891637,4.687869,-0.9956896,-0.0246809,-0.08940486,134.2008
-0.09177071,0.07732119,0.9927737,531.8804,-0.0201924,0.9966312,-0.07948822,4.575691,-0.9955754,-0.02734117,-0.08990027,134.1087
-0.09389756,0.07610859,0.9926685,533.1337,-0.02057299,0.9967124,-0.07836468,4.462482,-0.9953693,-0.0277804,-0.09202309,134.0104
-0.09684277,0.07438248,0.9925163,534.3975,-0.02225565,0.9967923,-0.07687451,4.347459,-0.9950509,-0.02953383,-0.0948767,133.9097
-0.09873109,0.07651742,0.9921679,535.6613,-0.01985196,0.9966894,-0.07884162,4.23497,-0.9949161,-0.0274806,-0.09688522,133.7995
-0.1010393,0.07684904,0.9919099,536.9366,-0.01915636,0.996677,-0.07916973,4.119557,-0.994698,-0.02700063,-0.09923137,133.6863
-0.1040957,0.07614744,0.9916479,538.2185,-0.0203785,0.9966921,-0.07867398,4.003077,-0.9943585,-0.02839792,-0.1021996,133.5721
-0.1075958,0.07533443,0.9913364,539.5087,-0.01955447,0.9967717,-0.07786987,3.885044,-0.9940024,-0.02776353,-0.1057753,133.4504
-0.1112585,0.07458574,0.9909886,540.806,-0.02169425,0.9967597,-0.07745573,3.768101,-0.9935547,-0.03011636,-0.1092799,133.326
-0.1147311,0.07265769,0.9907359,542.1306,-0.0215934,0.9969036,-0.07561063,3.670993,-0.9931619,-0.03006825,-0.112807,133.1855
-0.1178711,0.07232361,0.9903917,543.4628,-0.02291402,0.9968806,-0.07552458,3.573109,-0.9927645,-0.03159601,-0.1158461,133.0424
-0.1207133,0.07328996,0.9899782,544.802,-0.02316212,0.9967914,-0.07661865,3.476816,-0.9924172,-0.03217888,-0.1186284,132.8923
-0.123397,0.07369294,0.9896174,546.1426,-0.0228339,0.996764,-0.07707233,3.37072,-0.9920947,-0.03210732,-0.121315,132.7403
-0.1258123,0.07325253,0.9893459,547.4929,-0.02211192,0.9968153,-0.0766175,3.267103,-0.9918076,-0.03151575,-0.1237919,132.5792
-0.1282686,0.07474406,0.9889188,548.8484,-0.02143574,0.996714,-0.07811359,3.156546,-0.9915078,-0.03121772,-0.1262449,132.4159
-0.1309596,0.07522254,0.9885298,550.2099,-0.0210684,0.9966809,-0.07863394,3.041963,-0.9911639,-0.0311246,-0.1289401,132.2485
-0.1340795,0.07504056,0.9881253,551.5752,-0.02148835,0.9966742,-0.07860557,2.91327,-0.9907376,-0.03177257,-0.1320211,132.0777
-0.1376866,0.07457743,0.9876642,552.948,-0.02225858,0.9966765,-0.07836095,2.783757,-0.9902257,-0.03277325,-0.135569,131.9008
-0.1416777,0.07411901,0.9871341,554.3261,-0.02144556,0.9967291,-0.07791743,2.656796,-0.9896805,-0.03220881,-0.1396248,131.7159
-0.1455157,0.07409029,0.9865778,555.7118,-0.02152568,0.9967188,-0.07802682,2.528567,-0.9891218,-0.03259087,-0.1434434,131.5261
-0.1491694,0.07447722,0.9860028,557.1041,-0.02049759,0.9967122,-0.07838719,2.399866,-0.9885992,-0.03190365,-0.1471524,131.3279
-0.1517677,0.07544703,0.9855325,558.4998,-0.01999672,0.996644,-0.0793771,2.269903,-0.9882139,-0.03175429,-0.1497497,131.1262
-0.1539634,0.07603548,0.9851466,559.9076,-0.01901021,0.9966222,-0.07989221,2.13877,-0.9878937,-0.03102831,-0.1519979,130.9168
-0.1559006,0.07605786,0.9848402,561.3175,-0.01878093,0.9966226,-0.07994085,2.008314,-0.9875942,-0.03095903,-0.1539456,130.7066
-0.157376,0.07619843,0.9845946,562.7394,-0.01829898,0.9966225,-0.08005418,1.87561,-0.9873692,-0.03061568,-0.1554501,130.4905
-0.1585686,0.07614049,0.9844077,564.1657,-0.01767351,0.9966435,-0.07993375,1.74231,-0.9871898,-0.03007292,-0.1566907,130.2739
-0.1598198,0.07681821,0.9841527,565.5998,-0.01649526,0.9966205,-0.08047012,1.607277,-0.9870084,-0.02909457,-0.1580125,130.0512
-0.1608934,0.07744758,0.9839284,567.0384,-0.01514662,0.9966053,-0.08092223,1.473204,-0.9868556,-0.02792304,-0.1591741,129.8258
-0.1618757,0.07555617,0.9839144,568.4892,-0.01405334,0.9967869,-0.07885677,1.338244,-0.9867111,-0.02659227,-0.1602937,129.5962
-0.1629016,0.07649828,0.9836722,569.9415,-0.01447468,0.9966971,-0.0799083,1.204765,-0.9865362,-0.02725553,-0.1612563,129.3673
-0.1640658,0.07591233,0.9835241,571.4033,-0.01487541,0.9967308,-0.07941312,1.07045,-0.9863373,-0.02765929,-0.1624002,129.1365
-0.1652607,0.07441181,0.9834387,572.8707,-0.01609656,0.9968133,-0.07812874,0.9347147,-0.9861186,-0.02874159,-0.1635363,128.9047
-0.1664451,0.07183422,0.9834306,574.3517,-0.01579909,0.9970205,-0.07550089,0.7948708,-0.9859242,-0.02810406,-0.1648143,128.6665
-0.1671965,0.07202273,0.9832894,575.8281,-0.01440338,0.9970433,-0.07547931,0.6596113,-0.9858184,-0.02678257,-0.1656648,128.4282
-0.1673512,0.0746151,0.9830697,577.3012,-0.0136416,0.9968612,-0.07798415,0.5265952,-0.985803,-0.02646138,-0.1658081,128.1909
-0.1673285,0.0744115,0.983089,578.7797,-0.01321339,0.9968888,-0.07770506,0.3911611,-0.9858127,-0.02599221,-0.1658247,127.9538
-0.1676981,0.07488783,0.9829899,580.2597,-0.01415233,0.9968249,-0.07835624,0.252798,-0.9857369,-0.02705178,-0.1661058,127.7179
-0.1675394,0.0743487,0.9830579,581.7458,-0.01355623,0.9968842,-0.07770475,0.1016155,-0.9857722,-0.02634517,-0.1660095,127.4871
-0.1672214,0.07535076,0.9830357,583.2371,-0.01423537,0.9967867,-0.07882635,-0.05588021,-0.9858166,-0.02717532,-0.1656114,127.2589
-0.1665788,0.07699662,0.9830173,584.7273,-0.01386405,0.996665,-0.08041498,-0.2157308,-0.9859307,-0.02702402,-0.1649558,127.031
-0.165581,0.0787795,0.9830446,586.2192,-0.01115435,0.9965909,-0.0817439,-0.3728685,-0.9861331,-0.02450046,-0.1641378,126.7986
-0.1638536,0.07829936,0.9833724,587.713,-0.009504147,0.9966735,-0.08094208,-0.5291253,-0.9864389,-0.02260876,-0.1625644,126.5673
-0.161458,0.07636019,0.9839209,589.2056,-0.006783378,0.9968926,-0.07848004,-0.6839355,-0.9868563,-0.01934554,-0.1604383,126.3366
-0.1594896,0.07554394,0.9843049,590.7063,-0.006515652,0.9969655,-0.07757139,-0.8349537,-0.9871781,-0.01878522,-0.1585134,126.1075
-0.1582649,0.07622288,0.9844502,592.202,-0.007131814,0.9969017,-0.07833352,-0.9855955,-0.987371,-0.01941836,-0.1572309,125.8847
-0.1575652,0.07504898,0.9846526,593.6965,-0.00574937,0.9970213,-0.07691174,-1.133189,-0.9874919,-0.01777975,-0.1566644,125.6604
-0.1566245,0.0754241,0.984774,595.1894,-0.006373586,0.9969818,-0.07737281,-1.279919,-0.9876377,-0.01839502,-0.1556711,125.4396
-0.1557004,0.07626897,0.9848555,596.6838,-0.005210902,0.9969375,-0.07802846,-1.425223,-0.9877906,-0.01728104,-0.1548261,125.2152
-0.1548985,0.07562389,0.9850317,598.1765,-0.005920319,0.9969769,-0.07747196,-1.569485,-0.9879127,-0.01783199,-0.1539826,124.9935
-0.1542199,0.07608886,0.9851024,599.6656,-0.007430799,0.9969128,-0.07816442,-1.713634,-0.9880086,-0.01937461,-0.1531784,124.7758
-0.1537938,0.07461386,0.9852818,601.1497,-0.01007351,0.9969746,-0.07707174,-1.855775,-0.9880516,-0.02177841,-0.1525769,124.5584
-0.1534651,0.0735538,0.9854127,602.6348,-0.008082658,0.997099,-0.07568488,-1.996259,-0.988121,-0.01957974,-0.1524254,124.3339
-0.1525501,0.07305531,0.9855919,604.1193,-0.006256903,0.9971727,-0.07488218,-2.134326,-0.988276,-0.01759003,-0.1516617,124.1054
-0.1513552,0.07261015,0.985809,605.6015,0.001241605,0.9973116,-0.07326677,-2.266799,-0.9884787,-0.009865324,-0.1510385,123.8702
-0.1503483,0.07491239,0.9857908,607.0799,0.003427176,0.9971585,-0.07525358,-2.402032,-0.9886272,-0.007935769,-0.1501778,123.6385
-0.1496771,0.07861561,0.9856045,608.555,0.003847843,0.9968727,-0.07893008,-2.53986,-0.9887275,-0.008021577,-0.1495116,123.4126
-0.1495769,0.07831022,0.9856441,610.0387,0.0008364754,0.9968683,-0.07907508,-2.682651,-0.9887498,-0.01100334,-0.149174,123.1942
-0.148825,0.07578455,0.9859553,611.521,-0.002081215,0.9970327,-0.07695018,-2.824801,-0.9888614,-0.0135041,-0.1482257,122.977
-0.147721,0.0750353,0.9861786,613.0022,-0.003800152,0.9970674,-0.07643305,-2.963844,-0.9890218,-0.01503839,-0.1470026,122.7629
-0.1468298,0.07526683,0.986294,614.4836,-0.005300252,0.9970266,-0.07687494,-3.099679,-0.9891476,-0.01651514,-0.1459943,122.5471
-0.1459918,0.07566124,0.9863882,615.9658,-0.007682821,0.9969543,-0.07760884,-3.235243,-0.989256,-0.01890849,-0.1449658,122.3354
-0.1453343,0.07492462,0.9865415,617.4445,-0.008493707,0.9969972,-0.07696998,-3.370905,-0.9893462,-0.01956577,-0.1442615,122.1166
-0.1452871,0.07387913,0.9866273,618.9264,-0.01026597,0.9970419,-0.07617073,-3.50959,-0.9893363,-0.02119531,-0.1440989,121.9034
-0.1455795,0.07477061,0.9865171,620.4019,-0.007950932,0.9970194,-0.07673994,-3.644953,-0.9893146,-0.01901549,-0.1445511,121.686
-0.1453987,0.07549331,0.9864887,621.8775,-0.006998586,0.9969811,-0.07732781,-3.782481,-0.9893484,-0.01814739,-0.1444314,121.471
-0.1449889,0.07513923,0.986576,623.3503,-0.003976254,0.9970599,-0.07652208,-3.919619,-0.9894253,-0.01501773,-0.1442639,121.2544
-0.1438153,0.07347773,0.9868729,624.8239,-0.002560349,0.9972087,-0.07462042,-4.058322,-0.9896013,-0.01325829,-0.1432257,121.0352
-0.1420977,0.07491911,0.9870133,626.2881,-0.002089217,0.9971067,-0.07598604,-4.19743,-0.9898505,-0.01285953,-0.1415301,120.8229
-0.1406262,0.0786378,0.9869348,627.7419,-0.003931929,0.9967884,-0.0799832,-4.339425,-0.990055,-0.01512829,-0.1398653,120.6154
-0.1399748,0.07764545,0.987106,629.195,-0.006824645,0.9968212,-0.07937742,-4.485251,-0.9901316,-0.01784748,-0.1389999,120.4151
-0.1388576,0.07504668,0.9874647,630.6377,-0.01140527,0.9969372,-0.07737041,-4.631806,-0.9902467,-0.02200578,-0.1375764,120.216
-0.1378093,0.07310941,0.9877568,632.0716,-0.01114035,0.9970945,-0.07535484,-4.772113,-0.9903962,-0.02138855,-0.1365944,120.0166
-0.1375322,0.07023104,0.9880043,633.4936,-0.01021221,0.9973295,-0.07231549,-4.906253,-0.9904447,-0.02003542,-0.1364478,119.8122
-0.137178,0.07009597,0.9880631,634.9104,-0.007618388,0.9973888,-0.07181528,-5.039168,-0.9905172,-0.01737892,-0.1362858,119.6107
-0.1370424,0.06998474,0.9880898,636.3188,-0.007772762,0.9973944,-0.07172182,-5.173869,-0.9905347,-0.01750912,-0.1361414,119.4126
-0.137703,0.07087567,0.9879345,637.7168,-0.007383334,0.9973353,-0.07257924,-5.306799,-0.9904461,-0.01728863,-0.1368128,119.2158
-0.1386907,0.07019029,0.9878452,639.1077,-0.00800411,0.9973731,-0.07199106,-5.440214,-0.9903034,-0.01789131,-0.1377645,119.0205
-0.1395658,0.06952549,0.987769,640.484,-0.009094947,0.9973999,-0.07148846,-5.573172,-0.9901711,-0.01896105,-0.1385706,118.8251
-0.1401837,0.06907541,0.9877131,641.8446,-0.01037412,0.9974063,-0.0712257,-5.704481,-0.9900712,-0.02023134,-0.1391035,118.6326
-0.1408634,0.06815384,0.9876804,643.1805,-0.01031856,0.9974724,-0.07030119,-5.829779,-0.9899753,-0.0200943,-0.1398041,118.4422
-0.1418027,0.06480142,0.9877716,644.4976,-0.01120124,0.997686,-0.0670599,-5.952741,-0.9898316,-0.02057354,-0.1407488,118.2561
-0.1427304,0.06176904,0.9878323,645.7878,-0.0118829,0.9978718,-0.06411377,-6.069315,-0.9896903,-0.02088929,-0.1416927,118.0703
-0.143174,0.06260695,0.9877153,647.0504,-0.01174755,0.9978193,-0.06495027,-6.180966,-0.9896278,-0.02090243,-0.1421263,117.8844
-0.1435374,0.06787195,0.9873147,648.2784,-0.009742383,0.9975002,-0.06998852,-6.293647,-0.989597,-0.01966477,-0.1425174,117.6984
-0.1437283,0.06948604,0.9871747,649.4851,-0.009238831,0.9973942,-0.07155053,-6.410502,-0.9895741,-0.01940418,-0.1427118,117.5205
-0.1432439,0.06594051,0.9874882,650.6695,-0.00848154,0.9976595,-0.06785004,-6.526455,-0.9896511,-0.01809453,-0.1423494,117.3448
-0.141859,0.06419165,0.9878033,651.8174,-0.008083942,0.9977868,-0.06600137,-6.633894,-0.9898539,-0.01734823,-0.1410261,117.176
-0.1402468,0.06351985,0.9880769,652.9332,-0.008712592,0.9978222,-0.06538301,-6.736937,-0.9900783,-0.01777846,-0.1393879,117.0159
-0.1383788,0.06209912,0.9884306,654.0157,-0.01012956,0.9978913,-0.06411164,-6.83414,-0.9903276,-0.01888405,-0.1374579,116.863
-0.1359375,0.05964993,0.98892,655.0645,-0.009222854,0.9980663,-0.06146942,-6.92894,-0.9906745,-0.01747666,-0.1351245,116.7124
-0.1337453,0.05607048,0.9894283,656.0738,-0.00863411,0.9982943,-0.05774004,-7.019342,-0.9909782,-0.01626529,-0.133033,116.5666
-0.1328421,0.05407817,0.9896608,657.0509,-0.01180477,0.9983532,-0.05613772,-7.109623,-0.9910669,-0.01914017,-0.131985,116.4399
-0.1323162,0.05483033,0.9896899,657.9807,-0.01053115,0.9983347,-0.05671724,-7.194317,-0.9911516,-0.01792719,-0.1315185,116.3142
-0.1315064,0.05743928,0.9896498,658.8703,-0.009438351,0.9982021,-0.05918985,-7.275101,-0.9912704,-0.0171245,-0.1307278,116.1936
-0.1313824,0.05751257,0.989662,659.7211,-0.01026214,0.9981833,-0.05937013,-7.356354,-0.9912787,-0.01795624,-0.1305535,116.0767
-0.1313258,0.05761171,0.9896638,660.5264,-0.01199953,0.9981444,-0.05969771,-7.432865,-0.9912667,-0.01971535,-0.1303908,115.9646
-0.1340778,0.05693583,0.9893338,661.2929,-0.01574419,0.9980997,-0.05957403,-7.506423,-0.9908458,-0.02356381,-0.1329266,115.8579
-0.1430611,0.05704748,0.9880684,662.0203,-0.01915244,0.9979909,-0.06039344,-7.573766,-0.9895286,-0.02756387,-0.141681,115.7505
-0.1590296,0.05674842,0.9856415,662.7011,-0.02280356,0.9978692,-0.06113171,-7.64033,-0.9870105,-0.03219788,-0.1573967,115.6308
-0.1822605,0.05612534,0.9816471,663.355,-0.02692243,0.9977103,-0.0620424,-7.700834,-0.9828817,-0.0377362,-0.1803322,115.5058
-0.2104577,0.05779421,0.9758931,663.9799,-0.02712415,0.9975214,-0.06492459,-7.758066,-0.9772266,-0.04013414,-0.2083684,115.3586
-0.2425576,0.06022132,0.9682661,664.544,-0.02541234,0.9973346,-0.06839523,-7.812578,-0.9698042,-0.04119568,-0.2403807,115.1851
-0.2797884,0.06314853,0.9579826,665.1394,-0.01977097,0.9972438,-0.07151089,-7.870549,-0.9598581,-0.03894816,-0.2777688,114.9993
-0.3226473,0.06275468,0.9444366,665.6528,-0.01798533,0.9972131,-0.07240584,-7.927666,-0.9463484,-0.04034755,-0.3206195,114.787
-0.3695533,0.0609536,0.9272082,666.2207,-0.01622366,0.9972708,-0.07202566,-7.985695,-0.9290679,-0.04166003,-0.3675559,114.5578
-0.4181999,0.05909287,0.9064308,666.7809,-0.01416937,0.9973359,-0.07155658,-8.042231,-0.9082445,-0.04276851,-0.4162485,114.3064
-0.4682378,0.05616713,0.8818155,667.2164,-0.01227118,0.997468,-0.07004953,-8.095726,-0.8835173,-0.04362075,-0.466363,114.0165
-0.5202411,0.05608996,0.8521755,667.7314,-0.009263195,0.9974116,-0.07130443,-8.15508,-0.8539692,-0.04498936,-0.518375,113.7224
-0.5728201,0.05788257,0.8176348,668.0814,-0.005453275,0.9972124,-0.07441583,-8.21182,-0.819663,-0.04708567,-0.5709077,113.3811
-0.6251709,0.05817084,0.7783171,668.5395,-0.004015138,0.9969657,-0.07773759,-8.2656,-0.7804776,-0.05172432,-0.6230404,113.0421
-0.6753574,0.06032681,0.7350191,668.8155,-0.0004353316,0.9966159,-0.08219743,-8.309868,-0.7374905,-0.05583261,-0.6730457,112.6521
-0.7216442,0.06612135,0.6890992,669.1895,0.008960554,0.9962368,-0.08620851,-8.364714,-0.6922062,-0.05603715,-0.719521,112.2683
-0.7642421,0.07180641,0.6409196,669.5344,0.02063087,0.9959957,-0.08698739,-8.419548,-0.6445994,-0.05325669,-0.7626633,111.859
-0.8046787,0.07140012,0.5894016,669.7217,0.02489268,0.9959267,-0.08666197,-8.469077,-0.5931885,-0.05506325,-0.8031784,111.4206
-0.8413933,0.06847417,0.5360678,670.0173,0.02668669,0.9959947,-0.08533609,-8.521558,-0.5397641,-0.05749533,-0.8398506,110.986
-0.8746252,0.06711189,0.4801321,670.1506,0.03072727,0.9960546,-0.08325269,-8.567497,-0.4838251,-0.05806174,-0.8732366,110.5132
-0.9035755,0.07088889,0.4225234,670.375,0.03980745,0.9958413,-0.08194829,-8.624582,-0.4265755,-0.05722688,-0.9026397,110.04
-0.9287189,0.0754517,0.3630265,670.5715,0.04827711,0.9953487,-0.08336832,-8.670623,-0.3676282,-0.05989986,-0.9280418,109.5531
-0.9504422,0.07772534,0.301029,670.6002,0.05307034,0.9945949,-0.08924376,-8.721843,-0.3063384,-0.06884531,-0.9494299,109.0393
-0.9685394,0.07699005,0.2366515,670.7435,0.05581335,0.9939184,-0.09492619,-8.762155,-0.2425206,-0.07873144,-0.9669463,108.5321
-0.9821453,0.07677478,0.1717447,670.7193,0.06059497,0.9933841,-0.09755068,-8.8097,-0.1780979,-0.08540207,-0.9802998,107.9914
-0.9915391,0.07296518,0.1073603,670.7989,0.06303171,0.9936523,-0.09317813,-8.866096,-0.1134776,-0.08562264,-0.9898442,107.4536
-0.9966656,0.07032458,0.04137727,670.8537,0.06645163,0.9938558,-0.08851382,-8.926874,-0.04734774,-0.08546908,-0.9952152,106.9058
-0.9973297,0.06828218,-0.02590486,670.7208,0.07032035,0.9936114,-0.08826934,-8.988273,0.01971214,-0.08985525,-0.9957598,106.3349
-0.99337,0.06659319,-0.09370898,670.6915,0.07514041,0.9930258,-0.09084999,-9.044011,0.08700544,-0.09728897,-0.9914459,105.7796
-0.9849364,0.06258508,-0.1611939,670.4796,0.07829631,0.9925798,-0.09303189,-9.110009,0.1541754,-0.1042514,-0.9825282,105.2037
-0.9718299,0.05879813,-0.2282313,670.3759,0.0823735,0.9920462,-0.09517777,-9.163384,0.2208197,-0.1112968,-0.9689436,104.646
-0.9549874,0.05538843,-0.2914295,670.2121,0.0865217,0.9917061,-0.0950421,-9.217767,0.2837482,-0.115979,-0.9518592,104.0834
-0.9347091,0.05492258,-0.3511444,669.8862,0.09285538,0.9914104,-0.09210437,-9.275436,0.3430696,-0.1186964,-0.9317802,103.505
-0.9122257,0.05220539,-0.4063482,669.6374,0.09691369,0.9911951,-0.09022165,-9.333919,0.3980603,-0.1216832,-0.9092531,102.9431
-0.8887327,0.05002448,-0.4556881,669.3414,0.1006381,0.9910699,-0.08747773,-9.389779,0.4472428,-0.1236039,-0.8858307,102.3805
-0.864865,0.04773039,-0.4997302,668.934,0.1049277,0.9906694,-0.08697333,-9.442521,0.4909162,-0.1276557,-0.8618035,101.8117
-0.8418699,0.04598955,-0.5377175,668.5705,0.1102645,0.9900022,-0.08796178,-9.490074,0.5282962,-0.1333435,-0.8385241,101.2535
-0.8212144,0.04357571,-0.5689535,668.1707,0.1130985,0.9897286,-0.08744113,-9.542441,0.5592993,-0.1361557,-0.8177077,100.6959
-0.8027332,0.0440468,-0.5947095,667.7134,0.1159311,0.9897685,-0.0831761,-9.59801,0.5849611,-0.1357135,-0.7996264,100.1285
-0.7867294,0.04463348,-0.6156823,667.257,0.1161018,0.9902817,-0.07656708,-9.654688,0.6062815,-0.1317194,-0.7842658,99.56918
-0.7726241,0.0419624,-0.6334754,666.784,0.1117527,0.9912221,-0.07064007,-9.711829,0.6249507,-0.1253708,-0.7705316,98.99997
-0.7594761,0.0386551,-0.6493858,666.2846,0.1073194,0.9920005,-0.06646373,-9.763801,0.6416219,-0.1201693,-0.7575491,98.43179
-0.746432,0.03717298,-0.6644226,665.7788,0.1054821,0.992425,-0.06297765,-9.817338,0.6570485,-0.1170932,-0.7446989,97.87203
-0.7330503,0.03533989,-0.6792557,665.2332,0.102026,0.9930637,-0.05843959,-9.854248,0.672479,-0.1121409,-0.7315712,97.30181
-0.7186117,0.02976077,-0.6947745,664.6919,0.09310857,0.9942059,-0.05371608,-9.902523,0.6891503,-0.1032904,-0.7172189,96.73017
-0.7037171,0.02544713,-0.7100245,664.1406,0.08394656,0.9953361,-0.04752818,-9.951545,0.7055036,-0.09305049,-0.7025712,96.16703
-0.6874673,0.02498717,-0.7257853,663.548,0.0805741,0.9958619,-0.04203485,-9.983917,0.7217316,-0.08737706,-0.6866358,95.61348
-0.6700028,0.02370287,-0.7419801,662.9511,0.07251518,0.9967999,-0.03363749,-10.01919,0.7388084,-0.07634201,-0.6695776,95.06952
-0.6510249,0.02137559,-0.7587553,662.3373,0.06312538,0.9976654,-0.02605649,-10.05144,0.756427,-0.06486013,-0.6508544,94.53464
-0.631092,0.01821553,-0.7754941,661.6931,0.05470138,0.9982805,-0.02106707,-10.07472,0.7737769,-0.05571584,-0.6310032,94.00972
-0.609987,0.01839494,-0.7921979,661.0454,0.05376118,0.9983877,-0.01821304,-10.09293,0.7905856,-0.0536992,-0.6099925,93.51509
-0.5880642,0.01941866,-0.8085811,660.3612,0.05354566,0.9984532,-0.01496405,-10.10891,0.8070399,-0.05209582,-0.5881944,93.03188
-0.5656126,0.02295489,-0.8243516,659.6812,0.05370299,0.998516,-0.009042563,-10.12551,0.8229207,-0.04938471,-0.5660059,92.56889
-0.544334,0.02835202,-0.8383893,658.9781,0.05494544,0.9984875,-0.001907851,-10.13214,0.8370672,-0.04710416,-0.5450685,92.10808
-0.5254016,0.03320865,-0.850206,658.2498,0.05849411,0.9982837,0.002844918,-10.14038,0.8488413,-0.04823731,-0.5264424,91.66145
-0.5102269,0.03774679,-0.8592111,657.5207,0.0608438,0.9981174,0.007718237,-10.14228,0.8578849,-0.0483396,-0.5115631,91.23078
-0.4998635,0.03964569,-0.8651963,656.784,0.05975191,0.9981502,0.0112166,-10.14771,0.8640407,-0.04609035,-0.5013078,90.79684
-0.4932803,0.04362236,-0.868776,656.0269,0.0584476,0.9981468,0.01693243,-10.14631,0.8679047,-0.04242542,-0.4949158,90.35545
-0.4905895,0.04655407,-0.8701463,655.2651,0.05513483,0.9982294,0.02232163,-10.145,0.8696448,-0.0370246,-0.4922876,89.90592
-0.4899546,0.04569446,-0.8705496,654.5015,0.04675005,0.9985655,0.02610251,-10.14401,0.8704936,-0.02790918,-0.4913879,89.4451
-0.4909372,0.04180163,-0.8701915,653.7332,0.04011262,0.9988734,0.02535278,-10.14159,0.870271,-0.02245902,-0.492061,88.98224
-0.4933263,0.03463569,-0.8691545,652.9631,0.0357748,0.9991694,0.01951124,-10.13661,0.8691084,-0.02146841,-0.4941556,88.5237
-0.4969439,0.02710487,-0.8673592,652.1783,0.03580712,0.9993013,0.01071275,-10.13302,0.8670436,-0.02573399,-0.4975673,88.06058
-0.5021236,0.02064788,-0.8645493,651.3922,0.03428307,0.9994043,0.003957258,-10.13577,0.8641161,-0.02765237,-0.5025324,87.59251
-0.5069264,0.02052318,-0.8617449,650.592,0.03645393,0.9993325,0.002355718,-10.14452,0.8612182,-0.03021981,-0.5073363,87.11193
-0.5122853,0.02164531,-0.8585425,649.7873,0.03446435,0.9993952,0.004631853,-10.16222,0.8581236,-0.02721628,-0.5127214,86.62273
-0.5156733,0.01878346,-0.8565793,648.9838,0.03129604,0.9995054,0.003076939,-10.18136,0.8562135,-0.02522084,-0.5160061,86.11908
-0.5174773,0.01172028,-0.8556166,648.1788,0.02677316,0.9996384,-0.002499321,-10.2066,0.855278,-0.0242009,-0.517604,85.6103
-0.5171674,0.007343275,-0.8558527,647.3616,0.02656698,0.999619,-0.007476862,-10.23491,0.8554718,-0.0266042,-0.5171655,85.10861
-0.5176611,0.005185426,-0.85557,646.5313,0.02403844,0.999675,-0.00848559,-10.26526,0.855248,-0.02495922,-0.5176175,84.59392
-0.5181485,0.00429508,-0.8552799,645.6934,0.02188611,0.9997265,-0.00823864,-10.29976,0.8550106,-0.02298758,-0.5181008,84.07343
-0.5194761,0.008132054,-0.8544463,644.8424,0.02426058,0.9996919,-0.005235243,-10.32492,0.8541406,-0.02344894,-0.5195133,83.54987
-0.5206476,0.01230231,-0.853683,643.9805,0.02830113,0.9995953,-0.002855368,-10.35283,0.8533025,-0.02564683,-0.5207851,83.0219
-0.5230508,0.01529571,-0.8521642,643.1181,0.02715558,0.9996304,0.001274772,-10.37586,0.8518688,-0.02247423,-0.5232728,82.48284
-0.525631,0.01695477,-0.8505437,642.252,0.02899085,0.9995776,0.002009446,-10.39451,0.8502186,-0.02360175,-0.5259006,81.94828
-0.5287789,0.01822432,-0.8485639,641.3927,0.03059137,0.9995291,0.002403678,-10.41407,0.8482082,-0.02468771,-0.5290874,81.41052
-0.5321793,0.01939733,-0.8464094,640.535,0.03270456,0.9994623,0.002341922,-10.4327,0.8459998,-0.02643512,-0.5325275,80.86911
-0.5357203,0.02273988,-0.8440892,639.6813,0.03559328,0.9993569,0.004332745,-10.45077,0.843645,-0.02772276,-0.5361852,80.32439
-0.5399153,0.02339591,-0.8413941,638.8312,0.03723367,0.999299,0.003894121,-10.46791,0.8408955,-0.02922568,-0.5404079,79.76797
-0.5435564,0.0205371,-0.8391214,637.9859,0.03626349,0.9993418,0.0009680864,-10.48472,0.838589,-0.02990325,-0.5439434,79.2121
-0.5462563,0.0202326,-0.8373737,637.1493,0.03734254,0.9993025,-0.0002150747,-10.50813,0.8367853,-0.03138713,-0.5466309,78.65837
-0.5481044,0.02221977,-0.8361147,636.315,0.03658003,0.9993274,0.002577593,-10.53704,0.8356096,-0.0291723,-0.5485486,78.09906
-0.5494082,0.02404203,-0.8352081,635.4874,0.037338,0.9992938,0.004204055,-10.56509,0.8347194,-0.02887525,-0.5499179,77.54032
-0.5509805,0.02226317,-0.8342211,634.6665,0.03631386,0.9993368,0.002685356,-10.58281,0.8337277,-0.0288142,-0.5514236,76.99384
-0.5518853,0.02000535,-0.83368,633.8524,0.03689377,0.9993191,-0.0004430953,-10.60249,0.8331035,-0.03100213,-0.5522476,76.44864
-0.5524491,0.02063119,-0.8332913,633.0517,0.03582686,0.9993575,0.0009905732,-10.63017,0.8327764,-0.02930696,-0.5528333,75.90526
-0.5519303,0.02488978,-0.8335187,632.2519,0.03561458,0.999346,0.0062587,-10.64811,0.8331294,-0.02623104,-0.5524558,75.35515
-0.5523929,0.02398724,-0.8332387,631.4568,0.03402112,0.9994018,0.006216564,-10.65785,0.8328894,-0.02491372,-0.5528785,74.80841
-0.5529905,0.02204978,-0.8328957,630.6658,0.03467605,0.9993927,0.003434852,-10.66245,0.8324657,-0.02698209,-0.5534193,74.27009
-0.5535982,0.02224282,-0.8324868,629.8795,0.03695414,0.9993147,0.002125975,-10.67161,0.8319636,-0.02958689,-0.5540408,73.73857
-0.5549657,0.02265438,-0.8315647,629.1065,0.03696632,0.9993132,0.00255397,-10.68866,0.8310515,-0.02932251,-0.555422,73.211
-0.5571149,0.02285053,-0.830121,628.3434,0.03772738,0.9992857,0.002187308,-10.70814,0.829578,-0.0300997,-0.557579,72.68462
-0.5595744,0.02152435,-0.8285006,627.5905,0.03831602,0.9992656,8.194623E-05,-10.7213,0.827894,-0.03169898,-0.5599882,72.16355
-0.5616613,0.02225835,-0.8270678,626.8447,0.03673508,0.9993231,0.001947388,-10.73087,0.8265513,-0.02928862,-0.5620988,71.63711
-0.5638191,0.02593636,-0.825491,626.1107,0.03834622,0.9992509,0.005204922,-10.7391,0.8250077,-0.02871981,-0.5643913,71.12089
-0.5665703,0.02704491,-0.8235694,625.3872,0.03736404,0.9992764,0.007110497,-10.74782,0.8231659,-0.02674328,-0.5671709,70.61005
-0.5687962,0.02254226,-0.8221695,624.6843,0.03544747,0.9993674,0.002877294,-10.75119,0.8217143,-0.02750723,-0.5692354,70.10311
-0.5709124,0.02077061,-0.8207482,623.9951,0.03446468,0.999405,0.001318254,-10.75593,0.8202873,-0.0275342,-0.5712886,69.60583
-0.5723389,0.02096456,-0.8197491,623.3185,0.03403199,0.9994191,0.001798798,-10.75717,0.8193107,-0.02686816,-0.57272,69.11566
-0.5730789,0.02192998,-0.8192067,622.6615,0.03341156,0.9994359,0.003381521,-10.759,0.8188188,-0.02543308,-0.5734884,68.63581
-0.5736792,0.02035206,-0.8188272,622.0271,0.03048945,0.999529,0.003482196,-10.75355,0.8185124,-0.02296792,-0.5740295,68.166
-0.5748052,0.01762959,-0.8181003,621.4105,0.02771047,0.9996138,0.002071474,-10.75959,0.817821,-0.02147924,-0.5750718,67.70924
-0.5760171,0.0214079,-0.8171573,620.8086,0.0300274,0.9995364,0.005019466,-10.76815,0.816886,-0.0216458,-0.5763929,67.27259
-0.5779511,0.02531529,-0.8156787,620.2264,0.03414856,0.9993935,0.006821009,-10.77507,0.8153567,-0.02391204,-0.578465,66.85124
-0.5795313,0.02749158,-0.8144862,619.6701,0.03215759,0.9994239,0.01085276,-10.78381,0.8143153,-0.01990239,-0.5800814,66.43697
-0.5810567,0.02648818,-0.8134319,619.1421,0.02907267,0.9995079,0.01178007,-10.79462,0.8133437,-0.01680374,-0.5815409,66.03572
-0.5827826,0.02721465,-0.8121722,618.6337,0.03042426,0.999469,0.01165945,-10.80289,0.8120584,-0.01791481,-0.5833012,65.65583
-0.5843661,0.02653584,-0.8110562,618.1539,0.02913307,0.9995069,0.01171113,-10.8155,0.8109671,-0.01678496,-0.584851,65.28911
-0.585786,0.02546061,-0.8100657,617.697,0.03007,0.999501,0.009669998,-10.82404,0.8099078,-0.01869412,-0.5862593,64.94478
-0.5868472,0.02593083,-0.8092823,617.2685,0.03291817,0.9994248,0.008152889,-10.83564,0.8090283,-0.02185558,-0.5873633,64.62793
-0.5875913,0.02757482,-0.8086879,616.8671,0.03500145,0.9993499,0.008644071,-10.84459,0.8084006,-0.02322606,-0.5881744,64.32758
-0.5885092,0.02588011,-0.8080762,616.4909,0.03628297,0.9993259,0.005580928,-10.85055,0.807676,-0.02603497,-0.5890515,64.04612
-0.588764,0.02251211,-0.8079915,616.1466,0.03174843,0.9994848,0.004713158,-10.85254,0.8076813,-0.02287751,-0.5891753,63.77847
-0.5886684,0.02128261,-0.8080944,615.8196,0.02828787,0.9995834,0.005719114,-10.84752,0.8078796,-0.0194926,-0.5890252,63.53086
-0.5900284,0.02380997,-0.8070313,615.5139,0.03070002,0.9995038,0.007043445,-10.84264,0.8067986,-0.02062004,-0.5904666,63.31555
-0.5913783,0.02790495,-0.8059113,615.2297,0.03727447,0.9992788,0.007248344,-10.84514,0.8055324,-0.02575339,-0.5919919,63.11774
-0.5912593,0.02707243,-0.806027,614.9738,0.03828478,0.9992518,0.005478666,-10.84148,0.8055723,-0.02761924,-0.5918534,62.93212
-0.5921048,0.02491408,-0.8054758,614.7441,0.03656719,0.999323,0.004029442,-10.84211,0.8050309,-0.02706812,-0.592615,62.75796
-0.5938043,0.02441548,-0.804239,614.5303,0.03583471,0.9993502,0.00388046,-10.836,0.8038112,-0.02651543,-0.5942933,62.6042
-0.5939757,0.02615551,-0.8040577,614.3308,0.03716288,0.9992964,0.00505346,-10.83889,0.8036242,-0.02687945,-0.5945298,62.46162
-0.5938996,0.02663189,-0.8040983,614.1529,0.03712016,0.9992946,0.005680238,-10.83935,0.8036824,-0.02647475,-0.5944693,62.32641
-0.5948834,0.02399536,-0.8034537,613.9794,0.0379181,0.9992793,0.001768902,-10.83308,0.8029172,-0.02941314,-0.5953645,62.19637
-0.5955525,0.02168356,-0.8030237,613.8111,0.03853096,0.9992561,-0.001593686,-10.82475,0.8023918,-0.03189039,-0.5959449,62.0693
-0.5949362,0.02129948,-0.8034907,613.6452,0.03959457,0.9992118,-0.002829576,-10.82308,0.8027972,-0.03349728,-0.5953106,61.94494
-0.5952631,0.02157974,-0.803241,613.4789,0.04059464,0.9991704,-0.003240177,-10.8133,0.8025048,-0.03453603,-0.5956453,61.821
-0.5956436,0.02249599,-0.8029338,613.3132,0.04125633,0.9991452,-0.002612052,-10.80582,0.8021887,-0.03468195,-0.5960625,61.69425
-0.5954943,0.02220131,-0.8030527,613.1522,0.04080173,0.9991638,-0.002633006,-10.80397,0.8023227,-0.03433387,-0.5959022,61.56966
-0.5953729,0.02129884,-0.8031671,612.991,0.04022453,0.9991851,-0.003320738,-10.798,0.802442,-0.03428409,-0.5957445,61.44762
-0.5956074,0.01925619,-0.8030448,612.8304,0.0387687,0.9992367,-0.004793538,-10.79146,0.8023396,-0.03398806,-0.5958993,61.32249
-0.5958549,0.01848997,-0.8028792,612.6714,0.03781808,0.9992718,-0.005053782,-10.78498,0.8022012,-0.03337466,-0.5961203,61.19808
-0.5959575,0.019761,-0.8027728,612.5071,0.03797438,0.9992722,-0.003593157,-10.78137,0.8021176,-0.03262616,-0.5962742,61.07369
-0.596049,0.02100963,-0.8026731,612.348,0.03934346,0.999221,-0.003061461,-10.78161,0.8019836,-0.03340471,-0.5964113,60.95679
-0.5964138,0.02214273,-0.8023716,612.1916,0.0410788,0.9991515,-0.002961245,-10.78752,0.8016253,-0.03472658,-0.5968174,60.84182
-0.5964489,0.02230769,-0.802341,612.0437,0.04148109,0.9991346,-0.003057242,-10.79376,0.8015785,-0.03510546,-0.596858,60.73134
-0.5963955,0.02149369,-0.8024029,611.9005,0.04032709,0.9991814,-0.003208858,-10.80293,0.8016771,-0.03427231,-0.5967741,60.61897
-0.5966333,0.02064705,-0.8022483,611.7571,0.03949415,0.9992131,-0.00365562,-10.80545,0.8015416,-0.03386517,-0.5969793,60.50642
-0.5968679,0.02126865,-0.8020576,611.6151,0.03998307,0.999195,-0.003257964,-10.81255,0.8013427,-0.03401329,-0.5972378,60.40031
-0.5967324,0.02276226,-0.8021174,611.4761,0.04121168,0.9991478,-0.002305744,-10.81876,0.8013814,-0.03443251,-0.5971619,60.29891
-0.5967165,0.02348119,-0.8021085,611.3439,0.04139156,0.9991418,-0.001543402,-10.81989,0.8013839,-0.03412148,-0.5971763,60.20132
-0.5967222,0.02257342,-0.8021303,611.2231,0.04021935,0.9991892,-0.001801014,-10.81783,0.8014394,-0.03333585,-0.5971463,60.10489
-0.5967627,0.02047729,-0.8021564,611.1093,0.03850119,0.9992536,-0.003134133,-10.82428,0.8014936,-0.0327543,-0.5971057,60.01185
-0.5969434,0.01969388,-0.8020416,610.9958,0.03863292,0.9992445,-0.004217559,-10.83316,0.8013527,-0.03350284,-0.5972533,59.92384
-0.5969639,0.020684,-0.8020014,610.8817,0.04090451,0.9991521,-0.004678348,-10.83923,0.8012247,-0.03559827,-0.5973038,59.84108
-0.5967815,0.02227846,-0.8020945,610.7661,0.04383733,0.9990268,-0.004867896,-10.84023,0.8012055,-0.03806674,-0.5971773,59.7584
-0.5964777,0.02256854,-0.8023123,610.6572,0.04397921,0.9990219,-0.004594394,-10.84191,0.8014239,-0.03802551,-0.5968868,59.67128
-0.5968017,0.02312042,-0.8020556,610.544,0.04124701,0.9991472,-0.001889617,-10.8356,0.8013279,-0.03421011,-0.5972464,59.57761
-0.5969164,0.02269891,-0.8019823,610.434,0.0374285,0.9992992,0.0004256092,-10.83002,0.80143,-0.02976293,-0.5973476,59.48389
-0.5967721,0.0209515,-0.8021372,610.3302,0.03519448,0.9993805,-8.047431E-05,-10.83372,0.8016386,-0.02827882,-0.5971397,59.39758
-0.5969052,0.01947368,-0.8020754,610.2291,0.03520506,0.9993782,-0.00193561,-10.8416,0.8015391,-0.02939248,-0.5972196,59.31664
-0.5970564,0.0187493,-0.8019802,610.1273,0.03616595,0.9993394,-0.003561422,-10.85035,0.8013837,-0.03113073,-0.5973401,59.23631
-0.5970311,0.01870595,-0.802,610.025,0.03656085,0.9993238,-0.003908554,-10.85672,0.8013846,-0.03165532,-0.5973113,59.15471
-0.5972291,0.01837996,-0.8018601,609.9206,0.03631232,0.9993319,-0.004139223,-10.858,0.8012483,-0.03158945,-0.5974975,59.06999
-0.5975144,0.01741453,-0.8016691,609.8106,0.03602575,0.9993376,-0.005142896,-10.85383,0.8010485,-0.03195367,-0.597746,58.9832
-0.5977829,0.01594164,-0.8014995,609.6925,0.0357893,0.9993361,-0.006816171,-10.84677,0.8008588,-0.03275968,-0.5979565,58.89047
-0.5985627,0.01389851,-0.8009554,609.5668,0.03635794,0.9992905,-0.009830563,-10.84532,0.8002505,-0.03500528,-0.5986433,58.79275
-0.5996039,0.01145073,-0.800215,609.4269,0.03733446,0.9992092,-0.01367659,-10.8453,0.7994256,-0.03807612,-0.5995573,58.68324
-0.600996,0.009424697,-0.7991965,609.2668,0.03812601,0.9991302,-0.0168883,-10.84724,0.7983422,-0.04061996,-0.6008326,58.55681
-0.6032812,0.00753137,-0.797493,609.0866,0.03744874,0.9991199,-0.01889342,-10.85141,0.7966489,-0.04126314,-0.6030323,58.41027
-0.6065765,0.005629727,-0.7950052,608.885,0.03655084,0.999115,-0.02081261,-10.85837,0.7941845,-0.04168254,-0.6062455,58.24501
-0.6108501,0.005921231,-0.7917242,608.6581,0.03778525,0.9990506,-0.02168117,-10.86268,0.7908442,-0.04315942,-0.6104939,58.06365
-0.6154905,0.006548639,-0.7881171,608.4078,0.0408527,0.9988863,-0.02360449,-10.8594,0.7870848,-0.04672504,-0.6150726,57.86475
-0.6208312,0.005020111,-0.7839282,608.1414,0.04177337,0.9987706,-0.02668645,-10.85098,0.7828305,-0.04931509,-0.6202777,57.64325
-0.6276233,0.003695327,-0.7785084,607.8549,0.03903623,0.9988802,-0.02672913,-10.85104,0.7775379,-0.04716585,-0.6270647,57.39812
-0.6349994,0.004912246,-0.772497,607.5536,0.04151918,0.9987515,-0.02777814,-10.85729,0.7713961,-0.04971253,-0.6344105,57.14145
-0.6425013,0.007550149,-0.7662474,607.2262,0.04526365,0.9985794,-0.02811432,-10.84763,0.7649466,-0.05274663,-0.6419303,56.86485
-0.6501649,0.01079907,-0.7597164,606.8856,0.04760207,0.9985136,-0.02654433,-10.84516,0.7583006,-0.05342225,-0.6497125,56.57174
-0.6579294,0.01381673,-0.7529528,606.5341,0.04794939,0.9985715,-0.02357428,-10.84757,0.7515516,-0.05161383,-0.6576521,56.25489
-0.6661731,0.01114207,-0.7457139,606.1751,0.04602035,0.9985971,-0.02619111,-10.8524,0.7443759,-0.05176582,-0.6657513,55.92283
-0.6738117,0.01053538,-0.7388279,605.7989,0.04609699,0.99855,-0.02780158,-10.85192,0.7374638,-0.05279076,-0.6733204,55.57109
-0.6808362,0.01604412,-0.73226,605.4022,0.04874415,0.9985361,-0.02344267,-10.85101,0.730812,-0.05165399,-0.6806216,55.20007
-0.6875419,0.02165847,-0.7258216,604.9888,0.05239354,0.9984294,-0.01983723,-10.84809,0.7242521,-0.05166728,-0.6875969,54.81576
-0.6941966,0.02331629,-0.7194077,604.5756,0.05234638,0.998464,-0.0181513,-10.84914,0.7178795,-0.05025895,-0.6943508,54.41248
-0.6993253,0.02243719,-0.7144513,604.1571,0.04687279,0.9987954,-0.01451345,-10.84897,0.7132651,-0.04363794,-0.6995347,53.9836
-0.703421,0.02428347,-0.7103585,603.721,0.04457108,0.9989563,-0.00998664,-10.849,0.7093746,-0.03868624,-0.7037692,53.53979
-0.7071603,0.0211334,-0.7067374,603.2807,0.04059847,0.9991177,-0.01074636,-10.85762,0.7058868,-0.03629185,-0.7073943,53.08678
-0.7085821,0.01966788,-0.7053542,602.8244,0.03672796,0.9992845,-0.009032279,-10.86177,0.7046719,-0.03230632,-0.7087974,52.61497
-0.7098314,0.01722167,-0.7041611,602.3576,0.03107686,0.9994933,-0.006882484,-10.86318,0.7036858,-0.02676851,-0.7100069,52.12981
-0.7118773,0.01785349,-0.7020769,601.8734,0.03203443,0.9994618,-0.007065743,-10.8637,0.7015729,-0.02752057,-0.7120661,51.63483
-0.7131645,0.01841389,-0.7007548,601.3777,0.0320645,0.9994655,-0.006369142,-10.8686,0.700263,-0.02701159,-0.7133738,51.12461
-0.7139192,0.01924606,-0.6999636,600.8722,0.03426314,0.9993849,-0.007467361,-10.87876,0.6993894,-0.02931404,-0.7141395,50.59895
-0.7160014,0.01007426,-0.6980261,600.3665,0.02745272,0.9995287,-0.01373397,-10.89051,0.6975589,-0.02899625,-0.7159406,50.05776
-0.7170877,0.001578977,-0.6969811,599.8496,0.02130503,0.9995798,-0.01965513,-10.90722,0.6966572,-0.02894365,-0.7168201,49.50071
-0.718387,-0.0009884114,-0.695643,599.3131,0.02339173,0.9993991,-0.02557652,-10.92426,0.6952503,-0.03464613,-0.7179323,48.9408
-0.7198182,0.003797116,-0.6941522,598.7574,0.03039708,0.9991982,-0.02605523,-10.94563,0.6934968,-0.03985522,-0.7193565,48.36507
-0.720331,0.004433188,-0.6936163,598.1997,0.02688962,0.9994063,-0.02153765,-10.97494,0.6931091,-0.03416531,-0.7200226,47.76481
-0.7212024,0.00339378,-0.6927161,597.6365,0.02369484,0.9995237,-0.01977232,-11.00894,0.6923191,-0.03067363,-0.7209393,47.15386
-0.7228453,0.004137346,-0.6909975,597.0613,0.02191671,0.9996162,-0.01694164,-11.04019,0.6906622,-0.02739057,-0.7226586,46.53114
-0.7246507,0.003970665,-0.6891049,596.4781,0.02292255,0.9995689,-0.01834537,-11.06657,0.6887351,-0.02909002,-0.7244293,45.90216
-0.7267578,0.007361762,-0.6868544,595.8811,0.02479738,0.9995719,-0.0155245,-11.09864,0.6864461,-0.02831473,-0.7266292,45.24823
-0.7296673,0.009606365,-0.6837349,595.2758,0.0266417,0.9995415,-0.01438805,-11.12293,0.6832832,-0.02871434,-0.7295887,44.58974
-0.7332413,0.01006491,-0.6798941,594.6712,0.02698389,0.9995335,-0.0143044,-11.15506,0.679433,-0.02883475,-0.7331708,43.91619
-0.7371188,0.01413464,-0.6756154,594.0578,0.03056738,0.9994553,-0.01244027,-11.18162,0.6750715,-0.02982174,-0.7371493,43.2366
-0.741021,0.0180957,-0.671238,593.4438,0.03382232,0.9993738,-0.01039672,-11.21685,0.6706295,-0.030407,-0.741169,42.54869
-0.7441723,0.01992561,-0.6676905,592.8339,0.03622991,0.9992877,-0.01055859,-11.24681,0.6670046,-0.03204777,-0.7443641,41.85865
-0.7469843,0.01840045,-0.664587,592.2286,0.03593295,0.9992732,-0.01272108,-11.27914,0.66387,-0.03338301,-0.7471026,41.16615
-0.7487295,0.01807712,-0.6626292,591.6198,0.03762668,0.9991754,-0.01525738,-11.31105,0.661807,-0.03635618,-0.7487922,40.47923
-0.7498303,0.0130091,-0.6615023,591.0189,0.03352279,0.9992695,-0.01834734,-11.3477,0.6607804,-0.03593279,-0.7497187,39.79061
-0.7492833,0.01031958,-0.6621692,590.4165,0.03203294,0.9992729,-0.02067397,-11.38702,0.6614744,-0.03670188,-0.7490691,39.09726
-0.7487489,0.006609072,-0.6628208,589.8115,0.02859818,0.9993413,-0.02234108,-11.41673,0.6622366,-0.03568331,-0.7484447,38.40761
-0.7472365,0.002974616,-0.6645516,589.2034,0.0234481,0.9994853,-0.02189173,-11.44789,0.6641445,-0.03194076,-0.7469217,37.71988
-0.7460979,0.004752949,-0.6658193,588.5897,0.02408749,0.9995126,-0.01985672,-11.47534,0.6654004,-0.03085296,-0.7458488,37.03595
-0.7447574,0.007952666,-0.6672879,587.9705,0.02796698,0.9994224,-0.01930282,-11.50494,0.666749,-0.03303793,-0.7445497,36.34581
-0.7429534,0.00981117,-0.6692712,587.3486,0.02908055,0.9994215,-0.0176311,-11.54032,0.6687111,-0.03256185,-0.742809,35.65009
-0.7411952,0.0074348,-0.6712483,586.7274,0.02879884,0.9993702,-0.02073068,-11.57309,0.6706715,-0.03469665,-0.7409426,34.953
-0.7394726,0.006520714,-0.6731551,586.1016,0.02915584,0.999325,-0.02234794,-11.60601,0.672555,-0.03615208,-0.7391636,34.25941
-0.73776,0.006731315,-0.6750296,585.4709,0.029807,0.9992998,-0.02261205,-11.63827,0.6744048,-0.03680286,-0.7374441,33.56322
-0.7356899,0.006725096,-0.6772851,584.8353,0.02987265,0.9992998,-0.02252613,-11.67232,0.6766594,-0.03680453,-0.7353757,32.86909
-0.7339118,0.005885337,-0.6792193,584.1966,0.02880444,0.9993326,-0.02246476,-11.70604,0.6786338,-0.03605168,-0.7335915,32.17088
-0.7320401,0.006070089,-0.6812345,583.5539,0.02999289,0.9992779,-0.02332572,-11.74538,0.680601,-0.03750754,-0.7316935,31.47256
-0.7304156,0.005971683,-0.6829768,582.9099,0.03041529,0.9992542,-0.0237908,-11.7797,0.6823254,-0.0381501,-0.7300525,30.77846
-0.7287296,0.004175653,-0.6847888,582.2613,0.03093936,0.999161,-0.02683202,-11.81017,0.6841023,-0.0407402,-0.7282474,30.08245
-0.727831,0.004211614,-0.6857436,581.6089,0.03047605,0.9991918,-0.0262098,-11.84302,0.685079,-0.03997505,-0.7273712,29.38262
-0.7273814,0.004034178,-0.6862216,580.9564,0.03080447,0.9991666,-0.02677819,-11.88154,0.6855417,-0.04061664,-0.7268995,28.68287
-0.7272252,0.004851457,-0.6863818,580.2979,0.0294193,0.9992764,-0.02410685,-11.92518,0.6857682,-0.03772398,-0.7268417,27.97705
-0.7272455,0.003805783,-0.6863669,579.6399,0.02888365,0.9992685,-0.02506312,-11.96837,0.6857695,-0.03805181,-0.7268234,27.26971
-0.7274614,0.002191051,-0.6861452,578.9819,0.02733856,0.9992934,-0.02579372,-12.00728,0.6856038,-0.03752215,-0.7270072,26.55966
-0.7282441,0.0003724066,-0.6853177,578.3215,0.02666734,0.9992579,-0.0277947,-12.04305,0.6847988,-0.03851692,-0.7277136,25.84731
-0.7293007,0.001824487,-0.6841909,577.6565,0.0277089,0.9992548,-0.02687113,-12.08468,0.683632,-0.0385553,-0.7288078,25.13063
-0.7303412,0.003460958,-0.6830737,576.9896,0.02883654,0.9992519,-0.02576902,-12.12757,0.6824736,-0.03851765,-0.7298947,24.41211
-0.7313077,0.000231274,-0.6820476,576.3293,0.02773788,0.9991827,-0.0294024,-12.17159,0.6814834,-0.04042075,-0.7307165,23.69459
-0.7325549,-0.00160571,-0.680706,575.6697,0.02704423,0.999139,-0.03146102,-12.2178,0.6801705,-0.04145609,-0.7318808,22.97735
-0.7340705,-0.003507362,-0.6790642,575.0134,0.02745142,0.999016,-0.03483497,-12.26829,0.6785182,-0.04421259,-0.7332519,22.26179
-0.7356502,-0.001996564,-0.6773587,574.3601,0.02505278,0.9992312,-0.03015404,-12.32193,0.6768982,-0.03915253,-0.7350347,21.53752
-0.7373096,0.000326313,-0.6755549,573.7105,0.0254535,0.9993032,-0.02729759,-12.37404,0.6750753,-0.037322,-0.7368042,20.81582
-0.7389978,0.002105842,-0.6737046,573.061,0.02444067,0.9994206,-0.02368542,-12.42,0.6732644,-0.03396926,-0.7386211,20.0923
-0.7401895,0.002616078,-0.6723933,572.4145,0.02657129,0.9993251,-0.02536234,-12.45957,0.6718732,-0.03663928,-0.7397595,19.37693
-0.7418849,0.002206993,-0.6705236,571.7728,0.02668484,0.9992995,-0.02623566,-12.49786,0.6699961,-0.03735665,-0.7414242,18.65815
-0.7432837,0.002523786,-0.6689716,571.1353,0.0281146,0.9992272,-0.02746795,-12.53619,0.6683853,-0.03922434,-0.7427803,17.94196
-0.7450089,0.003067544,-0.6670475,570.5015,0.02907355,0.9991885,-0.02787656,-12.57914,0.6664207,-0.04016171,-0.7444935,17.22896
-0.746228,0.001933837,-0.6656877,569.8728,0.03040023,0.9990515,-0.03117602,-12.62044,0.664996,-0.04350147,-0.745579,16.52128
-0.7476201,-0.0003660577,-0.6641266,569.253,0.0289855,0.999029,-0.03318018,-12.66639,0.6634939,-0.04405619,-0.7468835,15.81237
-0.7490362,-0.0007964299,-0.6625286,568.6346,0.02755648,0.9990964,-0.03235559,-12.71147,0.6619558,-0.04249246,-0.7483374,15.1027
-0.7502665,0.0007669555,-0.6611351,568.0181,0.02586468,0.9992678,-0.02819243,-12.7531,0.6606294,-0.03825188,-0.749737,14.39283
-0.7507624,0.003913036,-0.6605607,567.4028,0.02525151,0.9994215,-0.0227793,-12.79528,0.6600895,-0.03378199,-0.750427,13.68455
-0.7508166,0.001003332,-0.6605099,566.7964,0.02199562,0.9994822,-0.02348467,-12.83587,0.6601444,-0.03216099,-0.7504499,12.98106
-0.7499897,-0.003762714,-0.6614388,566.199,0.0193685,0.9994301,-0.02764691,-12.88189,0.6611659,-0.03354597,-0.7494894,12.28701
-0.7489816,-0.005998652,-0.6625636,565.597,0.01878508,0.9993648,-0.03028315,-12.92698,0.6623245,-0.03512782,-0.7483932,11.59476
-0.7474041,-0.003957239,-0.664358,564.9902,0.02304684,0.9992259,-0.03187961,-12.9675,0.6639699,-0.03913829,-0.7467343,10.91187
-0.7456865,0.001465452,-0.6662954,564.3812,0.02904904,0.9991182,-0.03031285,-13.00929,0.6656635,-0.04195911,-0.7450715,10.2361
-0.7443831,0.003610268,-0.667743,563.7768,0.03276596,0.9989783,-0.03112551,-13.05035,0.6669484,-0.04504853,-0.7437409,9.568871
-0.7429975,0.004365361,-0.66928,563.1841,0.03430547,0.9989127,-0.03156863,-13.09917,0.6684145,-0.04641536,-0.7423393,8.909222
-0.7417388,0.006031702,-0.6706617,562.5935,0.03710135,0.9987974,-0.03205051,-13.14778,0.6696619,-0.04865555,-0.7410706,8.255447
-0.7402123,0.00369899,-0.6723631,562.0162,0.03523788,0.998824,-0.03329877,-13.19798,0.6714493,-0.04834079,-0.7394722,7.610878
-0.7384944,-0.0004613615,-0.6742595,561.4478,0.03215971,0.9988375,-0.03590693,-13.24838,0.6734923,-0.04820104,-0.7376211,6.973817
-0.7369893,-0.00978628,-0.6758336,560.8969,0.02912194,0.9985069,-0.04621585,-13.29868,0.6752768,-0.05374216,-0.7356039,6.359508
-0.7354529,-0.01515575,-0.6774063,560.3578,0.02763736,0.9982468,-0.05233957,-13.35478,0.677012,-0.057215,-0.7337447,5.761759
-0.7344677,-0.02000385,-0.6783487,559.8303,0.02299582,0.9982579,-0.05433589,-13.41042,0.6782539,-0.05550713,-0.7327282,5.174447
-0.7334502,-0.0155013,-0.6795664,559.3052,0.02624232,0.9983489,-0.05109601,-13.45738,0.6792365,-0.05530977,-0.7318324,4.607283
-0.7329837,-0.01032177,-0.6801679,558.7906,0.02953275,0.9984592,-0.04697793,-13.50263,0.6796049,-0.05452126,-0.7315495,4.059161
-0.7324668,-0.008486092,-0.6807498,558.301,0.03267231,0.998332,-0.04759945,-13.54744,0.6800183,-0.05710667,-0.7309678,3.537414
-0.7320279,-0.009202679,-0.6812125,557.8372,0.03286569,0.9982675,-0.04880318,-13.59863,0.6804815,-0.0581138,-0.7304572,3.031586
-0.731977,-0.007866362,-0.6812839,557.3888,0.0396875,0.9977432,-0.05416089,-13.64868,0.6801725,-0.06668297,-0.7300129,2.556647
-0.7324841,-0.009799442,-0.6807136,556.9636,0.04064882,0.9974828,-0.05809989,-13.69656,0.6795695,-0.07022744,-0.730242,2.098999
-0.7322155,-0.009906345,-0.681001,556.5559,0.03969413,0.9975738,-0.05719076,-13.74547,0.6799154,-0.06890769,-0.7300458,1.653286
-0.7320172,-0.01125641,-0.6811931,556.1663,0.036473,0.9977821,-0.05568215,-13.79439,0.6803092,-0.06560543,-0.7299832,1.2243
-0.7327835,-0.00879361,-0.680405,555.7882,0.0387665,0.9977529,-0.05464583,-13.84594,0.6793567,-0.06642047,-0.7307961,0.8169201
-0.7328658,-0.01072426,-0.6802887,555.4289,0.0377571,0.9976939,-0.05640314,-13.90309,0.6793248,-0.06702164,-0.7307708,0.4233178
-0.7324333,-0.01714381,-0.680623,555.0868,0.03422375,0.997492,-0.06195415,-13.95315,0.6799782,-0.06867073,-0.7300096,0.03811962
-0.732329,-0.02187466,-0.6805996,554.7515,0.02971288,0.9975054,-0.06403133,-14.00156,0.6803025,-0.06711455,-0.7298522,-0.3399935
-0.7321704,-0.02183077,-0.6807716,554.4192,0.02908841,0.9975721,-0.06327443,-14.04377,0.6805001,-0.06613021,-0.7297578,-0.7073627
-0.7322187,-0.02013431,-0.6807719,554.0919,0.02957834,0.9976797,-0.0613207,-14.09013,0.680427,-0.06503625,-0.7299243,-1.065239
-0.7317458,-0.01768778,-0.6813481,553.7707,0.03015264,0.9978444,-0.05828697,-14.13144,0.6809104,-0.06319568,-0.7296351,-1.417053
-0.7315042,-0.02048834,-0.681529,553.4605,0.02598439,0.9979846,-0.0578915,-14.17213,0.6813416,-0.06005697,-0.7294976,-1.759813
-0.7308758,-0.02173412,-0.6821644,553.1562,0.02437832,0.9980237,-0.05791666,-14.20641,0.682075,-0.05895989,-0.7289015,-2.093206
-0.7305758,-0.02155185,-0.6824914,552.8539,0.02476447,0.9980079,-0.05802453,-14.23971,0.6823824,-0.05929284,-0.7285867,-2.416138
-0.7299666,-0.01875047,-0.6832255,552.5559,0.0289671,0.9978767,-0.05833458,-14.27067,0.6828687,-0.06237335,-0.7278736,-2.730761
-0.7297859,-0.01650558,-0.6834765,552.2654,0.03190156,0.9977974,-0.05815932,-14.30044,0.6829311,-0.0642478,-0.727652,-3.039119
-0.7297652,-0.01510087,-0.683531,551.9811,0.03424433,0.9976939,-0.05860212,-14.33004,0.6828397,-0.06617283,-0.7275652,-3.341352
-0.7296876,-0.01468193,-0.683623,551.7084,0.03445323,0.9977101,-0.05820227,-14.35767,0.6829122,-0.06602248,-0.7275109,-3.635664
-0.7296178,-0.0142086,-0.6837075,551.4462,0.03596392,0.9976034,-0.05911074,-14.39062,0.6829089,-0.06771703,-0.7273582,-3.918816
-0.7302655,-0.01357713,-0.6830285,551.1921,0.03772801,0.9974752,-0.06016486,-14.42524,0.6821209,-0.06970561,-0.7279095,-4.191369
-0.7304961,-0.01278138,-0.6827973,550.9485,0.03915432,0.9973963,-0.06055995,-14.46942,0.6817936,-0.07097325,-0.7280937,-4.451915
-0.7307629,-0.0150512,-0.6824655,550.7149,0.03764061,0.9973474,-0.06230005,-14.50686,0.6815929,-0.07121496,-0.7282579,-4.70915
-0.7312988,-0.01696913,-0.6818461,550.4909,0.03785055,0.9971402,-0.06541162,-14.54971,0.6810062,-0.07364368,-0.7285652,-4.953978
-0.7322311,-0.01721391,-0.6808387,550.27,0.0410198,0.9967509,-0.06931738,-14.58897,0.6798198,-0.07868419,-0.7291459,-5.187168
-0.7333745,-0.01575599,-0.6796422,550.0554,0.04514141,0.9963963,-0.07180949,-14.62769,0.6783245,-0.08334324,-0.7300204,-5.411455
-0.7354723,-0.01413992,-0.6774073,549.8482,0.04717055,0.9962878,-0.07200995,-14.65601,0.6759109,-0.08491498,-0.7320751,-5.634374
-0.7381073,-0.01589283,-0.6744961,549.6541,0.04585638,0.996229,-0.07365473,-14.68342,0.6731232,-0.08529503,-0.7345951,-5.853434
-0.7396593,-0.01816195,-0.6727364,549.4722,0.04353428,0.9962507,-0.07476091,-14.70996,0.671572,-0.08458468,-0.7360955,-6.063502
-0.7413028,-0.02107158,-0.6708398,549.302,0.04061461,0.996267,-0.07617413,-14.7354,0.6699408,-0.08371397,-0.7376797,-6.26449
-0.7432676,-0.02196605,-0.6686335,549.1413,0.03860159,0.9963874,-0.07564384,-14.76442,0.6678797,-0.08203391,-0.7397346,-6.454319
-0.744986,-0.02197103,-0.6667182,548.9914,0.03822636,0.996409,-0.07554951,-14.79272,0.665984,-0.08176952,-0.7414709,-6.627882
-0.7466473,-0.0211994,-0.6648822,548.8455,0.03925694,0.9963459,-0.07585257,-14.81427,0.6640608,-0.08273634,-0.7430868,-6.789741
-0.7483367,-0.02036388,-0.6630064,548.7101,0.04037817,0.9962765,-0.076175,-14.83607,0.662089,-0.08377552,-0.744728,-6.943462
-0.7494469,-0.01984353,-0.661767,548.5821,0.04142209,0.9961871,-0.07678158,-14.85933,0.6607674,-0.08495547,-0.7457674,-7.090666
-0.7495949,-0.02138885,-0.6615512,548.4668,0.04083203,0.9960798,-0.07847085,-14.88391,0.6606362,-0.08583381,-0.7457831,-7.227784
-0.7493982,-0.0246558,-0.6616604,548.3601,0.03853946,0.9959879,-0.08076391,-14.90623,0.6609971,-0.08602434,-0.7454413,-7.359144
-0.7490146,-0.02550254,-0.6620625,548.2576,0.03888181,0.9958448,-0.08234812,-14.92158,0.6614117,-0.08742211,-0.7449107,-7.479973
-0.748593,-0.02517037,-0.6625519,548.1601,0.04007621,0.9957343,-0.08310861,-14.93536,0.6618176,-0.08876707,-0.744391,-7.592526
-0.7481094,-0.02535441,-0.6630908,548.0696,0.04080461,0.995621,-0.08410567,-14.94831,0.6623197,-0.08997739,-0.7437989,-7.701283
-0.7484154,-0.02643416,-0.6627033,547.9875,0.04048698,0.9955209,-0.08543316,-14.96149,0.6619934,-0.09077032,-0.743993,-7.803179
-0.7492064,-0.02710711,-0.6617816,547.9093,0.04013519,0.995468,-0.08621243,-14.97381,0.6611195,-0.09115161,-0.7447231,-7.89946
-0.7493884,-0.02673567,-0.6615907,547.8349,0.04040336,0.9954761,-0.08599355,-14.98586,0.6608968,-0.09117303,-0.7449181,-7.988359
-0.7495688,-0.02716445,-0.6613688,547.7689,0.04019787,0.9954453,-0.08644466,-14.9999,0.6607047,-0.09138182,-0.7450628,-8.070234
-0.749833,-0.02897316,-0.6609924,547.7082,0.03887121,0.9953859,-0.08772626,-15.01146,0.6604843,-0.0914736,-0.745247,-8.149215
-0.7501165,-0.03111109,-0.6605735,547.6514,0.03676171,0.9953865,-0.08862469,-15.02425,0.6602832,-0.09076264,-0.7455121,-8.224501
-0.7504297,-0.03150549,-0.660199,547.5926,0.03645838,0.9953694,-0.08894144,-15.03338,0.659944,-0.09081406,-0.7458061,-8.293718
-0.7507402,-0.03048177,-0.659894,547.5348,0.03775101,0.9953227,-0.08892397,-15.04238,0.6595181,-0.09167044,-0.746078,-8.355707
-0.7510069,-0.0300457,-0.6596104,547.4854,0.03849457,0.9952728,-0.08916377,-15.05129,0.6591714,-0.092354,-0.7463001,-8.414013
-0.7513826,-0.03100876,-0.6591378,547.4387,0.03763652,0.9952552,-0.08972487,-15.05801,0.6587926,-0.09222534,-0.7466504,-8.468806
-0.7516331,-0.03197586,-0.6588059,547.392,0.03696206,0.9952127,-0.09047382,-15.05839,0.658545,-0.09235393,-0.7468529,-8.519784
-0.7519,-0.03238333,-0.6584814,547.3512,0.03691082,0.9951585,-0.09108806,-15.06466,0.6582432,-0.09279418,-0.7470644,-8.566595
-0.7521595,-0.03192181,-0.6582075,547.3123,0.03761343,0.995118,-0.09124367,-15.0754,0.6579068,-0.09338721,-0.7472867,-8.609266
-0.752358,-0.03177347,-0.6579877,547.2762,0.03799452,0.9950804,-0.09149509,-15.08357,0.6576578,-0.09383698,-0.7474495,-8.650922
-0.7525963,-0.03180879,-0.6577135,547.2431,0.03836009,0.9950184,-0.09201574,-15.09153,0.657364,-0.09448063,-0.747627,-8.690682
-0.7527704,-0.03216382,-0.6574969,547.2128,0.03817896,0.9949911,-0.09238478,-15.09721,0.6571751,-0.09464705,-0.7477719,-8.72703
-0.752968,-0.03235819,-0.6572611,547.1848,0.03821774,0.9949542,-0.09276626,-15.10418,0.6569464,-0.09496904,-0.747932,-8.759968
-0.7531569,-0.03243135,-0.657041,547.1603,0.03845242,0.9949059,-0.09318574,-15.11054,0.6567161,-0.09544828,-0.7480732,-8.788951
-0.7532749,-0.03236957,-0.6569088,547.1379,0.03866708,0.994881,-0.09336274,-15.11792,0.6565683,-0.09572853,-0.7481672,-8.816118
-0.7533679,-0.0325413,-0.6567936,547.1198,0.03854064,0.9948731,-0.09349931,-15.12423,0.6564689,-0.0957526,-0.7482513,-8.840305
-0.753437,-0.03273971,-0.6567045,547.1045,0.03840649,0.9948629,-0.09366221,-15.13047,0.6563975,-0.09579026,-0.7483092,-8.861118
-0.7535444,-0.03326226,-0.656555,547.093,0.03798678,0.9948473,-0.09399913,-15.13445,0.6562986,-0.09577291,-0.7483981,-8.8782
-0.7536435,-0.03354829,-0.6564267,547.0839,0.03772584,0.9948423,-0.09415688,-15.13715,0.6561999,-0.09572495,-0.7484908,-8.892504
-0.753686,-0.03372434,-0.6563689,547.0765,0.03759051,0.9948359,-0.09427874,-15.13958,0.6561588,-0.09572979,-0.7485262,-8.904703
-0.7536825,-0.03385513,-0.6563661,547.0695,0.03767062,0.9948054,-0.09456758,-15.13853,0.6561582,-0.09599963,-0.7484921,-8.915003
-0.7537628,-0.03424299,-0.6562538,547.0626,0.03761401,0.994756,-0.09510872,-15.13608,0.6560693,-0.09637373,-0.748522,-8.925013
-0.75389,-0.03483846,-0.6560763,547.0561,0.03749676,0.9946839,-0.09590605,-15.13392,0.6559298,-0.09690333,-0.7485759,-8.935045
-0.7539395,-0.03538551,-0.6559902,547.0403,0.037439,0.994611,-0.09668065,-15.12626,0.6558762,-0.09745095,-0.7485517,-8.948208
-0.7540158,-0.03564216,-0.6558886,547.0253,0.03744143,0.9945711,-0.0970898,-15.11998,0.6557884,-0.09776463,-0.7485878,-8.962217
-0.7540505,-0.03574525,-0.655843,547.001,0.0374788,0.9945495,-0.09729666,-15.10952,0.6557463,-0.09794679,-0.7486009,-8.980742
-0.7541183,-0.03559709,-0.6557731,546.9775,0.03743549,0.9945764,-0.09703786,-15.10246,0.6556708,-0.0977272,-0.7486957,-9.002351
-0.7542569,-0.03551976,-0.6556179,546.9518,0.03740767,0.9945889,-0.0969201,-15.0971,0.6555129,-0.09762777,-0.7488469,-9.025308
-0.7541697,-0.03530982,-0.6557295,546.9287,0.03754044,0.9946021,-0.0967336,-15.0958,0.6556057,-0.0975699,-0.7487732,-9.049068
-0.7541294,-0.03539282,-0.6557714,546.9063,0.03722492,0.9946376,-0.09649008,-15.09607,0.65567,-0.09717703,-0.748768,-9.075048
-0.7542166,-0.0354017,-0.6556707,546.8811,0.03726979,0.9946277,-0.09657439,-15.09673,0.6555672,-0.09727469,-0.7488453,-9.10493
-0.7542172,-0.03530763,-0.6556751,546.8532,0.03720266,0.9946515,-0.09635514,-15.0981,0.6555704,-0.09706554,-0.7488697,-9.137999
-0.7540697,-0.03515154,-0.6558531,546.8233,0.03716611,0.994683,-0.09604356,-15.09999,0.6557421,-0.09679902,-0.7487539,-9.175395
-0.7540193,-0.03508931,-0.6559143,546.7919,0.03691236,0.9947305,-0.09564823,-15.10353,0.6558143,-0.09633194,-0.7487508,-9.215737
-0.7541062,-0.03542066,-0.6557967,546.7561,0.03643606,0.9947502,-0.09562624,-15.11178,0.6557411,-0.09600696,-0.7488567,-9.260733
-0.7541258,-0.03567656,-0.6557602,546.7179,0.0361087,0.9947604,-0.09564491,-15.11966,0.6557366,-0.09580692,-0.7488862,-9.30775
-0.7542913,-0.0357704,-0.6555648,546.6735,0.03607893,0.9947475,-0.09578999,-15.13096,0.6555479,-0.09590561,-0.7490388,-9.359431
-0.7545094,-0.03550702,-0.6553281,546.627,0.03648797,0.9947213,-0.09590632,-15.14222,0.6552742,-0.09627379,-0.749231,-9.413047
-0.7545105,-0.03509751,-0.6553488,546.5777,0.0369521,0.9947129,-0.09581568,-15.15641,0.6552469,-0.09651043,-0.7492244,-9.471357
-0.7544032,-0.0349124,-0.6554823,546.5255,0.03738936,0.9946778,-0.0960106,-15.17102,0.6553457,-0.09693874,-0.7490828,-9.53299
-0.7544271,-0.03488434,-0.6554562,546.4698,0.03756251,0.9946558,-0.09617132,-15.18833,0.6553082,-0.09717481,-0.7490849,-9.598824
-0.7545844,-0.03503033,-0.6552673,546.4115,0.03738498,0.9946572,-0.09622531,-15.20466,0.6551372,-0.09710725,-0.7492433,-9.667371
-0.7546721,-0.03468052,-0.6551849,546.35,0.03768011,0.9946629,-0.0960516,-15.22117,0.6550193,-0.09717488,-0.7493376,-9.738525
-0.7546355,-0.03459984,-0.6552313,546.2866,0.037372,0.994721,-0.09556843,-15.23978,0.6550791,-0.09660662,-0.7493588,-9.816256
-0.7547163,-0.03483725,-0.6551257,546.2224,0.03659247,0.9947992,-0.09505505,-15.25557,0.6550301,-0.09571224,-0.7495164,-9.896104
-0.7546719,-0.03515471,-0.6551599,546.1573,0.03597705,0.9948438,-0.09482312,-15.27589,0.6551153,-0.09513104,-0.7495159,-9.976974
-0.7547649,-0.03540548,-0.6550392,546.088,0.03619574,0.9947735,-0.09547476,-15.2909,0.654996,-0.09577061,-0.7495387,-10.05776
-0.7547628,-0.03466494,-0.6550812,546.0136,0.03743926,0.9946989,-0.09577277,-15.30813,0.6549286,-0.09681146,-0.7494639,-10.14183
-0.7545242,-0.03428325,-0.6553761,545.939,0.03818249,0.9946497,-0.09598982,-15.32616,0.6551605,-0.09745051,-0.7491783,-10.22762
-0.7546515,-0.03354342,-0.6552678,545.8625,0.03894975,0.9946408,-0.09577328,-15.34651,0.6549687,-0.09779795,-0.7493007,-10.31362
-0.7548477,-0.03119225,-0.6551579,545.7834,0.04182412,0.9945466,-0.09553879,-15.36452,0.6545653,-0.09951862,-0.7494267,-10.39832
-0.7545625,-0.02864377,-0.6556027,545.7058,0.04445095,0.9945213,-0.09461197,-15.38555,0.654721,-0.1005328,-0.7491553,-10.48253
-0.7545561,-0.0280602,-0.6556353,545.6352,0.04443343,0.9946079,-0.09370517,-15.40939,0.6547295,-0.09983792,-0.7492407,-10.566
-0.7546962,-0.0285095,-0.6554547,545.5695,0.04342215,0.9946943,-0.09326161,-15.43089,0.654636,-0.09884541,-0.749454,-10.64666
-0.7544948,-0.02902322,-0.6556639,545.507,0.04304613,0.9946822,-0.09356464,-15.45107,0.6548928,-0.09881781,-0.7492333,-10.72449
-0.7546417,-0.0287597,-0.6555065,545.4452,0.04330867,0.994677,-0.0934989,-15.46603,0.6547063,-0.09894726,-0.7493792,-10.79801
-0.7551393,-0.02843622,-0.6549473,545.3877,0.04326719,0.9947186,-0.09307436,-15.4837,0.654135,-0.09862182,-0.7499208,-10.86851
-0.7554524,-0.0277684,-0.6546148,545.3342,0.04347488,0.9947752,-0.09236962,-15.49952,0.6537596,-0.09824013,-0.7502982,-10.93349
-0.7556424,-0.02740798,-0.6544107,545.2863,0.04297448,0.9948966,-0.09129044,-15.51831,0.6535731,-0.09710587,-0.7506082,-10.99491
-0.7561071,-0.02709085,-0.6538869,545.2426,0.04279155,0.9949582,-0.09070262,-15.53084,0.6530474,-0.09656171,-0.7511358,-11.04965
