position_x,position_y,position_z,orientation_x,orientation_y,orientation_z,orientation_w
0.04716769131856771,-0.020825507627524487,0.005859534860635125,0.001994121121878685,-0.002735117892809369,0.0020486578194359286,0.9999921768597725
0.07125489913174324,-0.03149358229898484,0.008799929157717377,0.002652636654691601,-0.003226727223689217,0.0030162581018456924,0.9999867304279161
0.09633279207376447,-0.04266161608222951,0.011489283977792683,0.0026539906324624277,-0.0029922346174130754,0.003754129761047641,0.9999849571646313
0.1212137157700546,-0.05366139949280269,0.014296462796897086,0.0027909162355457865,-0.003455013642913755,0.004431575459149481,0.9999803153723207
0.14648326315540375,-0.0651226537551742,0.01769072800234673,0.002387715673756354,-0.0046138789419056265,0.005352059226594434,0.999972186595839
0.17185346660784587,-0.07583514028169511,0.020649909556267415,0.0013046369297190375,-0.006451973263695274,0.006101698280835382,0.9999597213501082
0.19745156741053901,-0.08637797626839586,0.02413528172607412,0.0005456735321517603,-0.007888438064245874,0.0064379881635254314,0.9999480084970365
0.2232730047436834,-0.09704004227476062,0.026534148063584898,-0.00045161207408940063,-0.007832911485008039,0.006610229441073742,0.9999473677135845
0.2499400572855989,-0.10760737266953149,0.029614520899752417,-0.001496680151090234,-0.0033042676889221867,0.0065646220504995524,0.9999718736627012
0.27699860657455655,-0.11804879673300464,0.032423308562313326,-0.0015661007884006498,0.0024764955952826374,0.006230205807980376,0.9999762994222625
0.3056024188083973,-0.12985835870045076,0.03555034686725564,-0.001961809475651987,0.006327697804097154,0.006184189537187655,0.9999589315564412
0.3333658788617429,-0.1416322649297689,0.03922240333837956,-0.002980135731249625,0.006650418219393221,0.0068243991126712335,0.9999501543735133
0.3632193175772044,-0.1546574524857656,0.041979306727741,-0.004460447410731228,0.00287300733854479,0.007460046000240363,0.9999580970567946
0.393768742734519,-0.16776502384292566,0.045151108849322184,-0.0042916245276885655,-0.00022639501349027346,0.008447859870576379,0.9999550794406529
0.4253984698126192,-0.18097183118358293,0.04801270813673497,-0.003193066544383068,0.00017116393131317412,0.00885953801393058,0.9999556382591439
0.4571036377864834,-0.19295792723458938,0.050954803939214144,-0.0025918897164018415,0.004952545585115137,0.008430997074678906,0.9999488355541407
0.4905786069385612,-0.20664748249008505,0.05448053358103405,-0.002258708371848155,0.009122256584207865,0.008244930589279912,0.9999218552573991
0.5233695180217101,-0.22082103117982724,0.057048903378475874,-0.0016033764285309044,0.009941599800999311,0.008893915886131172,0.9999097395931783
0.558518604939892,-0.2358515924279739,0.06012581793698096,-0.0004944389194164873,0.008967100995445827,0.009195725114759714,0.9999173920008811
0.5929170309308894,-0.24991334330954296,0.06342689130702245,-0.00032475981084096917,0.007593476724790871,0.008984217835418187,0.9999307593573795
0.629652374700115,-0.2654908461393425,0.06687797458239275,-0.0018078170297604363,0.006294037728363339,0.008903901531652584,0.9999389182747779
0.6679023780813556,-0.282174636681856,0.07076047734345073,-0.0003778814774579121,0.002716623514077782,0.00898310211403208,0.9999558915900904
0.7060548153029604,-0.29922403695875244,0.07517788182373186,0.0009647979742426904,-0.0008323764001284657,0.009233133534622514,0.9999565621716975
0.7458131129290453,-0.31578443126090977,0.07885467957485731,0.0001256660853667663,-0.00394576110425356,0.008539192586294169,0.9999557500228047
0.7853979043606282,-0.33257478988500494,0.08297683990827562,-0.00035062646166687746,-0.004310975808013453,0.00854437401017507,0.9999541406248847
0.8277066494995086,-0.34935936760861447,0.08791585226442716,-0.0007613976568874598,-0.00394403855818725,0.008360321280902422,0.9999569868731494
0.8690482967369846,-0.36634191956181783,0.0926931277012211,-0.0014897050909084733,-0.004435760105830908,0.008170614419381477,0.999955668062788
0.9099431830799867,-0.38387026841067073,0.09765638829053691,-0.002790370847616017,-0.004979370771331933,0.007839673961293881,0.9999529782803318
0.9517684521135799,-0.4016202644342274,0.1027464607860041,-0.004742753873135945,-0.004503112499605329,0.00798931182965746,0.9999466971258114
0.9941904885967565,-0.41866159020933813,0.10792094273992711,-0.00557227167847889,-0.004244096036309647,0.007396156439730622,0.99994812026155
1.0372454135217108,-0.43678230425484427,0.11323534564672116,-0.00593234916376358,-0.004035075728076577,0.007491209501306871,0.9999462053611586
1.0791141395228712,-0.45469799744451894,0.11845083191875272,-0.006137755153421321,-0.003900243012776798,0.007793941017154209,0.9999431877091303
1.122858283645344,-0.47315333305634444,0.12372067793600577,-0.006373279822883098,-0.003280942392908917,0.007909742032068233,0.999943031238036
1.1646681142667878,-0.48966399377324504,0.12889456006485966,-0.00711394090433423,-0.0017336138483277051,0.007509367294042503,0.9999449983014401
1.2090948426726622,-0.5080765218462434,0.13403532343416885,-0.007348629582381693,-0.001191326296410349,0.00745472684913376,0.9999444990849577
1.2512427765538348,-0.5258440408101941,0.13932978610814858,-0.007312689447039034,-0.0017025438455949087,0.007857539512628133,0.999940937503419
1.296493401919454,-0.5448805399726865,0.14430169657535746,-0.007966929495911466,-0.002156601376715942,0.007856706366404074,0.9999350735329553
1.3411738234239574,-0.5632283423916419,0.14991707231542997,-0.0077062731902539415,-0.0014183902402596616,0.00782854215699788,0.9999386574884936
1.386328311694324,-0.5823430239717471,0.15510737359397464,-0.007186889722545651,-0.0004269107082263559,0.008257528361893909,0.9999399912233458
1.4328923783986656,-0.6018802309290171,0.16018504322779092,-0.0074261341030999175,0.0016468374187517975,0.008211793261919306,0.9999373535560526
1.4781879904420097,-0.6202989359422375,0.16559666679518137,-0.007487263532381951,0.003107022111783211,0.008261006932256353,0.999933017037075
1.5254424537833868,-0.6408104107762843,0.17109096130062135,-0.0072752747846379,0.0033934428389572257,0.00876923923696094,0.9999293287458251
1.5717578205105773,-0.6608191122701813,0.1762010094092158,-0.0066559917219705155,0.002329070438482914,0.009369221769427985,0.9999312362274427
1.6196846577930157,-0.6801174093021263,0.18149189402514782,-0.007458037210551693,0.0022250877509792408,0.009421057878936847,0.999925327493266
1.6679351312442152,-0.6998519900306854,0.18657771591900812,-0.0074027300416261155,0.0026410077213202925,0.00959719662787577,0.9999230548939009
1.715428905185782,-0.719554882800178,0.19183456008371563,-0.007615398205471375,0.0036563503091765225,0.009832207169075494,0.9999159762726151
1.7633236150323313,-0.739482216686576,0.19782919164977397,-0.007407872351147031,0.005254370178244694,0.010218657021258857,0.9999065430004674
1.8101474959781103,-0.7585232734454308,0.2026259552748041,-0.008078273872148474,0.005319552008185773,0.01081477599875464,0.9998947401080849
1.8574297918081746,-0.7780029600240894,0.2081640984674462,-0.008804434773415937,0.0035435669794425884,0.01113986865256014,0.9998929145220112
1.9027479569364185,-0.7971500750164902,0.21297165221406356,-0.00984045688202471,0.0015602833574850392,0.011499589163500436,0.9998842410797824
1.9516443466950635,-0.8170830680428062,0.21833684637813025,-0.010091352832383415,0.0011418428746855437,0.011549702199666624,0.9998817224888196
1.999608751490672,-0.8366960901932261,0.2241208869253074,-0.010048175532627424,0.002777898364706421,0.011556228581291164,0.9998788760263079
2.047688327473265,-0.8556546867012421,0.23002961262926136,-0.010407525703485592,0.004098808684560353,0.010942253680353552,0.9998775720159063
2.0956287558871183,-0.8752637121431595,0.23519338089750286,-0.00968283822415106,0.004564496416411113,0.010908393729234212,0.9998831978771947
2.143238040783218,-0.8948686869100245,0.24102772306035647,-0.009649451003256902,0.004126495383754503,0.010373233573995517,0.9998911187381726
2.1905789663694835,-0.9145193941800267,0.24580616440215308,-0.008830389409072931,0.0027660898175546483,0.010887015019408372,0.9998979143845051
2.237633149178756,-0.9342852162186999,0.25133161894949474,-0.008660409853310066,0.001679792049175766,0.010492714251104892,0.999906036313505
2.2850133577744804,-0.954625082474669,0.25680072456556935,-0.008350578505735349,0.00026728253615864594,0.010628161377130572,0.9999086144533197
2.3322165228173177,-0.974692319996595,0.26233592273782846,-0.007366764565738396,-0.0020738040168399364,0.01076504891309415,0.9999127722486115
2.3805151646692932,-0.9948055357530536,0.26913452852333697,-0.0068474585785501625,-0.0029631209450370977,0.011023648738967435,0.9999114012212502
2.428833492701498,-1.0146261105348047,0.27482394060423887,-0.006135982167602629,-0.002081898111497436,0.010858105039339887,0.9999200595255359
2.4768836731403083,-1.034180057123866,0.28044399714892243,-0.004901758776156365,0.0008890650297490955,0.010499045018537337,0.9999324731081095
2.524992756917353,-1.0536879788176994,0.28556026926921585,-0.004416288287648557,0.0038676908431364647,0.01013344961381262,0.9999314225047495
2.5752213546716987,-1.0752070336103172,0.2912942955428821,-0.0036369997258418134,0.003754074759674177,0.01028079414308171,0.9999334939060616
2.623117324884825,-1.0955263259856036,0.2967968723443649,-0.00212127643167661,0.0015596475570361658,0.01044326819670954,0.9999420029988074
2.6719057893032256,-1.1171008106030147,0.3022142570108317,-0.0014646453035073483,-0.0004974727145437774,0.010869943559123489,0.9999397229863117
2.7202507811553183,-1.1367204575375158,0.30808645205236845,-0.0025578979387849755,-0.0023695294753839856,0.010946028509538928,0.999934008030183
2.7692822234322607,-1.156882919522004,0.31389639895190813,-0.002870317092897525,-0.004618069794509302,0.010835968069113666,0.9999265047722177
2.8157552701266284,-1.1762374239654174,0.3197952697192248,-0.0041086214146080794,-0.004135807094436123,0.010650268151127809,0.9999262961406058
2.867126781382912,-1.1979360634619742,0.3250575772268796,-0.0057087199110575386,-0.0019006229714080766,0.010179770404883893,0.9999300813073667
2.9159993240437396,-1.2180231639280445,0.331104830555445,-0.006445460900092292,-0.0003445782594249862,0.009860830760425203,0.9999305432755572
2.9644817388104037,-1.2383842961586666,0.3371518828874462,-0.005652652423926311,-9.04437475077858e-05,0.009956524449707098,0.9999344550944216
3.013876334513136,-1.2585491311698673,0.3419356836280012,-0.005269479497665599,-0.0002122505235489003,0.01004246227034461,0.9999356621668671
3.0636289075228538,-1.2791322999134083,0.34788155375022317,-0.004902149439649412,0.000274524447952293,0.010056293761698473,0.9999373759091945
3.11241957067145,-1.2993268371700006,0.3537569260986987,-0.0043876624522977475,0.001203882897090261,0.01021682488119161,0.9999374504196639
3.1602679211999147,-1.3194746943682538,0.3596440576240916,-0.003933056959044957,0.002155510060755535,0.010476458376469424,0.9999350586308265
3.2100407317708703,-1.3405148579660302,0.3650674583029081,-0.0034060874271684602,0.0012139224370691375,0.010980240889424406,0.9999331735097363
3.257584540477391,-1.3608398875020253,0.3707854884242543,-0.0034644760852369657,-0.0009229910566336483,0.011431850507617499,0.999928225981355
3.306274322604864,-1.3800403506971533,0.3769142055501187,-0.003829769650247561,-0.001844130498901007,0.011622037702289329,0.999923434902679
3.354292317898756,-1.3992464185853444,0.3826513555605926,-0.0047517618214719965,-0.0005030351962821869,0.011627488783676091,0.9999209834709637
3.401920609376372,-1.4184994037158187,0.388446780751053,-0.005008975934851174,0.0021500341418705933,0.01165928261319504,0.9999171759161701
3.4488135084344416,-1.43821453649758,0.39379971429444116,-0.005635536517816969,0.004563811697348313,0.011919626784201,0.9999026608776295
3.496570754988577,-1.4566868721431268,0.3992624521133936,-0.0065653157933793236,0.005338336212275409,0.011792841816498523,0.9998946506917017
3.544089342804546,-1.4758242609405339,0.40430769529069355,-0.00662279825158574,0.004129408077679058,0.011921525567426842,0.9998984732349443
3.590161153695794,-1.4946079208693888,0.409269353962204,-0.006691138243706208,0.003548999335689978,0.012295977052067366,0.9998957162364138
3.6374552047047346,-1.5136583305521023,0.4143472276955238,-0.006532819360204915,0.0033097140345983845,0.012399010386129226,0.999896304893495
3.680683437639759,-1.5319631437935386,0.4199897600887449,-0.005897646803872069,0.0034950516179039657,0.012998257342100547,0.9998920203561876
3.725175082914546,-1.5505596379841713,0.42510787754599,-0.0047739598381338205,0.003802108638985341,0.013499796766186315,0.9998902469249386
3.7676370496795966,-1.568044540838622,0.4299680626597966,-0.004988159730806414,0.005513357420651806,0.013983589217322536,0.9998745839628014
3.8107628361695114,-1.5849053413954188,0.434531243057943,-0.004764974921312123,0.005634866693631095,0.014015720207128362,0.999874546705225
3.851689550591256,-1.6023662441455053,0.4390307832019862,-0.004025659552661705,0.00547909434400121,0.01588446474825882,0.9998507164749552
3.8916806732574027,-1.618414170585579,0.44392402028644806,-0.0038836620470542997,0.0050137743704940325,0.017553159042746572,0.9998258126067617
3.932815108553964,-1.6346462848619048,0.4485750976497751,-0.0038208017239365647,0.004355530196338359,0.019389553317943255,0.999795222177057
3.970752863090578,-1.649741018043389,0.4530030153047637,-0.0037125077982550236,0.004529779812583964,0.021313112254319196,0.9997556879697846
4.0078586281220945,-1.6634562529461085,0.4568893515400845,-0.004679141541227382,0.0050700370284228555,0.022771958955232697,0.9997168751103683
4.043831661993717,-1.6766084764512033,0.46114381156878903,-0.0054761639932013224,0.005991313286609065,0.023546675407625915,0.9996897842128327
4.079872898145862,-1.69092313294976,0.4651689921707096,-0.00569401287241648,0.006800798785466481,0.02555355361895493,0.999634109554782
4.114440082782636,-1.7026280417653679,0.46907567139024664,-0.007218705318545558,0.007778875142544332,0.026019139606617992,0.9996051083138665
4.1440213629738025,-1.7147053633243479,0.47298664147592506,-0.007905899933005238,0.008598441397653587,0.02747592550757637,0.9995542218107563
4.175946322547987,-1.7265188223948447,0.4765271631057837,-0.008948650410263917,0.00828226063301483,0.028826594464569057,0.9995100490032462
4.206275834397605,-1.7377869453465595,0.4794577161109519,-0.009560424103644813,0.006319645497555595,0.03032532615347312,0.9994743798628153
4.2326030477240035,-1.7474020208639214,0.4817991976619225,-0.011292290783995624,0.004507919312666387,0.03116240829359065,0.9994403793153216
4.260687668714024,-1.7580405846412392,0.48452870981921503,-0.012598544311734995,0.003246899833891064,0.03224839269124588,0.9993952024945484
4.288825693904912,-1.7678098348815765,0.4893504982177599,-0.013150311206964645,0.003677233285900739,0.032497722263436356,0.9993785327755894
4.316350264508694,-1.7772576749984519,0.49286715042192064,-0.014642237030105788,0.004692269297784434,0.0317766428670793,0.9993767137017745
4.341817909729103,-1.786238354764583,0.4955550219041953,-0.01653199971436159,0.006037728811081167,0.029764376861683595,0.9994019791478524
4.369267225155164,-1.7959174892622265,0.4988954969437689,-0.017385688875043475,0.0074098165070401335,0.026719410960028285,0.9994643013295798
4.396754505795615,-1.8067228759509955,0.5017451933022414,-0.017558284762749024,0.00857070023307852,0.02321467473330625,0.9995395598752649
4.421689874558475,-1.8173274605516083,0.5046943808718565,-0.01686266755239961,0.010065992146652096,0.01870280422563233,0.9996322015061923
4.448971884070459,-1.8286583736996596,0.5083083888698727,-0.015849301442937575,0.010732385025644458,0.01300323574497808,0.9997322349877793
4.474856833689685,-1.8409406952938632,0.5094571336979283,-0.014950056664056367,0.009513365452892603,0.007384325245959524,0.9998157227121981
4.500420997467075,-1.8524405382420899,0.5119029248889739,-0.014983091824288391,0.009065688771385493,0.00028880213161862995,0.9998466031319516
4.528210527026349,-1.8640455266430964,0.5145210326696232,-0.014239113629041842,0.007226949406981455,-0.008550207308744376,0.9998359396585191
4.555036196135334,-1.8772542362801508,0.5176564722527432,-0.01355271388585505,0.004755957908406423,-0.018421763816417698,0.999727137412706
4.589990172624419,-1.896146192341903,0.5249411387812762,-0.009460708942081475,0.0021730741775872887,-0.028966255366957603,0.9995332537606081
4.618402203970946,-1.9119313832728442,0.5299557714471286,-0.006782706706403228,0.0007566791431364531,-0.04191826528645576,0.9990977299754662
4.64621946310112,-1.9294373329209864,0.5341356888107485,-0.003661284416228225,-0.00027217722104799525,-0.05420636037030099,0.9985230088369463
4.6728533301282145,-1.9476865540145403,0.5380718862779585,-0.0006243280318723667,-0.0017182194298831631,-0.06886581346159357,0.9976242574104209
4.703515361111104,-1.9654842745521814,0.5431232829574413,0.0033133371905985335,-0.002931501443588882,-0.0855542809222742,0.9963236898668862
4.731097802886574,-1.9839727061300998,0.5478566462248466,0.008319722015921661,-0.0037702260943335217,-0.10513541496007392,0.9944159645451682
4.758160655032013,-1.997413420750677,0.553387495200812,0.014675853985368878,-0.004749998733716667,-0.128090691445696,0.9916424944012568
4.785911148000872,-2.0092842619235034,0.5587439286984013,0.019923092480812143,-0.00497270746090304,-0.15558485044486445,0.9876090843575286
4.81146474005526,-2.03085816556037,0.5647208149597702,0.024916048889966257,-0.003686942750644431,-0.18014850309392108,0.9833168973330384
4.834900339872775,-2.053667321372066,0.5716903642989143,0.03185052625864285,-0.0008779643987982207,-0.2049471915898373,0.9782542795296778
4.8586847520835095,-2.0724658648074894,0.5760118763154947,0.0388513320477114,0.0002794910879483476,-0.23506089670119268,0.9712038188004947
4.88013581416017,-2.0975353969660335,0.5793696418566272,0.0445670940907898,0.0004794906050476467,-0.26214423805190273,0.9639989343519573
4.902766293834801,-2.118503181181989,0.5833249390379143,0.05092907268964858,0.0004517063505523989,-0.295490590892483,0.9539870834780735
4.9208617064373,-2.144707657538386,0.5893451577009827,0.05881032841673822,0.0018482923742844178,-0.3234907595225575,0.9444001579341894
4.937718793256559,-2.1684453687681158,0.5922430665611742,0.06511829117350518,0.0014251917408188073,-0.3557907497664435,0.9322931495668918
4.952087133103853,-2.195234960697734,0.5933854155851179,0.06805287854076338,0.0016998572759804452,-0.3853246987610805,0.9202666962629004
4.961699383977004,-2.2216790391229804,0.5979083911985228,0.07432380139921034,0.009394298886576715,-0.41224204135175463,0.9079891075723453
4.968107883648781,-2.247384822971325,0.6000536858066141,0.08024007676260594,0.014515602019176326,-0.43699886943888944,0.8957582412711115
4.971891437946562,-2.2738195275578503,0.6000426319181855,0.08598875747424174,0.017797398871279003,-0.459010096671344,0.8840808281426275
4.972549427927107,-2.297219842996374,0.5958295000511988,0.0874864788041373,0.015744943392150667,-0.4791529231805195,0.8732185792301995
4.972502557634471,-2.3195280389330577,0.5956041647775159,0.09157381274598801,0.02197590742216178,-0.4999037259738274,0.8609457443105651
4.970496130073855,-2.3419061642580727,0.5912664251155917,0.0926324445867281,0.018806289218569024,-0.5176686931910833,0.8503438602918615
4.968057624085582,-2.363117771824845,0.5849846354095121,0.0934336388695497,0.012921101536069112,-0.5382612778193686,0.8374831358079962
4.96299756060481,-2.3820978765767116,0.5804710461648632,0.09296250096816493,0.010208022015201046,-0.5546821569287403,0.8267898683125825
4.959473852424965,-2.401330159159697,0.5769789633203661,0.09125996997776767,0.007763812868988232,-0.5737267648941874,0.8139096603497865
4.954379670725082,-2.418968942828852,0.5730143119960296,0.09004854548346668,0.001596948416477371,-0.5910016341157377,0.8016269544523782
4.9429246988316216,-2.436452879178693,0.5694113277431399,0.09007510243381393,-0.0030450248110016095,-0.5954151315806455,0.7983470624778161
4.937419667904734,-2.452921191505048,0.566515339455739,0.09219296081254626,-0.009059497188228662,-0.6087084032427885,0.7879672995211118
4.932306296168235,-2.467489893581421,0.5641613512531896,0.09411801236619938,-0.014368341264381898,-0.6199133950815523,0.7788727306396577
4.927020176174889,-2.4811184920675533,0.5619693738581386,0.09510027597207757,-0.018505433591891125,-0.6290231830201337,0.7713256793435928
4.921801508030073,-2.4938037280739644,0.5603836300456813,0.09600904052096318,-0.017077894932545575,-0.6374380878386398,0.7643057687494029
4.916047787936414,-2.505487659764924,0.55935614012526,0.09744156772593329,-0.011556228059578715,-0.6425500553840473,0.7599348747590201
4.911469335146956,-2.5176049764975126,0.5570437081327846,0.09865755802401066,-0.010176553089626781,-0.649875945053229,0.7535412304978659
4.906714203848057,-2.530296586115777,0.55541923913208,0.10137102684088818,-0.01253193889689816,-0.6569064606153219,0.7470212546304023
4.901369202559232,-2.541568787749365,0.5537873925546668,0.10327916090912294,-0.017451561065567188,-0.6624732776974821,0.7417263656379532
4.895366353433376,-2.5550916787654145,0.552586357459047,0.10372308881862864,-0.018014313684725957,-0.6668138263351872,0.737750869549614
4.890929788069137,-2.5665252741585203,0.5509004827160571,0.10199460170994219,-0.02149923895162602,-0.6714383081546026,0.7336930459129994
4.88613136014764,-2.5776364380210093,0.5490053468133951,0.09932069882787097,-0.02350109595320441,-0.6743201102470188,0.73135181970337
4.882314977810955,-2.589479947277525,0.5484973178049793,0.10012833382171776,-0.0226406630936462,-0.6766247471692534,0.7291369217811584
4.878290622654277,-2.5996914261847497,0.5472690294815221,0.1022734121709853,-0.024854306622268514,-0.6769347537737245,0.7284790699764431
4.875158407350109,-2.608731530834948,0.5468110628885798,0.10387875716458556,-0.024403717949827455,-0.6771084215911457,0.7281056725920686
4.871781799315098,-2.618479012883409,0.5457838744222101,0.10318864558570943,-0.024143147870275793,-0.6765598673673237,0.7287221416428977
4.868411174855529,-2.628184206340254,0.5454261303327854,0.10302117509304977,-0.021060683046191738,-0.6766559769489978,0.7287521988110062
4.864676309700721,-2.6388028235807677,0.5444155960803745,0.1022091064503176,-0.021599449323607377,-0.6760413008692001,0.7294209508060409
4.861793917539867,-2.6467545584888663,0.5444284167434377,0.10287205461974346,-0.02031367057227477,-0.6760653501695222,0.7293423916323404
4.857923501693538,-2.657517909909914,0.543205158573981,0.10236783173291818,-0.020269414691795662,-0.6755993197139458,0.7298462441327667
4.855400327573999,-2.6658915514076496,0.5428536742226218,0.10387923105579104,-0.018981680604008767,-0.6755456219664449,0.7297170080675718
4.850817563033846,-2.679768767470764,0.5417144901206496,0.1060190689252117,-0.018040392189215347,-0.675353272671958,0.7296111534579788
4.8471886877233405,-2.69036942534819,0.5408895373544489,0.10753836883861585,-0.01697747853815227,-0.6756549531710542,0.7291348602249328
4.843685117464116,-2.7001928670499646,0.5401819490486068,0.10810956492210057,-0.01479530160500537,-0.6761273846613174,0.7286598597149732
4.83975876356989,-2.7114056140188527,0.5390403579638452,0.10838337875516785,-0.014051592350352728,-0.6764781949299857,0.7283082237273607
4.836008634372289,-2.722134945363157,0.5380271974816777,0.11014038711732504,-0.013654913574902677,-0.6771951198853436,0.7273853357208919
4.831842870489968,-2.733622264901734,0.5368070165039178,0.11120200176162223,-0.01387237225178064,-0.6774606696888978,0.7269722900652071
4.827832444766317,-2.7445053457598196,0.5359056560179605,0.11148514093429657,-0.011764665239244621,-0.6781391724433393,0.72633321794971
4.823676154012703,-2.75610634087945,0.5347651166974323,0.10913331218171382,-0.012273013702627698,-0.6785975532577855,0.726253836194049
4.819310656760599,-2.7675717050254693,0.5337193074577815,0.10786843856693915,-0.01432956298786996,-0.6789324501370455,0.7260921408077424
4.814823464579899,-2.7795324435415436,0.5325180351849714,0.10732605056730193,-0.0151911682471729,-0.6791999551731585,0.7259047842217877
4.811082181693735,-2.7908142449876365,0.5314771897148924,0.10737210274840156,-0.012295178568961364,-0.6801542126308032,0.725058824289291
4.806853531481176,-2.80274864695264,0.5304153133050855,0.10848929572648645,-0.009190472508952038,-0.6805254004184529,0.7245900801894202
4.80333470122865,-2.8134074086591276,0.5291692972957556,0.1100244247217238,-0.006364493969354964,-0.680919852266919,0.7240181281875545
4.799250219155495,-2.825018170521726,0.527924343751633,0.11125027892317252,-0.0027222423883802496,-0.6809990493139105,0.7237791616118906
4.795182718007755,-2.8361725038383283,0.5268169517566097,0.11140073910068303,-0.001143321225561397,-0.6809324502606198,0.7238228814706619
4.790947622922627,-2.8475981376840727,0.5257537731787476,0.10948839798523652,-0.005205893301911236,-0.6809168113805097,0.7241115235039012
4.786701122761055,-2.857955959009452,0.5246758263533682,0.10593845884937804,-0.01054387469804112,-0.6805725277854099,0.7249047417686458
4.7824718462421805,-2.869177906339207,0.5235382706406733,0.10434293548297582,-0.013420063357501809,-0.6803903960994043,0.7252595200638676
4.7785522973911085,-2.8801094962674036,0.522429904494147,0.10648844753308613,-0.011763401328872177,-0.68004705963675,0.725298427953138
4.774628383488555,-2.891433224120195,0.5213832178033337,0.11010671885742852,-0.01044168914736132,-0.6797930175192535,0.7250165181086956
4.770885151515702,-2.901772496296223,0.5203393508397234,0.11173969251834386,-0.010193052027530467,-0.6796621339752367,0.7248929116787755
4.766822767150426,-2.913025360598752,0.5192378620117779,0.11118079692024377,-0.009917936985028679,-0.6797483311283188,0.724901851071634
4.762867533874397,-2.9242652639178917,0.5181774316480743,0.11009379987773321,-0.008239193015990994,-0.6804333292664165,0.7244459614450457
4.75876492749902,-2.9354394243768214,0.5170747581983743,0.10965384491827718,-0.007242876346507059,-0.6809694949385666,0.7240194183703188
4.754549429975961,-2.9461679781802195,0.5160942911862128,0.10990869395413087,-0.007347873920107126,-0.6816121005835569,0.7233747621937636
4.750576546631499,-2.957192256520859,0.5150354144111056,0.1094627397512506,-0.006328593950961389,-0.682601648164158,0.7225184070730102
4.74638134399293,-2.9685370736485233,0.5138146729270057,0.10903144908092059,-0.005406345912011179,-0.6833855985244783,0.7218497441154946
4.742464147949256,-2.9796094262006294,0.512772268184662,0.10905821745667885,-0.003851576646207377,-0.6842778117751465,0.7210099547943697
4.7383134103382805,-2.989917295347693,0.5117002904957371,0.10963685029141668,-0.003774823994343767,-0.6851049174236262,0.7201366310971057
4.734259689953859,-3.0006496625423402,0.5107739214376839,0.10962238077051203,-0.0030099487461963817,-0.6858930880928656,0.7193917967200858
4.729899134270069,-3.0112929799149377,0.5094998853145185,0.1090246456331871,-0.0030062936272408085,-0.6865923328208342,0.7188153885039615
4.725728016734159,-3.021571482354993,0.5084512093594427,0.10926172853297521,-0.0036384512220507615,-0.6866676685208224,0.7187044955962739
4.72119820553597,-3.032198542560775,0.5072542638733033,0.11011266839566858,-0.004097976759106105,-0.6868975272597536,0.718352402201546
4.717211019937348,-3.042646936291594,0.5062316609503519,0.11047697938881429,-0.00378945027961811,-0.6875182152700325,0.7177041156535985
4.713101683955072,-3.053398877546679,0.505103987298094,0.11038651165234165,-0.002897872332018749,-0.6879502216878457,0.7173080953535663
4.709249569115552,-3.0634730991359325,0.5040727709182065,0.1104439175537,-0.0016880724395169169,-0.6883679801995708,0.716902235275796
4.705392192581071,-3.0733641227406734,0.5029199831977635,0.1103858998517073,-0.0010172571392922385,-0.6888130422691847,0.7164848428695968
4.701559416243646,-3.0832112496935045,0.5019857872360696,0.1106925517072031,-0.000574507936257897,-0.6890951946467544,0.7161666294531871
4.697847903562234,-3.0925922842836284,0.5010214331633449,0.10969281026761585,-0.0016326422865402352,-0.6893541552133435,0.7160695960545921
4.694269893637924,-3.101506653495291,0.5000974484081144,0.10858778020515882,-0.0025282375574851496,-0.6894681498994218,0.7161256596223579
4.690635977190184,-3.110641874201119,0.4992355987577115,0.10767488308883914,-0.0023844222487989478,-0.6895304982361437,0.7162039686217134
4.686919997780446,-3.1201514151089276,0.4983094760599194,0.10742167636855249,-0.002782151156249365,-0.6895701455718957,0.7162023782803816
4.683372725148558,-3.129311914561596,0.4972862394065256,0.10759718675445754,-0.003480304427671571,-0.6897561831674119,0.7159938260431725
4.679779345316749,-3.1385458989318513,0.49635157900374516,0.10788905407561107,-0.003319786958424918,-0.6897449686324683,0.7159614602723653
4.676460148757631,-3.1476006083365755,0.4955611100691151,0.1070988245570476,-0.0011858353921332177,-0.6902010799087256,0.7156471817850579
4.67263214339421,-3.156750945591167,0.4946506897915697,0.10663903316077124,-0.0006382548356050391,-0.6898612456153792,0.7160441070251711
4.669248022817337,-3.165845524548363,0.4936027203841107,0.10736143760018758,-0.0012335687291523663,-0.6899027476943319,0.7158953704098052
4.665779808008614,-3.1741228152459957,0.4927866504574041,0.10778346396985161,-0.0012554766313089903,-0.6898833576952659,0.7158506280977067
4.662113587330904,-3.1832492020680236,0.49177026113633104,0.10715604635060506,0.0008930844453992718,-0.6910698205774088,0.7148001789796367
4.658088855037532,-3.1929645025132394,0.4909331451483272,0.1066436312914352,0.002934028938649489,-0.6927572302711492,0.7132362331409465
4.653966742926516,-3.201682483602508,0.48980976324128633,0.10608318136604215,-0.00021626478739898575,-0.6941698760745871,0.7119511926907961
4.648835293952539,-3.2135100427242955,0.4885701223577499,0.10588232465356393,-0.002178142152830205,-0.696092006762108,0.7100986620308872
4.6446615125802175,-3.2233046150786633,0.4873920421576132,0.1049975750397699,-0.0029701732024401965,-0.6985417821925926,0.7078178138492655
4.640352027585559,-3.2326520619859993,0.4864521786487259,0.10461755519916137,-0.0006185606482070983,-0.7001126173849265,0.706326489989762
4.635993370282543,-3.2426756517752606,0.48523216146210757,0.10478511190227992,-0.00027856467710691765,-0.7020081382554461,0.7044178867870896
4.631641803834835,-3.251602778832531,0.4845513712819489,0.10462259285998027,0.0017238374474734934,-0.7029932786364537,0.7034568856023607
4.627506245583982,-3.260783577149134,0.48354100380519327,0.1044467739859421,0.0029377120582685353,-0.7041179818748322,0.7023532584279231
4.623024616923953,-3.2708314912278866,0.4823597536982973,0.10565316397730602,0.004700621979747412,-0.7051707564153746,0.7011059294042403
4.6187796512973485,-3.280082582644629,0.4813277270746017,0.10751620431105208,0.005236831814694092,-0.7056914192455473,0.7002945504432001
4.614679879584053,-3.289573516801413,0.4802799263672828,0.10865411966323557,0.006383449091822184,-0.7064076048540636,0.6993867403290124
4.610408121760854,-3.2988373264441018,0.47931579203621766,0.10882616925046901,0.007354182004632427,-0.7067714914000331,0.6989827180267013
4.606084050300117,-3.308302674717061,0.47824754548188864,0.10775087276456949,0.005690768882964162,-0.7071165091984666,0.6988158594135119
4.601560280541716,-3.3180540595459593,0.4769865585584938,0.10738134326295766,0.0010023534460734706,-0.7076809296001246,0.6983236787999166
4.597011527146675,-3.327292122583895,0.4758628371052893,0.10701034190212251,-0.00428998881322747,-0.7078114580621843,0.6982358469958628
4.592573136731371,-3.3373143431966,0.4748535681168775,0.10687243038215741,-0.004861069123430568,-0.708218716175436,0.697840178702382
4.588269538362366,-3.347197244236394,0.47378905578508324,0.10736444248835665,-0.0028381952441781954,-0.7086219840775677,0.6973662720328839
4.584049321071184,-3.3569290027672283,0.4727611560974463,0.10935157957938943,-0.0009873931594652613,-0.7087160587903627,0.6969668777006328
4.5798397153213255,-3.366184230793066,0.47169531555461575,0.11060854051152783,-0.0011304264425683705,-0.7087028289582207,0.6967817187255454
4.57555415417855,-3.3756526432311666,0.4706546384031114,0.11075451640697866,-0.000959440858045534,-0.7091788716031171,0.6962742433569367
4.57128549871746,-3.385117134042213,0.4697011055800573,0.11022393376859167,-0.0005498825896390758,-0.7098111481777581,0.6957144012707323
4.567067419576464,-3.3939794352184185,0.4686750483053288,0.10968858760035652,-0.0004294749062380345,-0.7103302448711974,0.6952691287339537
4.562739577101196,-3.403454268731334,0.467529752524932,0.10989940448684736,-0.000992257142556271,-0.71101958726841,0.6945302771093765
4.558072392278708,-3.4125551257390563,0.4663480225055041,0.10973263921136613,-0.0012349494242764705,-0.7113827724824608,0.694184241946435
4.553595211949074,-3.4219723577114944,0.4652561618683748,0.10991427700528399,-0.0010552071533969582,-0.7119167092214564,0.6936082000601088
4.549410815620541,-3.4314563907011975,0.4642734062432794,0.10937111268153327,0.0003692496496036075,-0.7128965560286874,0.6926877435812676
4.544853833505121,-3.4403618391765827,0.46316117586266614,0.10880596178891383,-0.0007989136430841009,-0.7130169376854819,0.6926524873934015
4.540390762403236,-3.4497059160244508,0.4621814386868408,0.10846750993414946,-0.00013950400305822594,-0.7133366959316016,0.6923767400295044
4.535751176510109,-3.4589162196143364,0.46111973482022783,0.10830272171438982,0.00018742803542843247,-0.7135562537912087,0.6921762496596914
4.531341916312764,-3.4685136766480613,0.45989683079626253,0.10888220635285269,0.000981962697315295,-0.7141190921011143,0.691503879219575
4.526636150244963,-3.4777368594406544,0.4590323926553399,0.10963216561075799,0.0023213936637214686,-0.7141344913004839,0.6913662756797407
4.522028041884573,-3.488166737616189,0.4574782824115182,0.10919709778769159,0.004769101093501269,-0.7151262889021093,0.69039672020167
4.517217709978745,-3.497960185924013,0.45641008626201085,0.11016576421827025,0.00397794475783936,-0.7155918779210882,0.689765151404783
4.512476912223404,-3.507814973844586,0.4553160946885857,0.1103869324296784,0.003795401061219952,-0.7162333378740532,0.6890646553330221
4.50686684667417,-3.518827664326389,0.45397216400961327,0.10980893333549749,0.0034532961115268713,-0.716796865872426,0.6885726766930164
4.502040933979282,-3.528580599062,0.4528150652098706,0.10856284725808316,0.0017069451311532648,-0.7174477760942964,0.6880987307474241
4.497096429952867,-3.5382784406775087,0.45166773773310354,0.10740894237926059,-0.00039021972216585004,-0.7177471241114698,0.6879696356153409
4.492096960695644,-3.5480663089082323,0.45054355279294533,0.10636505034441983,-0.0026618072443813715,-0.7180471516385352,0.6878136832245698
4.487039548695002,-3.557603484608224,0.44939008883821785,0.10619475791649892,-0.0038522889997419617,-0.7178213408419757,0.6880700358595263
4.482051605369886,-3.5674948916612728,0.4482024285255939,0.10732786641983429,-0.005883102429536768,-0.7176166179853111,0.6880934004144765
4.477153369181769,-3.5774950820475775,0.44707315590879304,0.1081794586139964,-0.00534414048501538,-0.7176039390525712,0.687977644551819
4.472466628412472,-3.5871713804635754,0.44592231269805627,0.10839283144631401,-0.00448779756244664,-0.7173982004508339,0.6881647056373691
4.467630341729494,-3.5970761437499186,0.44476307744913335,0.10901126383268829,-0.0033071479224166785,-0.7167465397631577,0.6887525005498554
4.4632238570418075,-3.6061622176225008,0.44372540747132305,0.11041062660874562,-0.0026880490195242777,-0.7161090671426075,0.6891952405850373
4.4583746851316075,-3.6161292194893457,0.4425678414135348,0.11186330607864242,-0.0015495461601534055,-0.7152937381091599,0.6898108927207163
4.453925528594059,-3.625496088170524,0.44157638849884684,0.11181428385657322,-0.0005709904364857871,-0.7148944476385427,0.6902341299294046
4.448977480670852,-3.6354493106140247,0.4404327972689117,0.11023848254457864,-0.0028675535056336436,-0.7144920525808548,0.6908982196586879
4.44460067074015,-3.6448926473930356,0.439411699896727,0.10785292986614255,-0.005019655056547115,-0.714073794949399,0.6916944245373317
4.439818883448643,-3.6550215664313264,0.4383037101267018,0.10591848552908398,-0.005337288968277115,-0.7138637476361934,0.6922075930261307
4.435363930793924,-3.66472999040193,0.4373460433161451,0.10628186024944646,-0.003142972897378777,-0.7135127663035636,0.6925271264505981
4.430680003588984,-3.6747713108967432,0.43620713954724266,0.10712585864620396,-0.002229906160658707,-0.7132844630470244,0.6926357869098233
4.426077474559989,-3.684399181091445,0.4351774361094307,0.10816994303118652,-0.002064324450790749,-0.712995406212311,0.6927716316197456
4.421195320703757,-3.694634595490208,0.43410179383547387,0.10824067188167394,-0.001469795720151853,-0.7126800982934917,0.6930864740648156
4.416648121966923,-3.7038860078327964,0.4330370811375541,0.10834443884984589,-0.002259412696291124,-0.7122972027887273,0.693461678741454
4.411863769335287,-3.7141425877368173,0.4319031666720079,0.10959993281916476,-0.0023744039842413913,-0.7120903322358232,0.6934764361960238
4.407174468719472,-3.7242122875357904,0.4306062616585997,0.11019766363031232,-0.003430667674653766,-0.7117444670956969,0.6937323176741861
4.402490788600311,-3.7343787552352916,0.42961212575377505,0.11026251961578201,-0.004500981176092773,-0.7116124971937224,0.6938512555055196
4.398162301626658,-3.7433215426318673,0.4286766759142431,0.10964524042405197,-0.005569921707019758,-0.7112231709458391,0.6943403341459953
4.393478546440121,-3.753243152638726,0.42764576127511233,0.1084915937281397,-0.004931204799290862,-0.7109446748151705,0.6948114427141203
4.389345235842532,-3.762965405584823,0.4266697609086698,0.10887148269940906,-0.0005449390589903872,-0.7110216407213825,0.6946905234340666
4.384797742146345,-3.7729505496385425,0.42572946960166647,0.10878725155565477,0.0022438409734117882,-0.7110174187992694,0.6947046451460059
4.379224488806182,-3.784569596097207,0.42437371703603155,0.1077073590486621,0.0038158709991635677,-0.7114395810823392,0.6944337925449988
4.374503737708046,-3.7947236413096697,0.42329113650847106,0.10511531295277333,0.0034998527040499294,-0.7120196208147582,0.694238128191225
4.369748614955893,-3.804528164511006,0.4223303970763741,0.10407772505312583,0.0031809101321161526,-0.7121820503126717,0.6942293924360122
4.36498353499085,-3.8146176730255337,0.4213431744581104,0.10427615267073351,0.0024926814566253457,-0.7123241455535088,0.6940566203958122
4.360355554736579,-3.8248883665655526,0.42026330860480243,0.10469490525524608,0.0023052369045052303,-0.7127862446595272,0.6935195922431908
4.355628884476506,-3.8346793791958835,0.4192806802217124,0.10472724063541207,0.001719010932700041,-0.7128971922592106,0.6934023588584454
4.350842984904822,-3.844293514670781,0.4182483367885226,0.10370721660794778,0.0001744401053315024,-0.7131977741703758,0.693248685208353
4.346170649164992,-3.854128290799885,0.417259232580264,0.1030527971689604,-0.0004709273231699891,-0.7134158961015414,0.6931216769374194
4.341569592577667,-3.863772018246034,0.4162896959646911,0.10254651628028211,0.0004082975812704629,-0.713765382286027,0.6928369333557653
4.336841543816962,-3.8735604046547403,0.4154020614330385,0.10264254498921795,0.001704763138336689,-0.7144516102864258,0.6921130671802598
4.332191849793304,-3.883416112857873,0.4143581921500967,0.10228071551941527,0.0010726810053381705,-0.7155289789498145,0.6910541080160624
4.327465703402375,-3.8930523544429865,0.41344327328452124,0.10116752717051805,0.0006236365655950435,-0.7166825321975917,0.6900223740503995
4.322759937910006,-3.902586977599082,0.4124732355652938,0.10033407140795648,0.000746962197579892,-0.7177640402251044,0.6890190804056815
4.317716209311039,-3.9122848447128558,0.4115226588073,0.10029864592077335,0.0007039360854191076,-0.718798827145116,0.6879447188166716
4.313003996965092,-3.921834572241959,0.41055276754028824,0.1009916456066361,0.000920897255799452,-0.7197452350234077,0.686852698368659
4.307987929995383,-3.9311238829302066,0.4096716783466583,0.1011273416153958,1.9546930301809582e-05,-0.7204493981257111,0.68609468941634
4.303264548211554,-3.940300869557518,0.40885065322101255,0.09808691461800224,0.0006019134731192288,-0.7211384253912404,0.6858118922531514
4.298627666503581,-3.9498715972339813,0.4080914004591847,0.09476878215518725,-0.0010644868683278485,-0.7219173018365683,0.6854583711634038
4.293815133756962,-3.9591000739554456,0.4071701655963995,0.09458964429253806,-0.003800788426735709,-0.7227635713679944,0.6845810245867561
4.288719787439378,-3.968876765941137,0.406155483660978,0.09572152405783833,-0.004184994020668798,-0.7236093185276401,0.6835272102669099
4.284079682701609,-3.9781786675886055,0.4052563760823613,0.09841950714029742,-0.0007282964772371827,-0.7246145846069374,0.6820899888107215
4.279265040886863,-3.987671014036403,0.40449315978115763,0.09916315079313356,0.00021893349244235833,-0.7253630336201332,0.6811865322871535
4.274559337466503,-3.9965258949605347,0.4036261204351703,0.09764777332584872,-0.00032487980176565704,-0.7259426502707719,0.680787814779326
4.269781461546586,-4.005616832741076,0.4027737372188298,0.09567250211060688,-0.0005424933900511895,-0.7269601421543315,0.6799819181197538
4.265158177018209,-4.0146053681661575,0.4020063320656302,0.0945424308023462,-0.0012781710859909121,-0.7279487177393481,0.6790808156936371
4.260028025780216,-4.0233827898720955,0.4011986899931763,0.09389531123980578,-0.0043790352160613085,-0.7282001632179919,0.6788880755117561
4.255225203577809,-4.032004024370749,0.4004644907095418,0.0919695845982808,-0.00595503771238256,-0.7287493678593099,0.6785502929758213
4.250643976281203,-4.04098898717933,0.39976013712575664,0.09101213789190696,-0.006057073535537144,-0.7301172113371135,0.6772067478689718
4.246039848064882,-4.049573985213604,0.39905844920800604,0.09225400022865084,-0.00551548858959476,-0.7308600283703632,0.6762413817789062
4.241012566152988,-4.058483981521598,0.3982851654332382,0.09483667835558515,-0.006026699878289764,-0.7319349789889061,0.6747153798584938
4.236144505204457,-4.067221873851129,0.3975042028574567,0.09622994361669752,-0.006431637436304402,-0.73365531347267,0.6726427861659491
4.231219082095224,-4.07612395937833,0.39682081400125924,0.09662400576621916,-0.004873357218728309,-0.7357903582446409,0.6702630742286391
4.226274524848343,-4.085013879744122,0.3959841592881066,0.09625287125409339,-0.0042277866969304715,-0.7387123430490136,0.6670993967311837
4.22079393483963,-4.094276540998258,0.39516119833178465,0.09618895229703209,-0.0037415967208666067,-0.7423416257891609,0.6630705928571999
4.2154368355393945,-4.103266473077302,0.3943472751230104,0.09643203478924954,-0.004022022332760313,-0.7464345861445446,0.6584224165830456
4.209734635453787,-4.112402152841362,0.3935241353384775,0.09668501312887785,-0.004640393578765737,-0.750604008369323,0.6536238154974904
4.204209044844363,-4.121087289258136,0.3926391191054952,0.09775044974639062,-0.0053476172165777824,-0.754619329441026,0.6488188403600376
4.1985819253951036,-4.129468203418412,0.3916352910426326,0.0986156254032737,-0.006533218952775148,-0.758226472628359,0.6444570440866165
4.1930581570422945,-4.1376206823757204,0.390699349207428,0.09995628167169088,-0.008064581608313429,-0.7617356186748078,0.6400801126576584
4.187277000834495,-4.145696608495631,0.38963676807592407,0.10094318643199675,-0.01073177703601335,-0.7642299594389806,0.6369049262286718
4.1817773300788685,-4.153116718220989,0.38872701506754304,0.10312230449666576,-0.013821362066053125,-0.7664139383519447,0.6338646789254775
4.176464106047054,-4.160965557792256,0.38778401797595485,0.10319300880444965,-0.014277296178523665,-0.7686951175421792,0.6310746206608318
4.171386028754172,-4.168130840296103,0.386837383772189,0.10527065262682717,-0.0152848035239339,-0.7702984032825563,0.628748613350327
4.166465066240041,-4.1749539848588615,0.3860771067235298,0.1086959077946737,-0.016848181612247434,-0.7707303870885197,0.6275954209637717
4.16159187240595,-4.1816749502245925,0.3851458974736577,0.11086027972819366,-0.019250661696295263,-0.7711912245212994,0.6265808051662638
4.156947694361274,-4.188369743811155,0.38444993563364793,0.1120898115656104,-0.019057244648745347,-0.7717771478719926,0.6256458432434462
4.151774329169875,-4.194977232453649,0.38345455412044305,0.10996372827185541,-0.022112902889535335,-0.7710999107084796,0.6267566907949327
4.1470892564548505,-4.201338686213986,0.38267807294481226,0.10788549133429207,-0.022608388384378734,-0.770747309204496,0.6275333856633969
4.142523766075659,-4.208152548576342,0.38192574031153814,0.10855736148578682,-0.02361189301412845,-0.7703066135690624,0.6279215715752972
4.137932136843374,-4.214071123165695,0.3812163584092598,0.11001154950737439,-0.023895896446249273,-0.7691009168307076,0.6291345099153512
4.133667314524268,-4.220241949530783,0.3804965193284683,0.11194052575208036,-0.02419653769453639,-0.768569478903125,0.6294321296062422
4.129205432075157,-4.226362179105577,0.37971899323793323,0.11140345300529869,-0.024705830522984664,-0.7677679685149,0.6304849038778549
4.12469344792914,-4.232455902595036,0.37892996580874083,0.11030159355968353,-0.026006627914690935,-0.7664984496317226,0.6321687632465075
4.120301152638569,-4.238656222459508,0.37808782517419326,0.10936690371267092,-0.02769341791345028,-0.7645216380466513,0.6346484354854679
4.116370335943173,-4.2446618409997665,0.3776258274881592,0.11073034759238394,-0.027653080993536576,-0.7629413876578174,0.6363132302945402
4.112288983166632,-4.250692121083377,0.37695784780204744,0.11103873565466571,-0.027451447157081466,-0.7608267084133026,0.638795388670431
4.108466813980385,-4.256457104820202,0.3764073211910235,0.11246038757306442,-0.026954649064670596,-0.7591968603080421,0.6405046658195229
4.104931254553053,-4.262162708146199,0.37585009836288674,0.11284309207287879,-0.02629986774571995,-0.758439182338556,0.6413616678353665
4.101037056890006,-4.268195934578121,0.3751314932024661,0.11345598710724021,-0.026677599270673206,-0.7568829025975743,0.6430741080110391
4.097423323784912,-4.273526821101496,0.3744187056967201,0.11507239534428465,-0.027627308544835274,-0.755540753517505,0.644323879174208
4.093678186037792,-4.2793772067829075,0.37379192429195807,0.11619297628663333,-0.02776588703168856,-0.7543923441302263,0.6454614285007879
4.090043435743706,-4.285198244523766,0.37319661058478104,0.116192727440734,-0.026465213900830592,-0.7533562404215658,0.6467250162896153
4.08634992686956,-4.290935600103563,0.3725477323908003,0.11477477571314401,-0.025431761436670617,-0.7521737034009013,0.6483939426224264
4.0827891885100955,-4.296751074314737,0.37183172019939736,0.11280551252023856,-0.02689852832311198,-0.7509285512567234,0.6501212980038097
4.079290021963794,-4.302201942271535,0.3712630243618522,0.11136987802359821,-0.028133637527934467,-0.7492246082881248,0.652278875505812
4.075816862777467,-4.307296434299807,0.3707211599390793,0.11144157041453426,-0.028939393544524104,-0.74641476450997,0.6554450948695684
4.072739636414225,-4.312864755147255,0.37032804209350506,0.11135384382304926,-0.02696088795583021,-0.7437393908264267,0.6585781291272111
4.070169784652463,-4.317656226327862,0.3698492306527008,0.11216051563715013,-0.02686745482928976,-0.7404233758609158,0.6621717237975854
4.067481245852411,-4.322819061317464,0.3694854642704609,0.11280561930380993,-0.02683071347994706,-0.7364273985466175,0.6665055788459332
4.064870377312143,-4.328033194459225,0.3691436882048974,0.11356414345097443,-0.027175305810735365,-0.7322753017072898,0.6709229216348802
4.062748573059782,-4.332287399926502,0.3689159326811531,0.11359324381243059,-0.026197671080463353,-0.7271595393248869,0.6764977775752296
4.060541918990014,-4.337189289800747,0.36869381553512914,0.1135069296194506,-0.02564136302161912,-0.7212533572654306,0.6828267024252295
4.058798468215746,-4.341788265760986,0.36870898546002584,0.1138088035208149,-0.02438516621019761,-0.7147047469352159,0.6896738669553293
4.057017981617245,-4.346694505551104,0.3686070214151349,0.11299148216371085,-0.023462521331032753,-0.7077515397105318,0.696972164807568
4.055577213652416,-4.351348598051283,0.36844782667160203,0.11065765701661326,-0.02111929460547237,-0.7008009249508875,0.70440536738858
4.054035097834851,-4.356529333092127,0.368584243273375,0.10870828513245658,-0.017265464457851536,-0.6943566957735461,0.7111632765099083
4.052637903529507,-4.362513905225862,0.3680300455478349,0.1063975801548242,-0.01622266237675266,-0.6887640202055807,0.7169522398380686
4.051005097250461,-4.367880020881683,0.36738063130734844,0.10455062339654324,-0.01577714626163543,-0.6830314792257816,0.7226951318023804
4.048943316699346,-4.374093727831625,0.3668369468068171,0.10273490472826845,-0.01207247237192915,-0.6786283025524417,0.7271612043794351
4.046639800485931,-4.3801688469276705,0.3663426028123098,0.10160718927272361,-0.007714639584309037,-0.6762476716203936,0.7295927146984827
4.043693218129116,-4.386993760048643,0.36581817730110977,0.10169235412666441,-0.00276928121328157,-0.67622200259668,0.7296401758490553
4.040261003430198,-4.393793505507678,0.3651222744991678,0.1023596624573849,0.0002792269511815911,-0.6768856242535344,0.7289363909026648
4.036627008138911,-4.401263762254694,0.364541355258158,0.10420891399496411,0.0023570339967600848,-0.6790049053298528,0.726696137346317
4.033370500940409,-4.408671168240523,0.36389512899018506,0.1062466693398492,0.0023174064723685234,-0.6825853442137945,0.7230377002445165
4.030116535887043,-4.415607416301255,0.3631185121430818,0.10664761434035476,0.0025206526714225573,-0.6861638467323999,0.7195825866264111
4.027224695957757,-4.422655867785936,0.3623733593666252,0.10633137166825152,0.004212490379816548,-0.6922980512885648,0.7137221496916036
4.023896718977918,-4.429426473193724,0.3618571099569081,0.10771246783853362,0.008411184343428598,-0.6963587335674932,0.7095151717527529
4.020414594410427,-4.4356529337403545,0.36106283301414166,0.10778951089595878,0.009568892244259079,-0.7004895606155928,0.7054106792930487
4.016827890872813,-4.441848158280246,0.36002780112785615,0.10921073104913918,0.007492433179108742,-0.703766088318732,0.7019474097570098
4.013656168751209,-4.448405405970477,0.3592329331920574,0.11138294047201441,0.007257720049824235,-0.7092026885530933,0.6961125862277535
4.010379316472341,-4.454606844273201,0.3584136369103508,0.11345762664346298,0.007334676260841581,-0.7136790310317243,0.6911843517609306
4.007028228885886,-4.459926898476992,0.357422207725131,0.1140905953909716,0.005890281241181167,-0.7168796390896219,0.6877733894008408
4.003732578428686,-4.465711449157762,0.3562213680989643,0.11499192926713032,0.0017733262000992438,-0.7215485083871449,0.68274552239924
4.000593541712756,-4.470597588022008,0.3552122002025566,0.11607291794551489,-0.0036014836971364063,-0.7245948033217929,0.6793205960416729
3.997409764585106,-4.475871240519635,0.3542559018390179,0.11581062169195586,-0.007667255773732016,-0.7273663962802318,0.67636324098974
3.994387897463964,-4.48156161023948,0.3533325412113939,0.11640521726628318,-0.009879637981707788,-0.7309641661618049,0.6723418776042592
3.991530675258595,-4.486454652296,0.35247768578377947,0.11680258842002009,-0.011834017674972063,-0.732163201152412,0.6709353021768713
3.9891359350062165,-4.4905953160717385,0.35161791680567767,0.11687586557012468,-0.01212519326911198,-0.733846186011101,0.6690760519534067
3.98640829316768,-4.495120913049843,0.3508544341238098,0.11788114965088015,-0.01395593082806279,-0.7339553735570459,0.6687441739269742
3.983885196654684,-4.499863269461331,0.3504582992037779,0.11769154363793488,-0.011877414638732504,-0.735720516823903,0.6668755092748505
3.9813974045465264,-4.504231485510168,0.3498807569910056,0.11759128391215669,-0.012557485978158549,-0.7360960393047072,0.6664662291109356
3.9790956688729295,-4.508257720450839,0.34956617712320437,0.11707560018784462,-0.011017597795576203,-0.7379759476233262,0.664502374033781
3.9765681865804274,-4.512534489086795,0.3489365460308811,0.11577931693265942,-0.012014436947879894,-0.7388859667120682,0.6637004833218706
3.973900889430433,-4.516538721087979,0.348316986769051,0.11521907366096608,-0.01249824263372801,-0.7404157607946475,0.6620822341104888
3.971278635745249,-4.52100511098199,0.3476088382682967,0.11532274191307207,-0.011840448397701318,-0.7422157726419174,0.6600577433298872
3.9683693150321595,-4.525829501863708,0.34693508092264835,0.11512063910192535,-0.010622309012849728,-0.7444077449420531,0.6576408537188361
3.9654053024416567,-4.530410683939498,0.3462359051620334,0.11590527497593203,-0.012541009457364721,-0.7459021987456874,0.6557732791975203
3.9623509983707406,-4.5350558135201675,0.34554377581628515,0.11610730739923228,-0.013412063595539515,-0.7478607618873707,0.6534856478718358
3.9592539273432763,-4.539743825086639,0.34482321824486917,0.1154942563354203,-0.013709721476215533,-0.7495234932582849,0.6516806350158744
3.9558378198328716,-4.545276665054396,0.3441478249835761,0.11403306962250774,-0.01225234447486995,-0.7521050937273346,0.6489871005442706
3.9526794795663385,-4.549950086573749,0.3433914894909478,0.11392882762263487,-0.013834965582708518,-0.7535179109339147,0.6473326635090433
3.9493772199109936,-4.5549901816211325,0.34267720826771253,0.1145435201125799,-0.015194676340064916,-0.7555743106812433,0.6447917354061931
3.9461623248424997,-4.559665532068946,0.3419179588906913,0.11515638577663735,-0.016998940038220587,-0.7567616214011351,0.6432432512267696
3.942993400168457,-4.564424772705192,0.34121108555441015,0.11513966053579754,-0.015667556715512038,-0.758287319451048,0.6414808975625365
3.939937731478083,-4.568963222523597,0.34048532290971156,0.11612673263113174,-0.015343869655813008,-0.7592327961442591,0.6401911377053487
3.9369710462834435,-4.573557524224833,0.33983314907288875,0.11781151644673832,-0.013896897362477225,-0.7602950819226931,0.6386538278438866
3.9338555368306762,-4.5779355426078965,0.3391286538197331,0.11965555598629249,-0.01495046483027855,-0.7607624781585498,0.6377299359256006
3.9307355845470706,-4.582524855328546,0.33838520802194694,0.120592045568639,-0.014950169193259009,-0.7617221190775976,0.636406690385246
3.928035504967698,-4.586696274820828,0.33785466673154474,0.12108184881026919,-0.01351457242760375,-0.7621055765321232,0.6358865143397281
3.925546682347014,-4.5902925902089695,0.33721706593594636,0.12022238662555564,-0.01417391554620267,-0.7624718861602366,0.635596028533217
3.922936636737309,-4.594215494215607,0.33662950703424954,0.11986028890912859,-0.014834746576395323,-0.762331590970933,0.6358175950807569
3.9206171102341436,-4.597872971155737,0.3361578121285045,0.11994850205546231,-0.0157215247215732,-0.7624140933889203,0.6356806981693573
3.9185230108029065,-4.60120350931367,0.33555532344498573,0.11953968581125689,-0.015413466754624268,-0.7618351257832364,0.6364588880042257
3.916209197667431,-4.604717253800564,0.33505196782325974,0.1193694192187325,-0.0157891723472933,-0.7611553300059125,0.637294444669106
3.9141424252373036,-4.607933380325293,0.3345159771755073,0.11934131814241532,-0.016304263756216304,-0.7604988987192269,0.6380699395076639
3.9119145414757077,-4.611228381938149,0.33416559864882345,0.11892869951813011,-0.017770766246315847,-0.7596148692706581,0.6391599289417955
3.9098272483850582,-4.614613829192388,0.33372998979890944,0.11805823685110411,-0.01855028015309242,-0.758770504873073,0.6403010584403367
3.9077190765488212,-4.617929960350104,0.33341020096948526,0.11799436785423308,-0.01880858792686115,-0.7577337531363116,0.6415318606530435
3.9060585496761737,-4.62067044318606,0.3329152492196994,0.11783961098781798,-0.01946736534331869,-0.7566943124015403,0.6427663307179576
3.904193914912962,-4.623560743663951,0.3327637353308135,0.11877310733074825,-0.018116324643721714,-0.7552768098391974,0.6442993729534736
3.902482880066078,-4.626419796128304,0.33244868682704976,0.12003846582024168,-0.016909850778753486,-0.753815998287668,0.6458066920712702
3.901084288245082,-4.628983170183328,0.3321909552860589,0.12244873955134383,-0.01632170415074993,-0.7522097107441671,0.6472406372146047
3.899582752721673,-4.631328415217911,0.3318829891137405,0.12393164097720472,-0.016001598328705333,-0.7497526260382766,0.6498122120528497
3.898343326731643,-4.633688392113149,0.33169666983048884,0.1244579916354663,-0.01513318097799866,-0.7472139804376463,0.6526503527682865
3.89756474756324,-4.63563234415015,0.3316388988069079,0.12482315187581061,-0.014481319851399768,-0.7442427688754277,0.6559818378418775
3.8967586474017395,-4.637635954157493,0.33156231094338917,0.12432215345437114,-0.014475980753840488,-0.7407005327227373,0.6600736292653103
3.896010698312704,-4.639623872196104,0.331518057626635,0.12310126145658144,-0.01403376587015666,-0.736472824729547,0.6650239897937049
3.895626881454862,-4.640977429390124,0.33165616058412795,0.1217573028530272,-0.01508597505744792,-0.7312682042938876,0.6709652538427006
3.8952865642553913,-4.642961646135629,0.3317542067607242,0.12068563813915674,-0.016239448579695052,-0.7259479014527112,0.6768832269419142
3.895183796277508,-4.644647577414566,0.331776451220021,0.11990429321497059,-0.016680248273917463,-0.7194267506132881,0.6839370383282254
3.895325334991278,-4.646614677662349,0.33213253541970644,0.12061003185376869,-0.012565463079294686,-0.7125988124579427,0.691012473770383
3.8952639818646673,-4.6472034790034495,0.33234874920331237,0.12011113149908477,-0.009948017777357467,-0.7018045383687518,0.702100253408301
3.895368038395098,-4.648982876037351,0.3324816743529979,0.11924701567849977,-0.0066304121162767335,-0.693301515981129,0.7106822156147113
3.895450542356448,-4.651055000582091,0.3324450284465037,0.1183667737789434,-0.003995877234384963,-0.6853432444494645,0.7185248554867061
3.895857196453168,-4.652511971028119,0.33329572638839977,0.12193405869549621,0.0023374745117108707,-0.6766724801004377,0.7261136127038875
3.895911946079373,-4.654352532206275,0.33318536281397115,0.1218105431683541,0.0035551871350873536,-0.6678600639459131,0.7342427888012988
3.895988765480894,-4.656552235925144,0.33357476168085753,0.1243687252767426,0.007343068265994625,-0.6588451493843194,0.7418905253802439
3.896443988371715,-4.659492139263495,0.3336490122957372,0.12516236822792604,0.012537049512713424,-0.6525466629003371,0.7472349546432759
3.8966056996752023,-4.662144559803375,0.3336137096008791,0.1253578125825388,0.015498242899612016,-0.6443322138562437,0.7542421625327244
3.896856160223005,-4.664422102663204,0.33357657818006814,0.12438471850244523,0.012758173455502389,-0.6348058971229286,0.7624874710984474
3.897065844057872,-4.666890670605907,0.3331321393602309,0.12119187444683832,0.008057037857196313,-0.6253947564339414,0.7707976411383113
3.8972884160860453,-4.670171716693014,0.33291668866446145,0.11992344810793386,0.00662173171276554,-0.6164447585971519,0.7781840268500969
3.897428775819713,-4.673601341725195,0.3323975256864067,0.1171002698262953,0.004258253860509672,-0.6072331385698446,0.7858354207366297
3.8980326172298234,-4.6761534692506075,0.33190286164381533,0.11173212562136686,-0.003869110531943668,-0.5968147407726676,0.7945521617301752
3.898138485645231,-4.678049819490473,0.33155471189807884,0.10700162928462736,-0.011932590297010912,-0.582452382186172,0.8057030916875164
3.8988470714687278,-4.680701604332851,0.33111142140738536,0.10255163259859906,-0.024368617333567613,-0.5713881564461194,0.8138826187974149
3.899188993108458,-4.6824873880994335,0.33082397478692194,0.1001605054479751,-0.03826597928297101,-0.5565021540286141,0.8238986148404491
3.899544137332207,-4.683742783788268,0.33087081630735327,0.09968677323457084,-0.050303085316667474,-0.5400901024995939,0.8341671432948838
3.899807785695365,-4.685108179660073,0.3308813822398138,0.10100233498449458,-0.06741120381442951,-0.5231559691404406,0.8435413932768445
3.9001023424919827,-4.687052594480786,0.33089072483097937,0.10070822448450874,-0.08164290007345514,-0.5074677665055964,0.8518619404601288
3.900503749809843,-4.689525700475697,0.3308121598607787,0.09550580951429527,-0.09406481487942607,-0.4930313172048457,0.8596223388543042
3.900307834896765,-4.689830161451145,0.3307982583636253,0.09314184769175927,-0.09496359598506307,-0.46746332435478405,0.8739476858376295
3.900086777697709,-4.690187274264419,0.33076207673334856,0.09058874548460197,-0.09907000744927583,-0.44133584897245964,0.8872437540368143
3.8998684262919765,-4.690751786110775,0.3308450868449143,0.08944310524930299,-0.10302205401892295,-0.4146332053591981,0.8997031129474089
3.8997241338025734,-4.690793639230341,0.33087765260250723,0.09022358080569101,-0.1091934448958553,-0.39045176009898314,0.909661432755681
3.8996549255930324,-4.6905717939076705,0.330903882067763,0.09027656961209685,-0.11281338267249964,-0.3704571614386072,0.9175427929801871
3.899586393594732,-4.690749457635191,0.33095223943674057,0.08979815434844167,-0.11674296618869559,-0.3502192250565147,0.925015603720019
3.899536323081607,-4.6911721820007575,0.33102400235532414,0.08923093777849986,-0.12050541740372858,-0.3305454021000823,0.9318025636183489
3.8995142062278845,-4.691013975240183,0.33098968176209986,0.08615335965993583,-0.12103396963369341,-0.315316925300408,0.9372852317855974
3.8995150913037113,-4.691007631726321,0.3309864330745924,0.0850075824744703,-0.12171799205842398,-0.30096724884022624,0.9420069760390254
3.899562214124286,-4.691079696708975,0.3310116548418236,0.08312953991461744,-0.11935785028086672,-0.2894144868075114,0.9460879684006982
3.8995647511003817,-4.691120871120583,0.3310226838836279,0.08224015553078151,-0.11767827402472342,-0.27766599354040006,0.9498894523623532
3.899595213812896,-4.69114031368389,0.331026368104677,0.08374735561028468,-0.1214275884192687,-0.2660504564465122,0.9526063571082297
3.89970598686775,-4.691233083189154,0.3310618435149397,0.08448655601770629,-0.1232755822318673,-0.25607343920391473,0.9550348439775442
3.8998073317029114,-4.691379741971637,0.3311037401754824,0.08698006510902334,-0.12875471661969734,-0.24502973482282933,0.9569833393171354
3.8998869635082425,-4.691599468996458,0.33115957472029933,0.08880107902115834,-0.13364688723778434,-0.23274062306431753,0.9592104488000556
3.899938746949772,-4.691666296730389,0.3311816931656324,0.08594740551413879,-0.13216503875332195,-0.22175349888137771,0.9622737850912646
3.899916877522095,-4.691775308728381,0.3311951022564017,0.08494221594674282,-0.13324867437128074,-0.20820177470018236,0.9652365684098408
3.8999693523907286,-4.691844839348748,0.33121429593680674,0.08275259279544522,-0.1328727387145143,-0.1956135706791981,0.9681075180622769
3.8999560606227863,-4.6918929527177635,0.33121194308286306,0.0812205797671739,-0.1329446455687929,-0.18684939943315768,0.969956823019731
3.9000207968156246,-4.691948053658024,0.33122935854609636,0.07759086341850814,-0.13256109776681757,-0.18604286104557127,0.9704613643593065
3.900075013669249,-4.691994362027366,0.33124773074069935,0.07495696810081443,-0.13084483965210475,-0.18824574928667423,0.9704764809620671
3.9001511318365285,-4.692056546847683,0.33126492464367274,0.07682094413279751,-0.1323127218727285,-0.18869718274150116,0.9700439486919917
3.9002210492698257,-4.692122253650876,0.33128720386504185,0.07785729159805332,-0.1335394820012642,-0.18839372720199762,0.9698521819868979
3.9001835868985495,-4.692116619096682,0.3312840322658559,0.07938531434959038,-0.13447505858442324,-0.1885707929029302,0.9695645876062616
3.900248547590328,-4.692174129331713,0.33130571784347396,0.07865722476516938,-0.13569955164301267,-0.1900338359285094,0.9691675885842012
3.900325007458564,-4.692328130886928,0.3313428133595977,0.07861517167373343,-0.13347344816905402,-0.19096389957498752,0.9692973082894957
3.9003974971422757,-4.692392937784844,0.3313671195357273,0.07741594871977471,-0.13267425471893785,-0.19318434902004492,0.9690635312224667
3.9004803454372414,-4.692540771612633,0.33140775886820606,0.07860579725040989,-0.13064571042121012,-0.19315932672630495,0.9692483127949267
3.9005512752535623,-4.6926125986490455,0.33142930386613045,0.07991446865254873,-0.13098140343948372,-0.19403606409544719,0.968920815697773
3.9005980970250658,-4.692675681660273,0.3314470883007843,0.07905302221246596,-0.1299458154451005,-0.19522036465666645,0.9688930328973598
3.900805498101505,-4.692888582000228,0.33150514778639106,0.07928415793724108,-0.13054557910223946,-0.19638429987080425,0.9685582540315263
3.900885326884314,-4.692974862808672,0.3315312164759163,0.07976930719141438,-0.13023668643321107,-0.19685369719425266,0.9684647093892897
3.90097617208437,-4.693106725885347,0.3315693152485544,0.08063681085581037,-0.12877900076942364,-0.19654080247576808,0.9686513204460534
3.9010575425921896,-4.6932000549589175,0.3315956770817525,0.08079539612292826,-0.12817579669169926,-0.1967189186875326,0.9686819637156868
3.901125978615937,-4.693282549439012,0.3316199808587541,0.08213129599981832,-0.12883107568492394,-0.19660370605469238,0.9685060593893557
3.9012038023878723,-4.693373852286534,0.3316448812679891,0.08257933490717162,-0.13000476063260696,-0.19628488322580173,0.9683757874458669
3.901282215706156,-4.69346591350078,0.33167074172745714,0.0823284971098921,-0.13093052179035355,-0.1963045460702189,0.9682684285926425
3.9013457353349104,-4.693554244258573,0.3316925923584293,0.08256351593376896,-0.13215687823777889,-0.19590216678477806,0.9681632972515715
3.901422682756234,-4.693645289471289,0.3317182940568095,0.08212942411167101,-0.13258476482537923,-0.19533378048837544,0.9682565478303681
3.9014974019306337,-4.693736029388669,0.33174518790778507,0.08206623935184158,-0.13243851519162306,-0.19465319879344709,0.9684189723096011
3.9015634158117187,-4.693812907113569,0.3317691276652237,0.08179608778198205,-0.13169301726526486,-0.19418965053653742,0.9686365368754517
3.9016397081139473,-4.693900745977146,0.3317971590963893,0.08170782919518069,-0.13135551187521174,-0.19392283929610177,0.968743255038007
3.901685595893941,-4.693981893944697,0.33181872903689325,0.080903869683157,-0.13064175046967846,-0.19298023630780256,0.9690954223202114
3.9017610340518374,-4.694070324319449,0.3318450684961327,0.08047760927889105,-0.130503689040485,-0.19230069361769814,0.9692845715439627
3.901824393823839,-4.694152358539298,0.33187121148128185,0.0803929797663779,-0.1303828904732639,-0.19100720638505725,0.9695635655725009
3.901900405480574,-4.6942387956995475,0.3318974193971158,0.08091372582227443,-0.13005049331071455,-0.19022895278419477,0.9697178881546316
3.9019766097399824,-4.694330204579741,0.33192525443470444,0.08112768934340372,-0.12956902056848013,-0.18942917167871565,0.9699210042100762
3.9020515113431005,-4.694416975983156,0.3319520903333153,0.08123492497300312,-0.12928853564406353,-0.18848963038528604,0.9701324796536981
3.9021241616429094,-4.69449954963143,0.3319756095862765,0.08139558582408281,-0.13004278794223428,-0.18722275374831174,0.9702635139963182
3.9022005705632736,-4.694586145251325,0.3320020752962378,0.08208828595285492,-0.13036709699561855,-0.18621955726400155,0.9703546892659917
3.9022682625444762,-4.694660980534741,0.33202509370894795,0.081860190763144,-0.13097203833992574,-0.18510483346546538,0.9705057615126819
3.9023425115686434,-4.694745299565653,0.33205096334529394,0.08142573937334273,-0.13096589016684707,-0.18410701427039147,0.9707329129535883
3.902411138195629,-4.694821718998055,0.3320734924683144,0.08240374967617156,-0.13122220972553883,-0.18269647159525482,0.9708822534102836
3.9024856878584675,-4.694903244926459,0.3320988653667518,0.0825195060607725,-0.12906376740913048,-0.18152010212982123,0.9713822796241648
3.9025530923442586,-4.694974607643291,0.3321201958422897,0.08195072467558746,-0.12733152530741654,-0.18057813629492783,0.9718345020356727
3.9026225572318203,-4.6950535591829015,0.3321439270271247,0.08210984172575768,-0.12901343522021458,-0.17889201224504925,0.9719110798041605
3.902685556598019,-4.695119109711965,0.3321659916433486,0.08104820808281009,-0.13099899271737717,-0.1780526569112338,0.9718887334264191
3.902754499177842,-4.695195233065708,0.33218892831066427,0.07982053066065938,-0.1328335323700831,-0.1767731865163482,0.9719748887249438
3.9028108910650374,-4.695254009348383,0.3322096634667382,0.07904565389004782,-0.13295954796924275,-0.17592979857851415,0.9721739848787552
3.9028766601566716,-4.695324107309105,0.3322328971673727,0.07881747903421758,-0.13222073133135218,-0.17469638314372565,0.9725156322389827
3.902933182548062,-4.695383961809825,0.332252663652989,0.07895373061212843,-0.1306844273611545,-0.1732674453773052,0.9729677643655318
3.902994561126974,-4.695447352772856,0.33227292846753187,0.07891729275725626,-0.12964527243372606,-0.1710696572632251,0.9734985044660871
3.9030600467223673,-4.695512738162706,0.3322978135119561,0.0778364401836029,-0.12709258156495892,-0.17004189324839972,0.9741020028674392
3.903118669608294,-4.69557142883485,0.33231868032062195,0.07739750083779896,-0.1272827510941354,-0.1681326927767801,0.9744434941767879
3.9031706559460044,-4.695625427005471,0.3323365003634571,0.07564984076906149,-0.12757376718397026,-0.16682062802082043,0.9747681345092922
3.903226015396222,-4.695682759570744,0.3323550714950869,0.07486705611005541,-0.1284983109133685,-0.1651282326412021,0.9749952710477148
3.9032758107300927,-4.695734453695573,0.3323739920544373,0.07361483495371998,-0.12903458060230114,-0.164739216972373,0.9750855989049778
3.903328569192846,-4.695787707447084,0.33239353502318814,0.07298128013864513,-0.1291698785858263,-0.16483004650808059,0.9750999637857257
3.9033747109576566,-4.695835278891828,0.3324089037683713,0.07175782118693674,-0.12975159146742915,-0.1642730812120693,0.9752075102868559
3.9034225464522345,-4.6958847531225105,0.33242665118607384,0.07149522697894102,-0.13121518339471303,-0.16346631410805323,0.9751665284920543
3.9034698551250964,-4.695933508655444,0.3324435847850342,0.07190295577273599,-0.1326087415109788,-0.16324844903190755,0.974984526817102
3.903510106069482,-4.6959735599419306,0.3324582290484326,0.07107969919069347,-0.13175101680798845,-0.163005514561355,0.9752017955537794
3.903553494684786,-4.696015437381105,0.3324742838528092,0.07027342515119567,-0.130787561265269,-0.1624338475237677,0.9754852685930515
3.903595878190899,-4.696057188552498,0.33248944486631515,0.07058103547302892,-0.1312512452388666,-0.1611507280513413,0.975613590799368
3.9036353367857544,-4.6960983696853695,0.3325041436815699,0.07035822958351046,-0.13209558504622404,-0.15870687939375108,0.9759162901015868
3.903666166157187,-4.6961272146622015,0.3325149954686175,0.07044475468069722,-0.13288317922309137,-0.1552915632225235,0.9763524630695961
3.9037022676887396,-4.69616043745896,0.3325286895817072,0.07043340976698594,-0.13349723413759357,-0.15021070964624472,0.9770641564288239
3.9037321819114865,-4.696186336542806,0.33253968325224825,0.06881472097442637,-0.13466580118986782,-0.14345686398127655,0.9780336361709789
3.903762937126489,-4.696211205077805,0.33255265421015423,0.06534475002694297,-0.1353726437690041,-0.1349837470134208,0.9793792309575324
3.903778900666765,-4.696226947422922,0.3325600608160748,0.06239036874002376,-0.1361076777159246,-0.12396062951124191,0.980926042279
3.903798673996622,-4.696232873409038,0.3325692635360262,0.05836767368596353,-0.13608129941842267,-0.11244456103278325,0.9825636380336255
3.903819576558085,-4.69624141791499,0.33257758585905606,0.054895477220099395,-0.1359255438095974,-0.09910977601669231,0.9842194858202475
3.903839699909466,-4.696240473564953,0.3325895717660554,0.050181348521292544,-0.13466602298818436,-0.08520093731691082,0.9859450776765655
3.9038589410172424,-4.6962422808138164,0.33260530969313606,0.04598150598483503,-0.13171701532070024,-0.07071618281150645,0.9876920353399655
3.9038706147382083,-4.696238453834324,0.3326136112796476,0.04018087609205157,-0.131082881436447,-0.053705508711827714,0.9890998420475895
3.9038796658229042,-4.69624556798032,0.3326236547725472,0.03188688013115215,-0.12855039624969505,-0.03090552701872334,0.9907082697170201
3.9039032951732358,-4.696234358572056,0.3326331328529193,0.02420531070771648,-0.1280326501574974,-0.013766653853463566,0.9913789428244858
3.903924347182256,-4.696218164742936,0.3326453894274328,0.014354044900459426,-0.12477815827497689,0.0021918683833874386,0.9920784071773697
3.903950850992178,-4.696204293590652,0.3326574342827677,0.007603940443722142,-0.1214585837624475,0.020186926435742863,0.9923620746249864
3.9039662695875137,-4.6961892133223015,0.3326594941160119,0.0041582034464206965,-0.12149288580018014,0.040075159522381824,0.9917742551948828
3.9039895996538867,-4.69617143500511,0.332666679731493,-0.00013200361109563888,-0.12094405154275462,0.05936702474642751,0.9908824733468186
3.904000621391905,-4.696155428234093,0.33268033389566476,-0.007672226845396601,-0.11451847678492727,0.07982450682989431,0.9901791318272444
3.9040198019044627,-4.696139030875576,0.3326918404273176,-0.014522224440066666,-0.11015791496396804,0.09979567564425808,0.9887846844300864
3.9040370006822966,-4.696120221821532,0.3326995622925786,-0.021418801468887808,-0.10705173579289513,0.11908354670363633,0.9868638576025917
3.9040557186233382,-4.696102779121024,0.3327102003915847,-0.0292373355845137,-0.10330025360155075,0.13933208060169233,0.9844088624246438
3.9040717245455925,-4.696086276550811,0.33271314324737844,-0.034423184760222526,-0.10391186573509817,0.16040516645846817,0.9809625681468808
3.904085909643385,-4.6960744568098,0.3327197833976179,-0.04139626103077701,-0.10230404766731102,0.18419174937745472,0.9766747906022056
3.9040953651262615,-4.696068500090518,0.3327222551185187,-0.04521381276181347,-0.10163253005245544,0.21209851181801428,0.9708968876772789
3.904112252171471,-4.696055363442598,0.3327273559092667,-0.04748143926724694,-0.10066139582236483,0.23634161219066843,0.9652747994467682
3.9041264534191544,-4.696046767873349,0.33273089334613815,-0.051593789570621294,-0.10023114282668376,0.2610883556775529,0.95870990282634
3.904142620584592,-4.696035815729628,0.33273417304974195,-0.05590041897800166,-0.10061106902061676,0.2851700098961628,0.9515411866280061
3.904158079373058,-4.696025646408041,0.33273781981107664,-0.05777589409391463,-0.10027546727333206,0.31041481350278677,0.9435302942842424
3.904175466317156,-4.696016262353437,0.3327415719168032,-0.06429663314241923,-0.10122090139570583,0.33490294109081203,0.9345909762116057
3.9041916744391454,-4.696007488396148,0.33274526326039133,-0.07148393174591612,-0.10330070707693145,0.36057201324849086,0.9242331119172797
3.9042055360056747,-4.696000530636044,0.33274904240237113,-0.08146110995759348,-0.10512621716981686,0.38844839124185676,0.9118225741333567
3.90422512840642,-4.695990795156378,0.33275460561747394,-0.0899413092325537,-0.1064893268348338,0.41452745972899835,0.8992983715690148
3.904243689485938,-4.695981985310851,0.33276091420801457,-0.09982133102361213,-0.10579141441537475,0.44048834962866174,0.8858972264442255
3.9042642486979737,-4.695973165485334,0.33276573790867303,-0.11085618309687498,-0.10911108072305802,0.46840189775527485,0.8697156654016193
3.904286999962565,-4.695965081630256,0.33277504098538735,-0.12137036379456684,-0.10594161323605923,0.5007192666035267,0.850485645780248
1.0217950181840143,-0.4397629972863511,0.1108216099910759,0.0015384198912653697,-0.00979611367590968,-0.012078645873924517,0.9998778849785578
1.0559328969048616,-0.4551775050632927,0.11526887679878497,-0.0004810748036041744,-0.009594147617051902,-0.006257999110029964,0.9999342762687501
1.0932058455591953,-0.47145324544730793,0.12001636520824183,-0.0017421889873909708,-0.009262056354426045,-0.0025421840053925547,0.9999523598528715
1.1338774480095306,-0.4881209206191977,0.12500352069946796,-0.00332472384054811,-0.00841887149767577,-0.0001712281619021629,0.9999590209670763
1.177456980276221,-0.5071307422825901,0.12981843509255464,-0.004328640434777007,-0.007087462474630798,0.00135421470916241,0.999964601665063
1.2226872449248025,-0.5274589428045984,0.13544258424840938,-0.005255672137855063,-0.00646870227943995,0.002301554447346329,0.9999626122876442
1.2681922857044394,-0.5472542162005873,0.14158228777936188,-0.005107638411621175,-0.006742768723219828,0.002261496693816107,0.9999616660280821
1.3138352454637774,-0.5669952122939744,0.14659784720911595,-0.006137865569553227,-0.006936801877414489,0.0023031598233796764,0.999954446112652
1.3606026113555203,-0.5876321187757221,0.1521729243128409,-0.005174332249079797,-0.00633200267938463,0.0026466417658739445,0.9999630667899501
1.407695176924746,-0.6075854765580497,0.15791644181186226,-0.004571062928211755,-0.004468436123055031,0.002831073979184916,0.9999755617970292
1.4567457639117476,-0.6292597767993422,0.1635284227943566,-0.004647098638640592,-0.002035090964917282,0.0033017807437347247,0.99998167885448
1.5068837523201137,-0.6498889117360982,0.16913628867689728,-0.004030278345900387,-0.0006386644206231822,0.0033583213559400865,0.9999860375144859
1.557183581442911,-0.6720106937290135,0.17447529817859664,-0.0038492593610515414,-1.5006433809537666e-05,0.0042825953390718445,0.9999834223207621
1.6097314091571013,-0.6935140839602529,0.18072676443344465,-0.003912969353191318,0.0009691427439311871,0.004484022262540976,0.999981827868811
1.660031171364864,-0.7152692251071543,0.18552071339139714,-0.004256533107742512,0.0015888729611508467,0.005370872782619237,0.9999752488649477
1.709636007821451,-0.7371272153314865,0.19133937523207029,-0.0040005939700143685,0.0024087178523649155,0.00646297226057214,0.9999682078672231
1.7592841458740334,-0.7574809948822114,0.19741276960205717,-0.003658631777905858,0.0036142920365070134,0.0070410961237194385,0.9999619864152782
1.8085796942403958,-0.778905582006541,0.2024938672557296,-0.0039164459058078326,0.003676088629344117,0.008086173893276453,0.9999528814182247
1.8591818087286751,-0.7999592345659748,0.20854046252981612,-0.004711741767311775,0.0019558941316278338,0.008944267054251923,0.9999469877139017
1.9088920505033513,-0.8209687007124052,0.2144597733792526,-0.005762926676900313,0.0003752505239201705,0.009805226401805955,0.9999352523584842
1.9590791029587764,-0.8419857511075981,0.22010604377918258,-0.005462581921132587,0.0006001882783887183,0.010669230073628484,0.9999279800945168
2.0095218062534563,-0.8627221584260086,0.22609340956414492,-0.006404137431054535,0.0028103421571688317,0.011440217821847648,0.9999100972532656
2.060873381131297,-0.8833687581247276,0.23200125702673535,-0.0051054596864554104,0.003608188718115486,0.011633330390380947,0.9999127871510725
2.110985862152854,-0.9039184758638481,0.2369904378515475,-0.005788793742332263,0.0038037207480979547,0.012040330881373802,0.9999035177774408
2.161683340072232,-0.9245605377919489,0.24312025587034258,-0.006205847934271398,0.003132642158743803,0.012249350239993986,0.9999008055007388
2.211784255209429,-0.9458773830422939,0.24848287265071733,-0.005591365247724533,0.0015946461652515715,0.012601876815439911,0.999903689157315
2.262398589102238,-0.9667902195510494,0.25427149147465156,-0.0056987489084092844,0.0008110558505699298,0.012416066153669945,0.9999063492672474
2.3126349519340734,-0.9874062244934488,0.26072050728255114,-0.0050752620344408595,-0.0011087048062465076,0.012467926567700058,0.99990877838106
2.3626596200024643,-1.0087075284366487,0.26665183563836703,-0.004445405235019837,-0.003204095486463934,0.012784310612966464,0.9999032569819237
2.4123732339213646,-1.0293937628484953,0.27293236976177754,-0.0035323087588133564,-0.003556530950855159,0.012943870833607441,0.9999036593521216
2.462043772945668,-1.0496462748783362,0.2788879488791745,-0.002561802145693793,-0.0010601945343307363,0.012907521228158914,0.9999128467609142
2.512525310888803,-1.069534965314235,0.2846342407543203,-0.002079882157886962,0.0028486825752278623,0.012503487489930574,0.9999156111634214
2.5629501322380537,-1.090299988097115,0.2899319373010336,-0.0010472853768734801,0.004311612982708802,0.012455544973468383,0.9999125859678304
2.614313211891111,-1.1117590448985415,0.2956644222892477,0.00016611738153710965,0.0023695954090840483,0.012725329883812926,0.9999162072599953
2.6629395785552505,-1.132564183268904,0.3008763016754602,0.002359585471320594,-0.0005582235984894109,0.013133837708706882,0.9999108051218111
2.7133046550240922,-1.153541675109461,0.3069002203628367,0.0019009754784766492,-0.003336990988563677,0.013468021346322556,0.9999019231980731
2.762282122253332,-1.1741834063555403,0.31252843404888125,0.001317407651642447,-0.0056069248296362895,0.013581989905534886,0.9998911708979146
2.8121422051149048,-1.1945383736427488,0.3186989241537484,0.00019533575333508855,-0.006265010045557486,0.013443718719677488,0.9998899861259601
2.8621720501028323,-1.2142472913173197,0.3248388252578594,-0.0021322953397144425,-0.003799951243792405,0.012432624094606517,0.9999132193223447
2.9117927738327767,-1.2339623216063464,0.3307914118293332,-0.003528619665189256,-0.0016714992523473656,0.011771448027782605,0.9999230921496698
2.960775280766829,-1.2539180186032757,0.3366228202940005,-0.003926544520335535,-0.0006774022117901279,0.01167016270412719,0.9999239639342667
3.0091897333779105,-1.2736707048626603,0.34225889306932444,-0.003764311855186237,0.00024128777183985803,0.011672142301158046,0.9999247686578354
3.0563903752133164,-1.2934274914950574,0.3477711242365095,-0.002751860786836653,0.00022350252929029667,0.01195088195161868,0.9999247761089766
3.1046191779660517,-1.313400084709164,0.35383463131177173,-0.0023386276148716543,0.0008958000773605449,0.012298682812572941,0.9999212368106899
3.152599734138262,-1.333044543237102,0.35874743141062637,-0.001370083350439766,0.0011082641288925707,0.012528115007043605,0.9999199701114169
3.2005979537764304,-1.3527877203011445,0.36442607091798696,-0.0009675989518019654,0.0004242355075580523,0.012897748600448454,0.9999162668696332
3.2467772175245773,-1.371829742024229,0.37006736995189204,-0.0006599411769540723,-0.0015566435024604278,0.013243808915819812,0.9999108647317709
3.2939472677692483,-1.3917922229385693,0.37576758360396034,-0.0009743450007563351,-0.002901910001231245,0.01379894893057033,0.9999001050764391
3.3406123709715176,-1.4112073252233828,0.38116330610631033,-0.0017754452970755244,-0.0024199443176827133,0.01421672428534822,0.9998944346020762
3.3870840751412117,-1.4296345792513774,0.38734466177068105,-0.002411031440359621,0.00025319387704884693,0.01412603073911447,0.9998972810202964
3.4345421352424803,-1.4479866137066324,0.3925699179894345,-0.0028947829871195283,0.0027440714053219455,0.014025016181679735,0.9998936894650782
3.481101644432831,-1.466788053728269,0.39769667613892,-0.0037058429589203225,0.003944564857339354,0.01401703252678993,0.9998871098812866
3.5279965228139565,-1.4854833281452637,0.4030468665815319,-0.004371797605318201,0.0031132238321708245,0.014079273030620228,0.9998864690588074
3.573784216168017,-1.5046112048497342,0.4078266147837366,-0.003952721648270241,0.0019280618769455724,0.01477452226583009,0.9998811785319502
3.620425164798536,-1.5233467221223933,0.41336301312196966,-0.0042047663743987555,0.0019519362397653701,0.014930619165158416,0.9998777881091762
3.66664379189057,-1.5425711573655714,0.4186777869656472,-0.003514371849197924,0.0007639223910636243,0.01538542438747749,0.9998751726323238
3.7128778040951054,-1.5610412468794135,0.42402437213028804,-0.0031074624277659915,0.0006901916090140958,0.015651601161833516,0.999872437924139
3.7589942294152388,-1.5801454042080678,0.4291847422331554,-0.0031500073490335575,0.0011753312373966448,0.016040452000233973,0.9998656942657254
3.8053185524317663,-1.5981307639611488,0.43440292772778705,-0.003355415716047667,0.0023306577164078374,0.0158350363465951,0.9998662680373275
3.8517503801690776,-1.6168445848456154,0.43976842654886195,-0.0032101502715338286,0.002372339002702864,0.01565233044952577,0.9998695243712225
3.8973072811983402,-1.6350806756355718,0.44501150494824226,-0.003557733813339833,0.0021337152797831923,0.014981799569154734,0.9998791666341086
3.9442174047135867,-1.6543748878949982,0.45051085481575387,-0.0029758083547872503,0.0011921845661568688,0.014635134775516222,0.999887758154772
3.9897204094516265,-1.6732034150868131,0.45572167313956313,-0.002379991906459871,0.0011871018452670567,0.014490598022976897,0.9998914689535312
4.0353492615748126,-1.6920755895084936,0.46077607918703734,-0.002579208884589826,0.001841761773705775,0.014249280285567958,0.9998934510211216
4.081080761375618,-1.7106301113872782,0.46569745842441335,-0.00253656092235791,0.0024789799259011913,0.014058437920116792,0.9998948816840084
4.138955233348623,-1.7329759814054366,0.4706814232627688,-0.0034123765085706283,0.0025366233040593,0.01251059513943047,0.9999126977363032
4.1899080700512155,-1.752459105544787,0.4784756192017224,-0.003317834064954128,0.0037066465818875825,0.011207884861598377,0.9999248208158221
4.2378379719037165,-1.7725871217345257,0.48340745791723294,-0.0037820461226152928,0.0018576979392055147,0.010761515941101734,0.9999332107651282
4.285220382970699,-1.792389193909986,0.4897586436391086,-0.0035291571663807805,-0.0013217489698200853,0.010404069466595282,0.9999387692540523
4.332255322800778,-1.8125490824314108,0.4947621569234173,-0.0036925753286244597,-0.004658177672685083,0.01024627773152723,0.9999298354209847
4.378311882183743,-1.830916849698748,0.500351261759759,-0.0035527874808269893,-0.005120089880277131,0.009264104974665816,0.9999376739510385
4.425181449510472,-1.8502026065433945,0.5066552020452435,-0.0038318782752165457,-0.0028024437588812343,0.007879373136213003,0.999957687257606
4.472624153650028,-1.8690290676406442,0.5124316229373687,-0.0034475332277106715,0.0009177623978070339,0.005563927589832854,0.9999781546590804
4.5187874640365076,-1.8874824703412232,0.5171103873730302,-0.002972917366208193,0.0035780925293964713,0.0034437454844242427,0.9999832509545529
4.566323606370895,-1.9064730316053133,0.521858180846659,-0.0016583378473733496,0.0023400031598739676,0.0013532413821870826,0.9999949708454509
4.612071555358739,-1.9277895015115667,0.5264993927980524,-0.0003967253648955368,-0.0033735361765507544,0.0017819902935503926,0.999992646249912
4.658227791526588,-1.9459956119022317,0.5319445176052613,0.0005791476477914793,-0.009598614525519286,0.0004986348034446725,0.9999536339620406
4.705792588903715,-1.9663551487696311,0.5380214274815345,0.000179301481417585,-0.012986656234044717,-0.0003339395030268734,0.9999155962610025
4.750196352387558,-1.9868199822195585,0.5440033613540987,-0.0002655862346177001,-0.014257277249223663,0.0008371473724489349,0.9998979739952335
4.796585528404674,-2.0058543835809615,0.5501712004892603,-0.0024929479724317156,-0.012444148871295784,0.0004618103034471976,0.9999193516635418
4.8428746843099155,-2.025153640211867,0.5546230716614193,-0.004872246063722527,-0.01097379336340515,8.476873773259012e-05,0.9999279130344595
4.891633882748296,-2.04627086258968,0.5615677036109785,-0.006929291758580246,-0.006876648103567052,-0.00011331822906448085,0.9999523375000645
4.939383473926376,-2.0657673660094473,0.567199796500532,-0.006996050852424372,-0.0033929258681197703,-0.00028180324053035563,0.9999697278328327
4.986265128142005,-2.083218954507328,0.5726205779766735,-0.005907095061118153,-0.0008894209977605879,-0.00021818939099286076,0.9999821407988336
5.035621992511306,-2.1034744011709807,0.5782676924004366,-0.007134621266981559,0.002005534174007586,0.00016023670573599638,0.9999725218812351
5.072197004557992,-2.1201450147263396,0.5841762409272082,-0.006681106546895473,0.0052920206493068,0.0005327914082138328,0.9999635436446064
5.113379829896198,-2.1388795863909666,0.5885599551360399,-0.007029965710158002,0.006807733169150134,0.001288259292724782,0.9999512869175751
5.157509252936436,-2.15895842873912,0.5930423783748813,-0.005942385946872582,0.004510035693634656,0.002506173985603061,0.9999690349076207
5.204302210251044,-2.1779447686333095,0.5978319132158516,-0.004686060012180909,0.0018804732906061428,0.0028197554598312683,0.999983280757374
5.243481751113705,-2.198864746393019,0.6028478846973195,-0.0033582201074372126,-0.0029050858459453567,0.004823371371820318,0.999978504843957
5.2895439193995175,-2.2188106101143283,0.6086035095559197,-0.002288651852042571,-0.009195861478945954,0.005749368332311436,0.9999385680760378
5.335780727546553,-2.2387904278888717,0.6147993130067042,-0.0019301485093677591,-0.012951439903630183,0.0064460916577866,0.9998934882779935
5.377359301573114,-2.255821236618997,0.6201245260906882,-0.0014311422239097439,-0.01131099425247034,0.006203312753574411,0.9999157601875982
5.424886951645052,-2.275937113579802,0.62554547832272,-0.0016298087108712863,-0.008728545802739584,0.00657678175192158,0.9999389480789203
5.472136491777742,-2.296652122270803,0.6319041266354448,-0.0012737780496078909,-0.006212947216226955,0.007018919338083124,0.9999552508116899
5.5198397618686394,-2.316608110797629,0.6368748285153277,-0.002072416407312679,-0.005576440569107959,0.007406748979843421,0.9999548708150028
5.565876102246085,-2.3361603005383214,0.6432853235647003,-0.0028127594868475195,-0.0063437836077698375,0.00771620672402843,0.9999461532042874
5.61328286569319,-2.3576696239331483,0.6491952056904089,-0.0028240314581440542,-0.007692345845923438,0.009479658798023849,0.9999214901503519
5.661547204873417,-2.3774730652943203,0.6545129649776653,-0.003079467630480772,-0.006186984829348582,0.010063739373061905,0.9999254690648588
5.707926967092997,-2.3956768154207424,0.6607340735346693,-0.0031402262023425974,-0.0031994889925221373,0.009985068979662398,0.9999401029887554
5.755153370162955,-2.4164799846778875,0.6659425359149032,-0.0033463267710035927,-0.002381123080655997,0.011493586697918652,0.9999255137716735
5.804193391770753,-2.43673143390799,0.6712123014302664,-0.0037725591444783507,-0.002300216375349282,0.01222846415109616,0.9999154695904329
5.851028229859879,-2.4576630658941596,0.6773197057457896,-0.0029934280545852255,-0.0024741373572103984,0.013631795955729454,0.9998995387755829
5.899236889616334,-2.476836437588857,0.6829196336991313,-0.0030212794817897817,-0.002970733534451587,0.014152181123606129,0.9998908728422091
5.945618910554268,-2.4945616567846205,0.6879923559801857,-0.0038110375989014998,-0.00231182444563198,0.0142573715452165,0.9998884213306614
5.988793098123506,-2.511179965712671,0.6942061895880082,-0.004046045514764229,-0.0006033197265569232,0.01372432922090816,0.9998974449498947
6.037231608301947,-2.531136779094631,0.7000522214314842,-0.004461643090322752,-0.00029456031448431676,0.014095029546105598,0.9998906642031625
6.085645233710877,-2.5499348352999256,0.7058584137350294,-0.005242807055029154,-0.001252923998438764,0.01361643656626921,0.9998927580430498
6.131742876545191,-2.568813551714961,0.7114083642584528,-0.005857340539806408,-0.0024436781434249762,0.012695170079534046,0.9998992705276969
6.179035027690858,-2.5872846114229784,0.7180897945310611,-0.005335303795778842,-0.0015765303155832755,0.01240253354180182,0.9999076010812374
6.2266121500584815,-2.6090227854572428,0.7228628829310622,-0.004560484195959653,0.0005367550326647666,0.013891082209166206,0.9998929666816596
6.274099663456815,-2.6276815376770166,0.7284221863757263,-0.0034120705170483283,0.002470031573308644,0.01441796218738057,0.9998871843955016
6.321487925021925,-2.647651040605834,0.7340454096716187,-0.0035035294700506894,0.0029268532438787645,0.015647409455439725,0.9998671547746105
6.3688363704346544,-2.6659436884522467,0.7397502521105075,-0.003996399335987249,0.0021844108857227633,0.01599357988221837,0.9998617225649578
6.416572450037204,-2.684934185442412,0.7452001513818574,-0.004245619657241165,0.00044836902894288845,0.016977719772611064,0.9998467447146913
6.463769432985117,-2.7049806407006143,0.7509587358191774,-0.0041342633357172335,-0.000924252748286483,0.017410440727200025,0.9998394494516388
6.510810448680518,-2.7231872204290184,0.7566014352057054,-0.005225399206239782,-0.0002723009878886331,0.016473230320705766,0.9998506121512476
6.557575521142028,-2.7422470009888964,0.762305066792088,-0.004756282524558251,0.00035443850113408686,0.015708551734767782,0.9998652397191574
6.602580913338774,-2.7598798957101023,0.7673776527560627,-0.004171004557576787,0.0008960244870572423,0.01489740825107048,0.9998799192334047
6.649731967693451,-2.7781510075373426,0.7730670299950377,-0.0045309362466743495,0.0008177966414616651,0.013626555444703774,0.999896558239474
6.695914203842968,-2.797079987208147,0.7787607797175942,-0.004562783893522312,0.0004505573340776245,0.012876012337257246,0.9999065877081282
6.742324246427015,-2.8168863178686707,0.7837022348468652,-0.004537888661740568,0.0007077108436578099,0.012500056306028481,0.9999113192575984
6.788417135803405,-2.8355079944304546,0.7888465364710293,-0.005282681089452388,0.0010694423884448196,0.011277513107984496,0.9999218776108875
6.836700348801037,-2.8559627581860756,0.7946305056442644,-0.006170627190322497,0.0011507255030453719,0.010991436791942014,0.999919895599645
6.881190317344988,-2.8745814793883326,0.8001266183738606,-0.00700771199315182,0.00017427326899863328,0.010410909585440302,0.9999212293595224
6.925547746751583,-2.893130222097173,0.8053227022094328,-0.0061125513711837755,-0.0006115657889739692,0.009824338446823344,0.9999328754665509
6.969542696014172,-2.911351824160846,0.8104543048933814,-0.0070511195184029376,-0.0014094530908304588,0.008875190941295625,0.999934760588203
7.014711968072672,-2.9300016692117232,0.8168286176310953,-0.007852257677701641,-0.0016492454758453123,0.008281328350063077,0.9999335237103657
7.05693669151658,-2.9488971027363595,0.8214866860968781,-0.005852573303262233,-0.004929041379363165,0.008587606265234086,0.9999338441065788
7.1005474777927615,-2.967611320132952,0.8273783151710803,-0.004972168708542363,-0.003906253468507718,0.007808554437321348,0.9999495210423932
7.144206816684002,-2.9861906324609304,0.8327989826534032,-0.00424250143870026,-0.0027642950870499063,0.007100253992791941,0.9999619715135504
7.1869606260925405,-3.0042315025786097,0.8384230684593361,-0.004500207377868391,-0.001905143065828038,0.0066137661786997435,0.999966188693649
7.233186900847065,-3.023245768795399,0.8440840695011917,-0.006472492237957649,-0.004112522947997986,0.006525954494224401,0.9999492975136669
7.276321740993596,-3.0416383166640033,0.8497276709377268,-0.009397282097032151,-0.0067747236144830815,0.0063068488480184665,0.9999130032367319
7.318830171798593,-3.058504444209813,0.8551989559424626,-0.012448533527565758,-0.007329744703879779,0.006428753489986971,0.9998749788930256
7.361649142485671,-3.0753816509542315,0.8605365837362848,-0.01401300640452642,-0.005579470280282811,0.00650143169504627,0.9998651130422082
7.401878822220597,-3.093584266914093,0.8658903490973207,-0.014662414361114534,-0.005137430972676105,0.007963921237171174,0.9998475867589919
7.443779366050921,-3.109271109514352,0.8715121976580464,-0.01406229706584423,-0.004543666601629617,0.00839871624762585,0.9998555228053958
7.485491085637511,-3.1249297291502747,0.8769319127059738,-0.010990546189202133,-0.005206037042226559,0.009194116963935526,0.9998837716387526
7.52428444154531,-3.1410021101647634,0.882177970263172,-0.008085657845490072,-0.003658815091983413,0.010085576023974183,0.9999097544956845
7.564877336807454,-3.156584251790127,0.8873880361601758,-0.008277532807827635,-0.0003977314470482505,0.010446620394406546,0.999911095720332
7.607184166947484,-3.17567242315869,0.89153621614744,-0.006770869930411954,0.004262930905410173,0.011337692478413909,0.9999037189625075
7.650969331667713,-3.1934276191589737,0.8963126916044948,-0.004902258737791589,0.005888137358085306,0.012277515191674616,0.9998952766062156
7.698020942068341,-3.2151287761107086,0.9004641790205485,-0.00318393133556125,0.004083159269788293,0.013391130596818634,0.9998969308069735
7.741888477782801,-3.232329737947104,0.9055108602125792,-0.0042568663320665424,0.001103992758807777,0.014301358726922498,0.9998880562114059
7.787131980433381,-3.2512838047945936,0.910387267894968,-0.0040381671032868206,-0.0030215326488970073,0.015553467564058935,0.9998663127467892
7.826740686458204,-3.2695268837305367,0.9143132798949332,-0.004576427547895576,-0.004645498397284962,0.0157357354665739,0.9998549192209811
7.872551943011332,-3.288582679650802,0.9200162722906651,-0.0045815795610661516,-0.005977083645614275,0.01512283409711647,0.9998572813949465
7.919594888139228,-3.306481524609593,0.9262311308826026,-0.006323229359485751,-0.005275958003549242,0.014218085878857858,0.9998650012684162
7.966444540045237,-3.3260741111743637,0.9319480065025314,-0.0047065519629401805,-0.006572741716989066,0.014119852191037337,0.9998676316750089
8.01275603252477,-3.3447223918625464,0.9376770892006072,-0.004668146863066186,-0.00729062618875684,0.014232212695386003,0.9998612382101263
8.060438868201635,-3.363659241864902,0.9436977853891331,-0.0043722819209807045,-0.007682310857894024,0.014131021620340379,0.9998610742745918
8.107310270020069,-3.3832547156946857,0.9493119750948917,-0.004583691234550722,-0.007345543947719094,0.014196902650882545,0.9998617374681796
8.155010365564085,-3.4028195010551,0.9558574637839503,-0.006417602645420475,-0.005664285912435665,0.013323394557765187,0.9998745988658315
8.202421545990454,-3.4225086128677757,0.9614560403500392,-0.006766714050362356,-0.004728114535437607,0.01322646086193405,0.9998784512916782
8.249435693344838,-3.4412770760961484,0.9670912134859584,-0.0066830799513664055,-0.0034453948334984036,0.012635261358918702,0.9998919011340174
8.297164123119334,-3.460882701875943,0.9733251885617784,-0.0049880296687725666,-0.004122229168682794,0.012292781557855617,0.9999035028748416
8.344569811199703,-3.4808914897059577,0.9794378751407464,-0.004197685147660858,-0.007141771091875029,0.012140796163143624,0.999891983099261
8.392533382397101,-3.5016993063562936,0.9854921560941279,-0.004046752378213829,-0.009778646258735237,0.012420568767334576,0.9998668567117459
8.4395849986345,-3.521479937965821,0.9914962574249904,-0.004411105887870367,-0.008269067702671355,0.012149690099470386,0.999882266445393
8.492376712363196,-3.5418276984238832,0.9987349534695356,-0.00543418652018435,-0.0048837355186301,0.011522545079381592,0.9999069230155208
8.538771143923155,-3.561010036995727,1.0048457348238045,-0.00763314017173653,-0.0024882666547860126,0.010827245359120727,0.9999091509440062
8.585877557316401,-3.581040687027624,1.0107142495024193,-0.007768519468717366,-0.003311699294297622,0.010465645356586227,0.9999095756655956
8.632130519554371,-3.5997291860312193,1.0164988121386194,-0.009099077477550609,-0.0025923226706222146,0.010274402473406472,0.9999024522410425
8.679859384650669,-3.6189977651896372,1.022567010789389,-0.00833835113595352,-0.001986431996609108,0.009840163090613798,0.9999148511397742
8.725806562975901,-3.637586892637933,1.0281200237869523,-0.008593991096554508,-0.002607807358854482,0.010173200918028402,0.9999079214857568
8.770904693634856,-3.656863115237935,1.0339806159473555,-0.00852542034734801,-0.0024385203656928367,0.01022438143456042,0.999908413269238
8.817148199407347,-3.676015059260293,1.0395687688221265,-0.008217410532418768,-0.0011195719101369766,0.010385975753371997,0.9999116694658818
8.86180782102165,-3.6939609816975176,1.045016734637872,-0.009529174864699789,0.0018212943382061764,0.009305599059200474,0.9999096352756288
8.906416647511609,-3.7123179528779398,1.0502843233374852,-0.00958150630092618,0.002724803935252907,0.008938805886637776,0.9999104251082331
8.951638064258571,-3.7316117895635283,1.0559943335919662,-0.009173448623087267,0.0033865010363043854,0.008466932454904201,0.9999163488328795
8.996181319728827,-3.7503753910924917,1.0610872293948188,-0.008494870694033853,0.0032081016910777225,0.007777486831677426,0.9999285240259262
9.040448083414631,-3.768650301162978,1.0668163368484205,-0.009287233310312285,0.0027786999370236565,0.007231629831898101,0.9999268624263082
9.0829182743336,-3.786474709537026,1.0717868998390099,-0.008807038550656234,-0.0005183105179554389,0.006799266114426092,0.999937964541751
9.123099851722724,-3.804483032376848,1.0769716400964844,-0.009366111555690795,-0.001701416613611691,0.00662891957191273,0.999932711542761
9.163749779435879,-3.8213663621823466,1.0822893203020079,-0.010070836133857383,-0.00125535692603176,0.005929074727746745,0.9999309232814894
9.205467711105237,-3.8393351750954934,1.0878054702068316,-0.011176365899870772,0.0007237206515431456,0.005871687636517625,0.9999200446231833
9.244972573463443,-3.8561254959469027,1.092904383731301,-0.010394931223446322,-0.00012925448119472,0.006138374174949716,0.9999271232156687
9.282856891297303,-3.872400978230215,1.0979681521070397,-0.008564305022993431,-0.0016324001506803176,0.006342526605263444,0.9999418763315829
9.321993328838365,-3.8891120533371,1.1026032048299026,-0.009337363333267665,-0.0023930765359900207,0.006420829537639209,0.9999329201730343
9.361718978972059,-3.906171925826362,1.1073181229187412,-0.0092622109452812,-0.0022832577924706957,0.005901569707872068,0.9999370778672616
9.399977425665764,-3.9225858645243896,1.1118483989120502,-0.008185912091218933,-0.002159986375498792,0.005797827338638016,0.9999473602626118
9.440103129179,-3.9405432747340114,1.1162247152521112,-0.00747308690971432,-0.002573776691933018,0.00604497460689694,0.9999504971172464
9.47926955302061,-3.9577114136464218,1.120563074970018,-0.006206714168575542,-0.0034980694696800834,0.00561822632394249,0.9999588346949109
9.521086206717069,-3.975471902191779,1.1255657097759233,-0.005432572910935802,-0.003919324338518152,0.005032126935318482,0.9999648996987923
9.561041806358306,-3.9929256033228757,1.1303024834070023,-0.004139490058565839,-0.004657966080373062,0.004375916175072253,0.9999710093706691
9.604249790055901,-4.011452732390672,1.1356453275223422,-0.0032336314457036873,-0.005838421341967094,0.0038228262353287193,0.9999704207575644
9.644267345665352,-4.027971842393383,1.1407897416993666,-0.00382382822512001,-0.005267789012515852,0.0024730194159055556,0.9999757555168401
9.68395676801203,-4.045160796364055,1.1462491065916192,-0.004449876385708458,-0.0054518442843122464,0.0014871687814891595,0.999974123798798
9.722370574350766,-4.0626544119104,1.1499984380127661,-0.0014901105350997815,-0.007556920683846829,0.001171911492030177,0.9999696458739616
9.761409451399453,-4.079482730288706,1.155290030985882,-0.0023632973949703003,-0.01088017637628967,0.0007413628370007339,0.9999377335593967
9.801878485557575,-4.09805132017992,1.1602989316702264,-0.00387710012631613,-0.015961731299406114,0.0005161180253260966,0.9998649565588958
9.84016220862753,-4.115410951609461,1.1643517648360318,-0.0034197469565584357,-0.021669562823534425,0.0022739685996237993,0.9997567462102103
9.878474384280018,-4.133409080020615,1.171306010264858,-0.002182997158722349,-0.022794724854463686,0.004970655050846344,0.9997254233099852
9.916348868321403,-4.149165339200584,1.1772610289938603,-0.0039057449498710846,-0.019964160093110018,0.00731560842126631,0.9997663001329248
9.95257489937698,-4.162315990061982,1.1833100560007268,-0.0048978530371877995,-0.01642306557504746,0.009895568998999123,0.9998041646650124
9.991699951749322,-4.177993702117067,1.1889926313653776,-0.004796689101696103,-0.011584879880592083,0.013488105146634862,0.9998304104052987
10.0278548115728,-4.190230145157953,1.1938453210119464,-0.008058367870871245,-0.0043242438237374795,0.015208906237375672,0.9998425195790426
10.068891339211637,-4.20546045058199,1.1982887791675145,-0.01044831482657912,7.19592797951302e-05,0.017478074098488654,0.9997926586490921
10.106158028542461,-4.2198108683883335,1.2042388971581284,-0.007195143613086808,0.0006558266757911105,0.02116686893140606,0.9997498452700863
10.145381941054756,-4.232023082708377,1.209827858874561,-0.007742067729740645,0.000691700155734466,0.022028880623640622,0.9997271225074776
10.187925155432698,-4.250041444022186,1.2147931635119247,-0.01145763876157132,0.0008318048665066038,0.02363238181268888,0.9996547102849673
10.229952256617157,-4.267475132944866,1.2189853871169056,-0.011411254436752668,-0.0018180743959764075,0.024114096713087934,0.9996424348648049
10.273135347077641,-4.285662407837513,1.2242447626204966,-0.009824517139898205,-0.0024076402551973693,0.02383016751268755,0.9996648539762247
10.316381147206835,-4.302836946311582,1.2292900768106878,-0.008325046079372823,-0.0036953931719290473,0.023237610046747202,0.9996884799557766
10.363227111866006,-4.3214212777368965,1.2351403547727902,-0.006920220147342287,-0.004416410261573465,0.02303799806955422,0.9997008889611327
10.409874889300674,-4.34056320739777,1.24055513938108,-0.003814947635140087,-0.007938121988801929,0.023069260911480306,0.9996950682997223
10.460254544124027,-4.361555622981449,1.2465736260359872,-0.003689614153594512,-0.010613414521029024,0.022947592057640107,0.9996735218689026
10.514503368007858,-4.382153188855218,1.2538176623068367,-0.003821121458568951,-0.011809513045485468,0.021872221428148958,0.9996837175398469
10.561914970729218,-4.401659072263888,1.2598244374926755,-0.004514634101182528,-0.010911105229997888,0.02189093631961507,0.999690626389342
10.615262578530237,-4.422662511780741,1.2665840104627275,-0.005238744310879448,-0.00830747704246344,0.02114153366809689,0.9997282478515958
10.667138859403815,-4.442294946851937,1.2723564274571766,-0.0057066634654722465,-0.006675724209764878,0.020311542451065253,0.9997551215871248
10.719604494868989,-4.463776966370331,1.2789740552694333,-0.004391677654854557,-0.006216108353102887,0.020030662757980905,0.9997703914494431
10.771103508741078,-4.486059078473901,1.2849754846075054,-0.0031452753249382537,-0.007229557450586927,0.020639618757730863,0.9997558891845997
10.825554009341149,-4.5065375733197115,1.2912886626583746,-0.001471195045965666,-0.009812555822527035,0.020115371424616394,0.9997484293045599
10.876357219333219,-4.526808328468245,1.2977896677736158,-0.0018037952148438167,-0.012561174815056851,0.0202864918840861,0.9997136779009717
10.929353342132586,-4.548002590732114,1.3047348567176595,-0.000815907833142849,-0.01463258884115385,0.020748824237542044,0.9996773005397794
10.981778713425987,-4.568549443251609,1.312234728334209,-0.002016128308414593,-0.012110357644876684,0.020474262093813277,0.9997149970305632
11.032091910532865,-4.587242748901092,1.3191393089109704,-0.002719438614395984,-0.008323771593222052,0.019257503148736782,0.9997762042200764
11.086268948185502,-4.609164162995562,1.3256291890030254,-0.0024620630707879,-0.006308276916804676,0.018704100411616232,0.9998021302560309
11.13931141567791,-4.630447683363323,1.3324024926116491,-0.003329769467805626,-0.004701358092242602,0.018690282109610632,0.9998087253030721
11.193991964852552,-4.651713038141565,1.3392194104042456,-0.003731336322945685,-0.00444104204382875,0.018471943950481316,0.9998125556268073
11.247954516789425,-4.672994615631044,1.3454755886400669,-0.004562801371245584,-0.004067881277880799,0.018805305469487655,0.9998044776506422
11.297476343226233,-4.693542007995703,1.3522701722621342,-0.005746220158152338,-0.005114910653552992,0.018307084414766934,0.999802808392818
11.350279325955363,-4.71507226251365,1.358960235961316,-0.005008106954464064,-0.0073141030610603805,0.01874721592540178,0.9997849531213928
11.400203285452235,-4.734822588478908,1.3653694576196251,-0.005175130314995652,-0.008581604897283998,0.018378542863055264,0.999780876768891
11.452205900671286,-4.7554260551997105,1.372343219712076,-0.00394865470635851,-0.00960663219401296,0.018105288372130414,0.9997821361921878
11.505260836159838,-4.7770969868016895,1.379282927403441,-0.002152553755653039,-0.008951555580296177,0.017881150789049047,0.9997977335338348
11.55597949330905,-4.797849800304657,1.3862552015020997,-0.0019830035073999533,-0.006256953018590074,0.017764251538474843,0.9998206558934584
11.609368186687483,-4.818107282617287,1.392840175254747,-0.002827740391314921,-0.003895784019836786,0.017144994257750786,0.9998414167188271
11.661059736056433,-4.838812851541833,1.3996385468498413,-0.004094089845270786,-0.0045673706080445265,0.017127021570707578,0.9998345089112921
11.712089934876333,-4.858187548126361,1.4066301085967172,-0.006511203913944095,-0.0054205878440209505,0.016167619308418292,0.9998334060422406
11.761090325172946,-4.878549348948568,1.4134733796894814,-0.00874628572466711,-0.004680603961341043,0.01582578137900044,0.999825551790976
11.813731601205387,-4.899210556239522,1.4206242054632563,-0.009256212147231142,-0.0040484892481030795,0.01508458479133062,0.9998351795743097
11.86342976935858,-4.919253543471552,1.426489499245493,-0.008643797979872437,-0.0036796599071394934,0.015376692807963019,0.999837638668192
11.914944084100126,-4.939228764371423,1.4330035029325234,-0.007818416532165369,-0.0025832384019510756,0.015499887528669794,0.9998459697352392
11.962817971348123,-4.958014919483838,1.4391143978955432,-0.006948112382172342,-0.0011707302943668833,0.016084642196072526,0.9998458057972012
12.009386666280136,-4.976959583758217,1.4447185742956672,-0.006741956654292364,-0.001507084176224407,0.0165776237337586,0.9998387117254453
12.055908789385807,-4.996005889197236,1.450879957223878,-0.00727346451684544,-0.002614429743753598,0.017491139634055245,0.9998171460343651
12.099957978938527,-5.01373794831145,1.4561902504750739,-0.007283582691325265,-0.0034791617485339893,0.017830212026819982,0.9998084421268049
12.145303547910087,-5.03154522498054,1.4620852695452724,-0.00798145924716454,-0.0030881757890628674,0.018328934962931302,0.9997953786712838
12.193807172233631,-5.051053780874932,1.4686658082198754,-0.008373010167855756,-0.002051075469786129,0.018989058397182887,0.9997825237067292
12.236899723696892,-5.0675546304904096,1.4742478860121018,-0.008042344635525004,0.00024895561066631925,0.019132939815606133,0.9997845730599791
12.27985630359981,-5.084898051700213,1.4787448071971134,-0.008084267150954805,0.003312040855582026,0.019701855015446884,0.9997677235254524
12.32296610822778,-5.101303590364737,1.4845996335114764,-0.008247196253230032,0.005062078825910565,0.019699160916950682,0.9997591235208847
12.36506264308473,-5.117657426460787,1.489721691758687,-0.008695192853152267,0.0038629637702680642,0.01988754809563235,0.9997569474248124
12.404824026939222,-5.132932485167673,1.4942692186101898,-0.008729578977076826,0.0010001046623070691,0.02015539072864527,0.9997582441401656
12.447198485239728,-5.149871358183443,1.4992441926861244,-0.008539053397645519,-0.001376389850977506,0.020589963552528154,0.9997505905142946
12.487578613074717,-5.166833427126115,1.503952847346895,-0.007984728811628409,-0.0020667037548189903,0.02122041301984009,0.9997407979610875
12.529286975491091,-5.182266796729749,1.5102506424546542,-0.00782077090283192,-0.001404544535768692,0.021516473271460723,0.9997369077420963
12.571493021854977,-5.1984913348690185,1.515423232105911,-0.007913519626430299,-0.0008473143099904595,0.02126759878459058,0.9997421468649044
12.61393281339974,-5.214436490396316,1.5201385375845617,-0.008694510006087881,-0.0009140938925804148,0.020566669468438444,0.9997502551544696
12.657279759529859,-5.231843039691485,1.525707185150025,-0.009876838113571906,-0.0018458636037512659,0.019640529317315948,0.9997566120671197
12.699529820982399,-5.249067594304291,1.5316124348360027,-0.011546940847223517,-0.004338830107543722,0.018725237111676108,0.9997485709012027
12.741613196221579,-5.266107761248072,1.5372137413516738,-0.013102316598179389,-0.0061098400588060495,0.017799703020697843,0.999737049340371
12.784630839935385,-5.283552956084591,1.5428027216437332,-0.014008981037289711,-0.00721869910861249,0.016850046669199727,0.999733822385236
12.82706673302259,-5.300544540450967,1.5485760049649553,-0.015015790609478705,-0.006470556580279234,0.015485461607857756,0.999746394782161
12.871095399355696,-5.318800600078825,1.5545683905687584,-0.015750514555791816,-0.005694324381046977,0.013942641427744349,0.999762521798428
12.913736926147806,-5.336335844882963,1.5601838640407086,-0.015514888928766688,-0.004411794951367988,0.012399575457401528,0.9997930163510632
12.955914008787092,-5.354387899890569,1.565766898880545,-0.013637000912551355,-0.00463753958281633,0.01116440941036298,0.9998339276696463
13.000403901136671,-5.372452737996433,1.571561576050334,-0.012960948471440418,-0.003766864688984043,0.009710290858083333,0.9998617523714013
13.043413325514402,-5.390277245913107,1.5766033522751055,-0.012503829296047191,-0.004020736722352164,0.007894145594124742,0.9998825794065752
13.088856268015075,-5.410515019179557,1.5825150359055815,-0.01178988314947801,-0.0036171615192090896,0.00680321366617049,0.9999008129520585
13.132492392875308,-5.429814835127351,1.5875853613211044,-0.01177737810937619,-0.002573117720591055,0.0053300143871944285,0.9999131373588418
13.179109956163842,-5.448869703727228,1.5934977725564496,-0.012388501607225978,-0.0005244495791334707,0.0029710464398128517,0.9999187108617256
13.22418025616783,-5.467720091018354,1.5988310963596315,-0.013014763997896707,0.00012605994778113505,0.0007725556061532895,0.9999149927128502
13.269897056163488,-5.488797613929613,1.6046157856601373,-0.014216417152941722,-0.0015983529260238827,-0.0008184977439465813,0.999897333179717
13.314320525963161,-5.509952314623928,1.609777974187382,-0.013781274043831272,-0.0036549569638082606,-0.001987980502861133,0.9998963794070249
13.36117990848796,-5.530284573135695,1.6158425498048956,-0.01286150641684797,-0.002699062442618935,-0.0042947188279853525,0.9999044268355683
13.405247017015295,-5.5511639003568245,1.6213231561776542,-0.01197676327766881,-0.0009437284187853394,-0.006160534147164855,0.9999088528936604
13.450898929452746,-5.572809651242887,1.6272069902729225,-0.010381849234089828,-0.0039069455735488414,-0.007657393316462888,0.9999091509440062
13.496668520302606,-5.594614508341101,1.6331968308980116,-0.010508584927709324,-0.009449646981020238,-0.008736966687853414,0.9998619535648716
13.550844072325589,-5.619250797295213,1.641247432403727,-0.010216109615237232,-0.01236016370371718,-0.010254052051128134,0.9998188450759743
13.597389214436323,-5.639414385626355,1.647179978718139,-0.00971837458335974,-0.011068640625752215,-0.013042259074835022,0.9998064449866427
13.648717557608181,-5.663581567632015,1.6546044240165028,-0.009330350258011653,-0.006658944047220938,-0.015302133662670192,0.9998172056499091
13.69466939462347,-5.685137754612825,1.6612976786494258,-0.009547621583237088,-0.005719489616501022,-0.01754309565280981,0.9997841706418542
13.741015604889755,-5.708990380141927,1.6667488827263544,-0.009444815708098476,-0.008199257897202291,-0.018820769535826606,0.9997446434500402
13.787332918634656,-5.7312912691995255,1.6737883984509203,-0.00954489993863972,-0.00985096036200937,-0.02085196691106939,0.9996884725028743
13.833910147519056,-5.75610713512687,1.6803819980766015,-0.009745672416063339,-0.01169602542882206,-0.02260993544647894,0.9996284450248876
13.880241035729707,-5.779846209797783,1.6874638634823125,-0.010211423675971705,-0.012440012414092736,-0.02452724166432343,0.9995695916413665
13.929491981688315,-5.806142470783146,1.6944546800887448,-0.01004114263065357,-0.012607341180138744,-0.026656986767776548,0.9995147004336938
13.976142417224597,-5.830119826136187,1.7005026514184074,-0.009854630721717224,-0.009750637283599586,-0.028970649828967254,0.9994841228453004
14.026482766674146,-5.85296539859403,1.7080885309034946,-0.009450204516150662,-0.006761104832932585,-0.03184064868049207,0.9994254175152031
14.072529196546508,-5.878510232784842,1.713729377085924,-0.008718514111937596,-0.006000251507773108,-0.033430425154802414,0.9993850038801894
14.120142052551968,-5.9036197833841335,1.7199501316232917,-0.007831958415432222,-0.005909131939696289,-0.03498699043868064,0.9993396083464804
14.16677311641033,-5.92823858777274,1.7262903357121857,-0.006595989734479624,-0.0066211254067249595,-0.03655968150308982,0.9992877688815749
14.21550920643405,-5.9543872961408875,1.7330174737358064,-0.005943064968420601,-0.008912993678004875,-0.03718563901262548,0.9992509510139786
14.260905105485627,-5.978933201217232,1.7394043129506542,-0.005855673367865986,-0.011824593439786974,-0.03752205096452673,0.999208681116979
14.309182921841607,-6.003742127604497,1.7461329113805224,-0.006597930085650112,-0.01289256241661757,-0.03812819533689482,0.9991679007899341
14.353358969255215,-6.027932067052818,1.7524769321277684,-0.006674236716551751,-0.0118526809395031,-0.03853206935134425,0.9991647689351653
14.39640762530946,-6.048885359944564,1.7588773831713755,-0.006915365956679996,-0.009651420356568213,-0.039558587456570864,0.9991467158380755
14.441570652841872,-6.07340461409554,1.7648900521936128,-0.0058444962092219985,-0.009629121993659387,-0.0395452885750671,0.9991542846070489
14.484149645283956,-6.096192062433435,1.7705784476857866,-0.005278954459143009,-0.010925725034960938,-0.03945040956559904,0.9991478492928428
14.528377842962678,-6.120486973381054,1.7770460808923447,-0.004830741170026284,-0.011967563161421455,-0.0388208664317493,0.9991628376198312
14.572828268418359,-6.1444661432953795,1.7832381431444517,-0.004796890180466219,-0.012369441104460905,-0.03851662298643531,0.999169884292877
14.617302997363259,-6.167849036872038,1.78987368130832,-0.0048394504280511235,-0.011448989165015216,-0.03840154207364449,0.9991850810757505
14.661411742058984,-6.192064086104909,1.7963690751028325,-0.0037024619815048303,-0.009622501871957215,-0.03830203787197767,0.9992130133230783
14.706353627683153,-6.215440041235794,1.8019321683766563,-0.002715022183734783,-0.007876339928667665,-0.03804223701366032,0.9992413996201576
14.750324620500784,-6.238746341348678,1.8077958556354545,-0.0030603879783415843,-0.007042580318364993,-0.03757423389171688,0.9992643347416557
14.797895750656453,-6.26486866568832,1.813917634504806,-0.002395438465788219,-0.008842991864547428,-0.036852864344629636,0.9992787099330523
14.842381928928765,-6.287433741236196,1.8203265719305555,-0.003118571401117219,-0.00946712248875818,-0.03694407504422503,0.9992676154052071
14.884440019225837,-6.312106050543258,1.8270955797224042,-0.0047141974292360805,-0.009416546182171704,-0.035927108277401636,0.9992989302879409
14.928295918611362,-6.335013812820268,1.8336103146618838,-0.005383281260877576,-0.00943614214593903,-0.03534626281735953,0.9993160784983743
14.972256378561013,-6.358287361071648,1.8400381035118323,-0.0050014883704212745,-0.00938070876751445,-0.0344617303601457,0.9993494793852236
15.012026780065746,-6.37920862963583,1.845572569924185,-0.005897202412935839,-0.00825959896399451,-0.03442255482045652,0.9993558388472125
15.056294863007372,-6.4017662166039715,1.8519439816509777,-0.006847244813262421,-0.008062158065188682,-0.034093985413545545,0.9993626530441023
15.094678352258319,-6.423523599419207,1.8574222893482517,-0.007528166648761374,-0.008345479842179038,-0.03327212880387512,0.9993831251767188
15.133295204370688,-6.443710107221374,1.8631914232414086,-0.008131933895122566,-0.007867559243165354,-0.03282148788588633,0.9993971855463657
15.176340859218222,-6.466345836089575,1.8690759545910893,-0.008425129431770106,-0.007406945507767501,-0.03198404834270686,0.999425424970067
15.218290388622489,-6.488280106052545,1.8751014227902765,-0.008003108272803585,-0.007567832910288423,-0.03083518659065369,0.9994637869638413
15.260645260965159,-6.510895981389147,1.8811565137055801,-0.007509670778214784,-0.010629179821996433,-0.02915137052846966,0.9994902801823465
15.2999780700893,-6.530938603476806,1.886158983942515,-0.006607520816295516,-0.013530053870424164,-0.027823802007989357,0.9994994266650534
15.34184082401803,-6.552581204608288,1.89246638531367,-0.004779663740856644,-0.012113368657432719,-0.026611390621175263,0.9995610272013792
15.380487621822232,-6.57079857671325,1.8983680846732662,-0.005117197227573015,-0.005431531459594553,-0.02687490066741516,0.9996109444060682
15.423310557853965,-6.5913332519797,1.9034240522962413,-0.005834376261672507,-0.0008714048400927334,-0.027150902922467832,0.9996139332472463
15.460546350779053,-6.608790734031518,1.9078284878688065,-0.005901920720690313,0.0008279688022213705,-0.027398496727085234,0.9996068226229008
15.503169801281999,-6.6297371659231725,1.9135813532471835,-0.009190849272381917,0.00030190347815742426,-0.02728972522751547,0.9995852742899127
15.53992792223304,-6.648948513622079,1.91895039261146,-0.012124463609629807,-0.002996590543933447,-0.026914051028522904,0.9995597302301792
15.582396697811184,-6.670394499492263,1.9247542850218036,-0.014073764987078779,-0.004922884483817405,-0.02631295387619329,0.9995425638378784
15.618097201546043,-6.687698457808514,1.929299761432473,-0.01540582211066814,-0.003823749541442575,-0.026820537953450487,0.9995142308191022
15.659003045067216,-6.707490827923067,1.9351747964056276,-0.016830795578430043,-0.000628921926622621,-0.02707851056691298,0.9994914132475011
15.691454229073631,-6.725079378179608,1.9395881925094365,-0.0177577328242067,0.0014861693496002787,-0.026519043564323625,0.9994894676545699
15.731280346903539,-6.744440517017921,1.9449021998512004,-0.017387708290143182,0.002223638051471453,-0.0258978045700649,0.9995108913311983
15.77036463824078,-6.763760092229039,1.9504560172731056,-0.01815258247719603,0.0017399384776935448,-0.025041178530549414,0.999520089804402
