position_x,position_y,position_z,orientation_x,orientation_y,orientation_z,orientation_w
-0.9522752321876427,-0.001945790845847106,-0.0020330218234179014,0.0005412169659009645,-0.001496817591388864,0.0013050561212847424,0.9999978840328718
-0.9287524048484586,-0.002867933427445484,-0.003593395111499947,0.0014694528681082342,-0.002436374512663587,0.0020252453577221086,0.9999938979558737
-0.9060394344005528,-0.0039453392424872325,-0.005032680110935594,0.002674704795201885,-0.0033152386350944973,0.0026202224419321274,0.9999874978476064
-0.8813349061721651,-0.005797738939631352,-0.005295028034323816,0.0032433938033115976,-0.0037227975950747732,0.003554913000096433,0.999981492586535
-0.8563531315544841,-0.007695397065907426,-0.004182238961697301,0.00319984046735591,-0.0034076567271744173,0.004562683873647872,0.9999786687602401
-0.8317537503386305,-0.009024602809131362,-0.004432312607588849,0.0034994828918112207,-0.0037373264339000357,0.0052986100476021146,0.9999728497157359
-0.8069543188436643,-0.010980439459679296,-0.005664701108345524,0.003292329990300336,-0.004837398077204824,0.006157129310875401,0.9999639236379978
-0.7826433100683324,-0.010312068846859389,-0.009035997947947402,0.0022448875348572523,-0.006804493378552247,0.006424859401590218,0.9999536861185218
-0.7573210467933456,-0.01060627607715535,-0.01183432522640363,0.0015605892301432391,-0.008570846512471381,0.006900388368110988,0.9999382402302975
-0.7324761517874923,-0.010307846594328825,-0.01154818782596478,0.0006473977635792098,-0.008656210318641713,0.007169826568867395,0.9999366233531429
-0.7057255729109152,-0.010909697066685377,-0.004568886413247333,-0.0005910661358460136,-0.005339616024413318,0.007736029968468397,0.999955645710055
-0.6782058452743898,-0.011183105368389833,0.006748800952797289,-0.0007769348564861646,6.314599622742791e-06,0.008190607297180805,0.9999661588903184
-0.6505815053246652,-0.011450704578062031,0.014203400854622567,-0.001292591294309502,0.0034021102112327616,0.00864757006854192,0.9999559884519058
-0.6228250712864128,-0.012410883842968474,0.015038523325399795,-0.0021532101620539553,0.003300546834913671,0.00943330606448554,0.999947747713123
-0.5942885498303334,-0.012548492116670685,0.006906457431042385,-0.003414766832963304,-0.0007273144879617205,0.009922085225736258,0.9999446779088009
-0.5651846987760601,-0.013664340159560561,0.0012597128634449905,-0.0032751846749418203,-0.0036145524711988677,0.010719476493799746,0.9999306475909255
-0.5349274374421294,-0.013898115912108763,0.0027872493553447036,-0.002199396538515401,-0.0028309660744593925,0.011214200914740066,0.9999306922975086
-0.5035250803976994,-0.013585739764144053,0.011918410102843769,-0.0015978030345262452,0.0016872604700305862,0.011458448037027275,0.9999316534885616
-0.47146202554217975,-0.013450277662309156,0.019838511719669973,-0.0012498764587200268,0.005495935391346509,0.011815123383376718,0.9999143072009269
-0.4394326216254305,-0.013719701584108818,0.022158753796455863,-0.0007165783706377934,0.006665116975369971,0.01226189751010918,0.9999023479227326
-0.4065390908048814,-0.013702414824820574,0.020453814115275457,0.0006252810825373313,0.006049511596685545,0.01256135812034975,0.9999026087184868
-0.37312345149936876,-0.011787842635183052,0.017972501180358515,0.0005359366732443757,0.004770968684745895,0.012185619862271294,0.9999142326887329
-0.33881149277875366,-0.010101951072195567,0.015081600364051978,-0.0008110063963718972,0.003183973986110471,0.011900143934861752,0.9999237925578676
-0.30409160236456034,-0.009352830903188506,0.009180864260919143,0.00068054680168268,0.00027263546370819556,0.011686719269975868,0.999931444858024
-0.2678289597102539,-0.007245789830950738,0.004073801618436072,0.0019193400393969409,-0.002606509127924896,0.011212743346970122,0.9999318919234085
-0.23147862400193142,-0.005837925294196765,-0.0010042754259523608,0.001651603943789118,-0.0053196605125289615,0.010812054091919042,0.9999260353510296
-0.19497506776845008,-0.003559157925420782,-0.001308979607620421,0.0006998153781361296,-0.005817714002215351,0.010400512450516805,0.9999287475592965
-0.15778090107808762,-0.00291921992733191,-2.7698393914825717e-05,0.000601852228907309,-0.005577350719512413,0.010434453097189605,0.9999298279698813
-0.12021789883862832,-0.0017135295287615086,-0.0006291904661654291,2.6211457600533455e-06,-0.006292833811862446,0.010376917714115258,0.9999263557496422
-0.0826642155567614,-0.0005417980386663787,-0.0015409504511917065,-0.0014134964218612954,-0.007259633121623533,0.010325193589391147,0.9999193442123603
-0.044466269150848725,0.00039544353178175284,-0.001286052098627994,-0.0033617144704705263,-0.007672936482873602,0.01042754498596077,0.9999105368769475
-0.004936604021043789,0.0012523704488263225,0.0003222294830787127,-0.004062220641299736,-0.007499322571943984,0.010561617609900766,0.9999078469730871
0.034563109699761174,0.001971422228359901,0.0013002184101254047,-0.004187108048523734,-0.007572201045721849,0.01070759304330398,0.9999052390261473
0.07402747078300642,0.0029758241329013724,0.001963457766933109,-0.004454304880708701,-0.0076769877806436805,0.010734607544796788,0.9999029961863387
0.11417174152941079,0.003244014952203854,0.0042410017127710795,-0.004802644749528805,-0.007126575268680965,0.011028364223631964,0.9999022585070299
0.15391359352766032,0.004691815432867022,0.0077438868628809596,-0.0052850976808496465,-0.006054140218497028,0.011000815555583448,0.9999071912613537
0.19534313926385072,0.004726850498863462,0.009696692863427024,-0.005531745330458242,-0.005549528074629117,0.01139636787231006,0.9999043597739314
0.23596288552014522,0.007571701366141409,0.009228961016276523,-0.005798332034777386,-0.0062705355460472385,0.010817907104116483,0.9999050154875216
0.2767176024949043,0.008275166522475556,0.009002443365126404,-0.006395277482831246,-0.006826294391393927,0.010976844264267914,0.9998959993879645
0.3184583826907956,0.008666243874118556,0.011751096885581576,-0.006266356220961698,-0.006115403849255608,0.011197291457984383,0.9998989724744058
0.36147148667001616,0.008135261078315047,0.014644566264764812,-0.005871745200828892,-0.005030912035065354,0.011812908326463216,0.9999003286161626
0.404511929803683,0.00907554189550789,0.019612218594235203,-0.0060808823075796615,-0.0031040738656840784,0.0119597155117736,0.9999051719645647
0.4475431357713977,0.009375407211096767,0.02346840532585472,-0.005903054542816012,-0.0017239388866100882,0.012398187994513282,0.9999042256506442
0.4913981931843283,0.009147853359185214,0.024702535542196986,-0.005982881700608007,-0.0015864245741264778,0.012944217559063819,0.9998970574798917
0.5346724434291024,0.009961687377363117,0.024245687564127122,-0.00580210299537807,-0.0022262917291149525,0.013191502096078831,0.9998936745623326
0.5786440482151356,0.013154039416700965,0.023567738534222067,-0.006122922187432872,-0.002764915310343652,0.012852546091186724,0.9998948369758242
0.622642149346402,0.013087039313825252,0.025787811820075023,-0.006091307865999177,-0.002117545153808986,0.01345748729919877,0.9998886523244072
0.6659601908167474,0.012957949337366804,0.02837315706258612,-0.006170894343307571,-0.0011983000919021517,0.014080968442963446,0.9998810965658209
0.7098595128728595,0.013984482592727943,0.03186464626606258,-0.006159069387368593,4.516310689642247e-05,0.014347183400596372,0.99987810107176
0.753164222304145,0.014748770152352361,0.03257415350028515,-0.006296930928359266,-4.726499118842891e-05,0.014701910066104544,0.9998720877021147
0.7966768985387329,0.01672940038610158,0.029408617571877738,-0.007177720908459445,-0.0019828442811861123,0.014663825338775778,0.9998647479144414
0.8407487623640901,0.01738690971402458,0.02616996144438112,-0.007995459318648847,-0.004080945028958137,0.014751334849524076,0.9998508953155715
0.8847623669204767,0.019005271559469746,0.02652291212071907,-0.008531350041216548,-0.004333713036802152,0.014723324615661112,0.9998458207006603
0.93006628377724,0.01962856305235347,0.03004979130226798,-0.008455884242975642,-0.0030918691904845176,0.014963236253297504,0.9998475047901089
0.9742560321377465,0.021992904599236196,0.03276921196544783,-0.009045572466689834,-0.0021848094347239957,0.014622191846592214,0.9998497850128948
1.018278115440141,0.023598736704469013,0.035263396459856794,-0.00826876876810701,-0.001379196623466584,0.014638836609228146,0.9998577061385691
1.0606047416779787,0.025650291200559228,0.03550201007455574,-0.007882254180493058,-0.001707356908084167,0.01424059813955392,0.9998660742963038
1.1047735725845036,0.027347558070589223,0.03440741809976938,-0.007620194965551204,-0.0026978636099402,0.014123989118494903,0.9998675720624716
1.148387282801722,0.02926450717138647,0.03342637946295995,-0.007261548602587057,-0.0036752879401162446,0.013832392512277832,0.9998712084207467
1.19272315221622,0.030600728698148005,0.03213306892827619,-0.006834932770183744,-0.004919742562280378,0.013758308455144808,0.9998698820456949
1.236022604002927,0.030885769483833467,0.029960867319661612,-0.00573187661642938,-0.006514074785551932,0.013953843874969401,0.9998649938168296
1.2795274036789173,0.03305945974340018,0.030113265826223395,-0.0053612238470705535,-0.007234625048988008,0.013640723328034387,0.9998664096172826
1.3236991352514376,0.03453873654309435,0.032984234042980135,-0.004415490887050701,-0.006245672781810681,0.013585580020765764,0.9998784587431644
1.366461826251299,0.03540564985150525,0.03988058630387066,-0.003731525570518492,-0.003301426097206325,0.013596153419495294,0.9998951573844337
1.4109790822802197,0.03763960491763478,0.04761676099277692,-0.0030993662063231774,-3.2535509026228164e-05,0.013298543815587345,0.9999067739900268
1.4542154109566425,0.03854298233563885,0.04894113964874012,-0.002067394408935756,0.00031816721254159614,0.013363653606246157,0.9999085101356527
1.4970861445796957,0.04037767628342777,0.04660798433289624,-0.00032927648705711343,-0.0011130601566767047,0.01309671814809735,0.9999135620787379
1.54101498828427,0.04134386904522573,0.04372553499974307,0.00031927814660988286,-0.0028517073980655816,0.013131860967776831,0.9999096576293903
1.5847628224741381,0.042380092321939386,0.04135550626436807,-0.0005066188524411077,-0.004720482404170849,0.013232017903963686,0.9999011780666558
1.6278221894378069,0.044847906258232276,0.0384599393402237,-0.0013475052802820967,-0.006757915761969191,0.01291832823701793,0.9998928102027064
1.671151053546355,0.04678497861362961,0.03935347637178802,-0.0026305632774846315,-0.007002664187409713,0.012664741477580094,0.9998918191687671
1.7175175493603354,0.04916853110548393,0.043120651062413126,-0.004363893528887047,-0.005574120060114653,0.012266815782758882,0.9998996952534831
1.761208207463251,0.050603397849808995,0.04644483458966327,-0.005584440798406091,-0.004580092522155232,0.012189996759437624,0.9998996207402003
1.8051095140540445,0.051081625507943776,0.04887818147688635,-0.004635064281797152,-0.004039655560005423,0.012495834966585588,0.9999030259915519
1.848185995305757,0.051995107928746676,0.050365903601874984,-0.004262725981032773,-0.00371676520875894,0.012532703652432869,0.9999054700160079
1.8931321103778447,0.052497174484375936,0.052627887171200136,-0.003332501217400539,-0.003059613310864465,0.012874501013235815,0.9999068857591493
1.9372196744341181,0.05337866572483199,0.05549928790049027,-0.002647653481769595,-0.002136986033111049,0.013015836738100962,0.9999095011530491
1.9808150881500466,0.054014789301210855,0.059785668534354144,-0.0024266812498704047,-0.0007653760635653915,0.013411024307252318,0.9999068261489522
2.0246337860983488,0.0545456529123325,0.05897652740109968,-0.0015637584512396964,-0.0014875671144984203,0.013772426200734359,0.9999028248063457
2.068799660274673,0.05504692362489767,0.0559887808496875,-0.0017763127947169628,-0.003483138154828059,0.01405491534979674,0.9998935851458541
2.112137869816107,0.056772075931046745,0.05553773227312446,-0.0021593482906529554,-0.0044218432508975605,0.01412663219968188,0.9998881009198933
2.1559094795953087,0.057983640810809034,0.058354023947206776,-0.0034951043136774566,-0.003579544693233408,0.014308701942562015,0.9998851054468163
2.199465725558657,0.05885188789194146,0.06463771911164792,-0.0037383833373909893,-0.001210818414217652,0.014554590446709025,0.9998863572874026
2.243967175162036,0.05820581643270137,0.06842522407118734,-0.004576396160621356,0.0003999329260022971,0.015255811339173456,0.9998730713040844
2.286597665463737,0.05887117018703544,0.07038487128889265,-0.005061653487146672,0.000951081374533411,0.015633677287223327,0.9998645243667631
2.330357230284674,0.05947350449133637,0.06896442496894359,-0.00481747320226295,-0.00015612998541557016,0.01602361988198653,0.9998599937897144
2.3720710014780293,0.06183490069425292,0.06800646654397541,-0.005147698638610948,-0.0008228671588717498,0.01584879551906287,0.9998608134680042
2.4148858781100246,0.0620822866154169,0.0685931004216252,-0.004755116163221808,-0.0008673691734550676,0.016409488567075286,0.9998536747927045
2.45597209214227,0.06350049062931887,0.07086127498306732,-0.004061510920222507,-0.0003990423646830962,0.01662957477668274,0.9998533841774946
2.496931072679373,0.06498553555984768,0.07231855972152931,-0.00336905200204399,5.8867442610830044e-05,0.01669424103176873,0.9998549639309502
2.5376737313063837,0.06484036253950792,0.07690764494489699,-0.003134822892518545,0.0017525523382406366,0.017368326330234714,0.9998427058728777
2.5776571711161806,0.06524396665897164,0.07805675660287065,-0.0027769573269664995,0.0019791574412540377,0.017895798207756827,0.9998340394469121
2.6167143805975197,0.06342184990136501,0.07910025813972282,-0.0022815332176198922,0.0021401644793464223,0.01943135851688102,0.9998063033981962
2.6549524678573966,0.06205293860007155,0.07911204883636769,-0.001694993129257838,0.001757325538144509,0.02101248202069753,0.9997762265768213
2.691304902302556,0.06089581490893514,0.07835906993006421,-0.00183245449990086,0.001130235988719902,0.022588421391068626,0.9997425269424468
2.7272844426169085,0.05955080582003405,0.0797435548311265,-0.0015427559538766591,0.0014103478426598294,0.024251811146081437,0.9997036912136955
2.7623872490210384,0.05815351197570126,0.0815659270748732,-0.0022228738255921816,0.001936010378065891,0.025898790597221007,0.9996602256037825
2.7958260077379924,0.05841312755819898,0.08362384195575134,-0.002893271167672315,0.0025149998165519207,0.027053382669808605,0.9996266413125782
2.8287600744744434,0.056584289600138005,0.08539648844238273,-0.003106217657702667,0.003124514274357669,0.028804791025705396,0.9995753534034795
2.8608436027449238,0.056023214911209984,0.08690451740699125,-0.0041165823139382475,0.0035434829062542554,0.030074095498078664,0.9995329108738007
2.890806928873475,0.05625782024397588,0.08792187450445653,-0.0052025889915854485,0.003692644446420146,0.031096786353309567,0.9994960125843142
2.9207237338821432,0.05562757717277979,0.08700410020703114,-0.006143521522184817,0.002942011311074419,0.03249002406056947,0.9994488404235151
2.9486424687830586,0.05533272990559235,0.08396600332871335,-0.0067797791085779545,0.0010771363806983273,0.033678961355244695,0.9994091285045527
2.9752214647403914,0.05432556168866162,0.08074521545918589,-0.007852837595749021,-0.0008921538675091662,0.03509300867581305,0.9993527970462927
3.001061559199992,0.05494286014226352,0.07903939197170035,-0.008899172079441698,-0.0021414563979175482,0.03594570880782654,0.9993118287519109
3.02516824456813,0.0561872029395078,0.07876899401811693,-0.009848407708532552,-0.002630329357797585,0.03632100353000642,0.999288178955491
3.04807864786794,0.059839907339230614,0.08060760492822783,-0.011247305671321492,-0.002222650021403317,0.035621247128671395,0.9992996013104031
3.0699178998681917,0.06472741222866366,0.08238379491863496,-0.013022050097143746,-0.0016591286711839174,0.0340435001499227,0.9993341359914513
3.0908388056291267,0.07149186084384654,0.08445241714441637,-0.014259548853210523,-0.0009201193817615627,0.031326532712022,0.9994070634714258
3.11110830720662,0.08022869166926444,0.08668498802291817,-0.014700022952188948,1.2493725759419251e-05,0.02757568028459672,0.9995116292993518
3.1304811317345402,0.09030083650027251,0.08927560767257742,-0.014559945898480213,0.0012093978304285582,0.022824815664333444,0.9996327232385903
3.1490076317046913,0.10289099502252799,0.09050902083096057,-0.014409563185258694,0.0017691806693145844,0.016827987566821835,0.9997529976492926
3.1669282852745058,0.11667402596938098,0.09123139836156208,-0.013963419356143545,0.001957822530334991,0.010027693837498613,0.9998503066317556
3.1839233766839357,0.13101194471615135,0.09103847753607339,-0.01396433572741842,0.001704703248846566,0.0026083641539576172,0.99989763868484
3.201039790125191,0.1483988020244485,0.08831066764931075,-0.013423621257270354,0.00026191970001910973,-0.006445088212999215,0.9998890919575179
3.217697445691222,0.16882379631129274,0.08374127559229017,-0.012890434273103258,-0.0020525061583945253,-0.01711849070812125,0.9997682675440507
3.2348926764583554,0.19128871710778578,0.07901589091073546,-0.011784778342087701,-0.004444470266052621,-0.029249919116659667,0.9994927699422465
3.252299211069241,0.21705636343025275,0.0768651599528567,-0.010696920867628166,-0.005630676214768359,-0.043130045990005,0.9989963352558097
3.2703079657050704,0.24403932956690594,0.07601419788675934,-0.00915553786113196,-0.006191226179277343,-0.05805832986276969,0.9982520114726516
3.2895305511714845,0.2728813537021124,0.07442750973046941,-0.007938052097146223,-0.007166825337033754,-0.0742029923551834,0.9971858078198972
3.310250896485406,0.3048262789657297,0.07287874950968576,-0.006500214913431842,-0.008165458298805325,-0.09215786211364128,0.9956897140563558
3.332178597571848,0.33943695964718057,0.07336671375794057,-0.004802120263909846,-0.008326857361856375,-0.11181238909097369,0.9936828458636109
3.3556523325798366,0.37533999257190803,0.07225249293323377,-0.0035171650093329225,-0.009139632664467288,-0.1325202487969533,0.991131919379635
3.3811836375585917,0.4109407505375071,0.07209217487992259,-0.003608424959841906,-0.009521798848108193,-0.15365487557651367,0.9880721131032733
3.408721205400343,0.44940990001937714,0.07174407535267902,-0.0046367561322098625,-0.009726020847145871,-0.17670668535784767,0.984204572729024
3.438561951187048,0.4876666682611446,0.0740480771441055,-0.004510736975898831,-0.008893634907909625,-0.20019878744630049,0.9797045476546634
3.470902853468414,0.5252680511894775,0.07498041761843932,-0.004111158000910557,-0.008582880449169451,-0.22409824800321002,0.9745200886468722
3.505186529800011,0.5626301473424318,0.07511232547474728,-0.002973181137711446,-0.009076657536459835,-0.24857607740206886,0.9685652849002641
3.541118201010473,0.5977827156941843,0.0734764159329674,-0.0027529317592410933,-0.010300387408232286,-0.27273771653971,0.962029348523019
3.579028202428403,0.6315777994473128,0.0711470109725477,-0.0031702835153142217,-0.011787196632689017,-0.2969986254636031,0.9547998846056804
3.6200709696808193,0.6650024916980909,0.06726387698166324,-0.0047893877306818865,-0.013674105721969958,-0.3219663937078105,0.9466402250627348
3.6636158773583665,0.6968170942833664,0.0642519339191012,-0.007237455809433591,-0.014734781893553895,-0.34722530907832305,0.9376380341954657
3.708664435610779,0.7264275161864321,0.06084640142961159,-0.009029279323598566,-0.015918086418734326,-0.37257031371031996,0.9278234981091877
3.755738004074332,0.7532834597931576,0.06035519118766908,-0.008504947164130161,-0.01665273335855274,-0.39773999522513914,0.917307611558342
3.8046297558166247,0.7775944279770517,0.06328156622292447,-0.006855114683019978,-0.01625246361512211,-0.42270089330390814,0.9060975801610931
3.8549366821706332,0.7994914001441897,0.06671804831065745,-0.0060433408458488444,-0.015073905077874969,-0.4476266114899975,0.8940730774756093
3.9081024037672067,0.8192357621016425,0.06983845800828531,-0.005592398831648146,-0.013926068044694036,-0.4727942050035211,0.8810450745119253
3.9628637005751113,0.8356981045124232,0.07390861221235245,-0.004546351218513854,-0.012679298719839183,-0.4976577752879424,0.8672688849810302
4.018202273511012,0.8489915392353536,0.07769389509540559,-0.002754362371703425,-0.011812683958339175,-0.5223183806400792,0.8526642784983581
4.073153495232616,0.8584888426461189,0.08095651296505446,-0.0034649424180231573,-0.010105714425301598,-0.5460025010475824,0.8377154284939434
4.128531884801968,0.8637672464044562,0.07823246604274858,-0.005962557242199255,-0.010508786586473013,-0.5687980350812695,0.8223884699159439
4.1830373604062965,0.8648869617572974,0.07414060279999618,-0.007873123723361736,-0.012054867483539908,-0.5906034681649757,0.8068334704555081
4.232850733159777,0.8620460571005166,0.07333867842591624,-0.007899518052490949,-0.01308281418151178,-0.6100727722205673,0.7921979850812518
4.277225137196584,0.8542874454993863,0.07286371641539968,-0.005746761559529815,-0.015538039704010584,-0.6269759025583067,0.7788624855457079
4.31502448259556,0.8428939895148788,0.07205489321373837,-0.00327573757361039,-0.01842543776334987,-0.6410010961975212,0.7673117828312966
4.347515033017471,0.8283460526833071,0.07135001360959659,-0.002272479205050361,-0.02027594671428343,-0.6527739934093495,0.7572779170921528
4.377288013316685,0.8120837077948754,0.07428403364493774,-0.0025691905874955455,-0.018766189142998924,-0.663427459159553,0.7480008170886313
4.403385832467372,0.7938547952536752,0.07922685453039802,-0.003732074285473314,-0.01500997071211518,-0.6727649469608346,0.7396945948032875
4.428803790498802,0.7739198347325982,0.0848808102433043,-0.004178225052286962,-0.011462807194768134,-0.6816525792236668,0.7315742712589293
4.450714387612054,0.7525439204671469,0.08847331666421754,-0.0016593241490032743,-0.012070673478094832,-0.689633700179986,0.7240558602601167
4.471074721991578,0.729926952029089,0.08842487649288767,0.0007527099167480429,-0.015013269317536618,-0.6969962883251689,0.7169171542277307
4.487755696618606,0.70510944727987,0.08818724742503348,0.002023857858461998,-0.01726879868189009,-0.703079265746958,0.7108989052724083
4.503127988657215,0.680157387105761,0.08328627431263447,4.0455286102786656e-05,-0.019271610272654,-0.7084566718071816,0.7054911412037371
4.5138565240265995,0.6535163810864916,0.07957314475072452,-0.002599198184294852,-0.019831118687597415,-0.7123584833208398,0.7015307211833671
4.5195142204904535,0.6254068950647622,0.08151922004418843,-0.0015381168948063653,-0.020362861713702187,-0.7145906297775027,0.6992447607833902
4.521728561520844,0.594482678915734,0.08625449989508749,0.0017744712143565316,-0.02121190795779257,-0.7155566406099977,0.6982303424977587
4.520466246041822,0.5649562032104548,0.08864960306036296,0.002960250822751218,-0.021354541470640805,-0.7153926722007293,0.6983899607043405
4.518206134764103,0.5351471669108925,0.0902529419503949,0.0027749047360020383,-0.020806528966414356,-0.7147759026796463,0.6990384759881415
4.516899517202589,0.5046691234109735,0.09051199338446847,0.0012884229726339703,-0.01985374146500083,-0.7143391930130896,0.6995167510115127
4.515911717188757,0.47285039514197225,0.09075755904533511,0.0004729412826327028,-0.019659342465572268,-0.714047310382909,0.6998212252628955
4.513354272623128,0.44053221118857955,0.09102923739896474,0.00014888905275084097,-0.019999173549704284,-0.7135613358885388,0.7003072392482274
4.5122593630413945,0.4071311006367947,0.09322200843295614,0.00025052397290807485,-0.019573141569127917,-0.7133369772587026,0.7005477833468113
4.510732917267858,0.3737918418502457,0.09508353534285952,0.00013656110551737223,-0.018798693095068264,-0.7131185154557509,0.7007913765765688
4.509395629655826,0.33832511600854276,0.09785970345150208,0.0008832223339941126,-0.018536805184741895,-0.712888445340214,0.701031860833979
4.5099869561408426,0.3026792582724481,0.1012707432219766,0.0018234293251010666,-0.01796937687202028,-0.7132113949769383,0.7007162648070665
4.510239537279307,0.26711579963713294,0.1046895430759972,0.0016804028669508103,-0.0165036249368695,-0.7135250503961577,0.700433300585632
4.511118577893642,0.23129785214205068,0.10645109749137963,0.0016799525974940373,-0.015883063191176536,-0.7139668153698064,0.699997363181342
4.512017367916945,0.19485451391675945,0.10970333459783793,0.003143955990548152,-0.015698549867116236,-0.7144765906095786,0.6994761450744978
4.5120712061275245,0.15809557550750164,0.11244270153603264,0.0043787649611936276,-0.015776218191620683,-0.7148592585837331,0.6990766770525481
4.513509832976792,0.12121002044660889,0.11522778329859995,0.003796707791491162,-0.014392393673696878,-0.715555100093843,0.6983977137931566
4.5141425014452405,0.08413059362598774,0.11176650835360302,0.0011355305031527472,-0.015014729647902968,-0.7159134935962426,0.6980265878057238
4.513636745696208,0.046488175715486246,0.10775080606606935,-0.0003205916176339521,-0.017109432506172258,-0.7160755512020737,0.6978129911800036
4.514073343892469,0.008597581603038362,0.10755739499342773,-0.0008986068152542008,-0.017659637859899824,-0.7165174466852604,0.6973450308952944
4.514076231103792,-0.030409997576943404,0.11067809048403465,-0.0014205805232459937,-0.01588415056725169,-0.7168750839048141,0.6970192119207266
4.514572649195151,-0.06900449586372503,0.11734676568884506,-0.0007890546785446624,-0.013178773330946816,-0.7172976411251909,0.6966417975398206
4.513642351843421,-0.10811653400166454,0.12276746989620568,0.00029158290936034134,-0.011053056382189154,-0.7173941807340238,0.6965797267048368
4.512779264069037,-0.14625261210942742,0.1296698999295547,0.0010315023048145307,-0.007789652872852582,-0.7174482917373708,0.6965674620211383
4.511870511064495,-0.1840557414991031,0.13208228473509775,0.0005537583594935771,-0.006457789197988646,-0.7174452633210304,0.6965847126700441
4.5107210225863685,-0.2217570915807625,0.1270984705836552,-0.000586302225215827,-0.009850717521901113,-0.7172809666701516,0.69671416647837
4.509193052953379,-0.25931548801555304,0.11624264932419126,-0.003953377308682352,-0.014783170335857536,-0.7169839396901413,0.6969217005186519
4.5073482957224815,-0.2973257311962665,0.11157034013334521,-0.00536966201009714,-0.017337330751315213,-0.7166764463560258,0.69716961116787
4.50572793666379,-0.33560926715882333,0.119452748425112,-0.0028545894992715167,-0.015601104363555855,-0.7162795442019786,0.697633188601807
4.503093028427441,-0.3734257837919319,0.12840692063725911,0.0011181548305336487,-0.014240574795700523,-0.7157737405759304,0.6981861505497089
4.5028043390139985,-0.41101102489032404,0.13253895773512314,0.0025325165879263225,-0.013649361308418513,-0.7158107034558727,0.6981563845514124
4.500709674586167,-0.44860375332179103,0.1338612869465159,0.0022230574524059435,-0.013483203102933517,-0.7155457598364817,0.6984321949264486
4.500896818294336,-0.4858439009370419,0.13399946918106131,0.0007482217433078681,-0.012802089156363139,-0.7158798699263964,0.6981056866902815
4.501514389003708,-0.5230910538480098,0.13529371847320615,-8.461286676839405e-05,-0.01207668023606836,-0.7164565520262619,0.6975271782255476
4.503947210014986,-0.5598199978582519,0.13682227724667984,-0.00039561795214673235,-0.011646384891526933,-0.7173954416414284,0.6965687191502871
4.505333744602407,-0.5963927611382911,0.13775005160184106,-0.0008458655693156672,-0.011455260050024908,-0.7182125428198637,0.6957289789194768
4.50611268658258,-0.6325741374189016,0.13880076625774662,-0.0013917593738626169,-0.011060903263918502,-0.7188087663024236,0.6951184611457546
4.507755070286927,-0.6684512844284125,0.1410625094802196,-0.001802973058965483,-0.009989297017161754,-0.7196780323047678,0.6942337426361761
4.508345161029134,-0.7034963772914771,0.14320432409292527,-0.0011203925320648343,-0.009983973017805932,-0.7203432070916821,0.6935450580619189
4.509576625892687,-0.7393121073682056,0.14471312103682799,-0.0015765494701080699,-0.009471254265078883,-0.7211596494575053,0.6927023743370755
4.509471745999754,-0.7748020363917745,0.1442024199891785,-0.002193513852644219,-0.009825237702290119,-0.7216689043052696,0.6921652020141552
4.50924182209751,-0.8101321194828297,0.1455935184298942,-0.0020472109518235846,-0.010025166842169633,-0.7220499736085308,0.6917652340442991
4.508282089079486,-0.8443101529838546,0.1480062386115577,-0.0008219568015588089,-0.010340852840350707,-0.7224150145349802,0.6913818938334997
4.508636931189563,-0.8797731135692253,0.15019130702615202,-0.0004034592539311586,-0.010230138941650854,-0.7229622916022717,0.6908116322835676
4.508588724607427,-0.9146973059787122,0.1513596829796613,-0.0006827224723272863,-0.009850711162484095,-0.7234641663443683,0.6902913180180063
4.508243172180426,-0.948650266324208,0.15319359672280441,-0.0010390216055946098,-0.008960858956372794,-0.7238503429729868,0.6898980332906162
4.50768383232548,-0.982299910886453,0.15484127808431047,-0.0008917551788312739,-0.00865265232478309,-0.7241078615724074,0.6896318759134203
4.5070043332209035,-1.014576618774416,0.15641421481497653,-0.0007531426870837984,-0.00852177517504101,-0.7243780686016352,0.689349862435399
4.505891259797498,-1.0450833647026938,0.15532999927686952,-0.0014976931438210907,-0.009370393021268663,-0.7244261413823635,0.6892871062446816
4.504800930158593,-1.0769456555469032,0.15405365044609343,-0.0025102190095669516,-0.010080867125111737,-0.7244594390472456,0.6892391553619912
4.503057508925878,-1.1086752370532316,0.15323500771288256,-0.0038118037340370706,-0.01014936564561094,-0.7243500778265496,0.6893471036555596
4.502049960727981,-1.1403980687684276,0.1539942587086376,-0.003909751819253404,-0.01049037568163952,-0.7244532686739138,0.6892329930371209
4.500522483097663,-1.1721388591900754,0.1551419123197335,-0.003403892861497437,-0.0109947403092994,-0.7244405001382639,0.6892412328793367
4.4989947972841895,-1.2035220420689936,0.1567113254011887,-0.003163074653594003,-0.01088822297681047,-0.724492273719894,0.6891896748177232
4.498706751730568,-1.234891484372282,0.15838113124052788,-0.004525731374206457,-0.009280547666605706,-0.7247385318796068,0.6889466135274774
4.497009508903421,-1.2668424215632048,0.158956982697688,-0.005347565531705223,-0.00881235954172397,-0.7246407690014173,0.6890496986415386
4.4955720535442945,-1.2988393141128127,0.16146162928817853,-0.004151689895113976,-0.009079255628064201,-0.72463906421728,0.6890562755169504
4.494875899455438,-1.3294629786132206,0.16335949677638517,-0.0038638004211216125,-0.008772829847539436,-0.7249566600128191,0.6887277685950373
4.497208788295044,-1.359769676046767,0.16445358403106614,-0.005163560283263486,-0.007331898983548498,-0.7262217747670545,0.687402005689375
4.501275852511013,-1.3914047836885723,0.16553018717958506,-0.006621362918919227,-0.005847640213964646,-0.7281065359932767,0.6854070673046196
4.505739094180208,-1.422967811367183,0.1628244699879089,-0.00663467982288652,-0.008506811223090648,-0.7302225187785674,0.6831242188613244
4.509047173987151,-1.4533677152922877,0.16121009311326384,-0.0068060275955227146,-0.010280702761019458,-0.7322532695854272,0.680920787816714
4.514613617948272,-1.4834733592319642,0.16148966239468265,-0.007599713328274427,-0.010284610097573225,-0.7348878304914328,0.6780680994583553
4.518530544766225,-1.5152668523045123,0.16235844321898596,-0.008694802747671752,-0.00913615383456158,-0.7370385058718144,0.6757330629224567
4.520511437835599,-1.546666505485374,0.16467155276343226,-0.008454724220703959,-0.008616978159045253,-0.7387418414182121,0.6738803705057351
4.521990339618737,-1.5780181664776087,0.1655418677902426,-0.009499198387722788,-0.00785304871782591,-0.7402528559984277,0.6722156110398276
4.523375725526693,-1.6105937891988638,0.16754803675230778,-0.010108366963029735,-0.006658003600796335,-0.7417389279800849,0.6705794999191432
4.522662349849955,-1.64275706713061,0.17156917758802093,-0.008792649743103008,-0.005835702124427409,-0.7426036064689084,0.6696480491698029
4.52146153222524,-1.6749753534028016,0.17552077443704228,-0.006717029553922254,-0.0058699317721363255,-0.7432656775920398,0.6689368978374871
4.518771453758982,-1.7069955873570017,0.1805969135540184,-0.005566417698019984,-0.004422096098751995,-0.7435525782138172,0.6686396687173881
4.517540503292057,-1.7398887734584938,0.18114534745250144,-0.005871439139417344,-0.00429531320581636,-0.7441995865514673,0.66791769022178
4.514598175623148,-1.773053054119833,0.17872998571730286,-0.006537214173817268,-0.006061127683823892,-0.7443101934475455,0.6677745514486907
4.510541443135877,-1.8066641090573232,0.17570991982679884,-0.005914713986016808,-0.009609124444119198,-0.7442642055571579,0.6677900055656708
4.508366727184717,-1.8409877463068285,0.17309841704237527,-0.004877168044315552,-0.013668567959489149,-0.7446650784824438,0.6672805174101498
4.505025679853308,-1.8749177202123892,0.17321676208684877,-0.005305482052570173,-0.014084520097085598,-0.74482848497762,0.6670862092511204
4.501980020320832,-1.9094622287090628,0.17641999450201595,-0.005131333858386394,-0.01276335791420654,-0.7450001649595583,0.6669224232035795
4.496739923683494,-1.9433523832404282,0.1832238462163187,-0.0030947154228585755,-0.011078568094842403,-0.7446576393605758,0.6673475159601565
4.493744860863452,-1.9780154573172348,0.18738024341380388,-0.001559832950756827,-0.010624965310471104,-0.744844607597713,0.6671515326107348
4.491201833774629,-2.01191656249263,0.1887311664082052,-0.0013725561463252603,-0.010738730347559846,-0.7451673198829372,0.6667896775972916
4.489353615083486,-2.0456650913355,0.18924651989760122,-0.002108229144501293,-0.010626629377946077,-0.7457357968284596,0.6661536976949293
4.487260624514634,-2.079487944730096,0.1894737934764641,-0.00262364313907051,-0.01070758812707402,-0.7464037215877047,0.6654021060625382
4.485417531355429,-2.1137210496739542,0.19091574341843698,-0.0020881744046883192,-0.011212682046998825,-0.7470754379397118,0.6646414042618327
4.482475026632381,-2.147674191892311,0.19137813404759152,-0.0022352484371678224,-0.01142208630591497,-0.7475457287717424,0.6641083533219931
4.4811774775067805,-2.182347733190825,0.19335209778806517,-0.002067664122692857,-0.01113867610289004,-0.748358131676579,0.6631981287051406
4.479091511218033,-2.216142491307582,0.19401072006895648,-0.003067741930575478,-0.010383936413183036,-0.7489396354597027,0.6625497529403414
4.475797296246162,-2.2511938038979817,0.19288370870781169,-0.0037790959788955927,-0.01114555493343126,-0.7493174173775307,0.6621064014424307
4.4724102191503,-2.2857992976002213,0.1937713957347107,-0.004283319828564594,-0.010875704387094245,-0.7495537194265112,0.6618403138436648
4.469351252152143,-2.320437825861835,0.19491096585646517,-0.004387045180962459,-0.010770839350809917,-0.7499672639196099,0.6613727004772406
4.466077868284413,-2.355475477632502,0.19789753843969393,-0.0037712600228103723,-0.010124066469656662,-0.7503650477465273,0.6609353710257508
4.462653547241398,-2.390615603589921,0.20121687225669938,-0.0036644168604822646,-0.00869491580647101,-0.7506831533335503,0.6605950116349807
4.460791015476685,-2.4264604267588203,0.20352432730995096,-0.004144828184405724,-0.007012442382741793,-0.7513863100915529,0.6598122959105933
4.458464571032852,-2.462758920633426,0.20542284181191017,-0.0032990163939288337,-0.007336323331545701,-0.7521052633202574,0.6589939025163033
4.455082271395071,-2.499902491386898,0.20671967293399618,-0.0031439918525239478,-0.007536599526950435,-0.7526534376260994,0.6583662679865244
4.453799450257425,-2.536771790427413,0.20632064716538112,-0.0038377123783828516,-0.007822784245765801,-0.7536198907352553,0.6572527235472756
4.4501458770485725,-2.573346904351329,0.20342695618579,-0.004753216021925208,-0.009677996665564802,-0.7540664174667617,0.6567096661427962
4.445588792063357,-2.6096507423378594,0.20049251017295688,-0.005573064455019619,-0.011746684881886087,-0.7542226602073135,0.6564900123974263
4.44146167218323,-2.647232068192106,0.19870282163377295,-0.006685782751932967,-0.013173963828670239,-0.7545885777239606,0.6560318930670055
4.435561464009243,-2.6848099091334054,0.199247526648064,-0.006209368711309282,-0.014341462806479782,-0.7543931961328331,0.6562367420900904
4.429766026721801,-2.7221873512915638,0.20216994784730824,-0.0046204384354905864,-0.0151555672255451,-0.7542958739004865,0.6563434392393179
4.423687919223527,-2.761045510547836,0.20606947335641213,-0.003464713854990995,-0.014826380258489355,-0.754161142903599,0.6565128577682666
4.4177831804604395,-2.7991832175892988,0.2089696337034832,-0.003312801841709433,-0.013875280442627803,-0.7539094846920114,0.6568233987891509
4.41023489406461,-2.8378530649802705,0.21246322469817214,-0.0028835927327346316,-0.012770911134342701,-0.7532113537367524,0.6576482658418181
4.402828170671433,-2.8762386418553914,0.21701468208285224,-0.001171371768469862,-0.012226632280809942,-0.7525319456725824,0.6584412118692151
4.396284206247273,-2.915351797445881,0.22171027723105086,0.0002204691878759625,-0.011202038029910643,-0.7520172294817495,0.6590482199222019
4.3893143956352505,-2.954274962246509,0.22359079149114613,-0.00032870716430066516,-0.010384347817881882,-0.7514171439011391,0.6597456388681712
4.3825004940890695,-2.9932996171274646,0.22018591744526006,-0.0014809612872178463,-0.012471132439116354,-0.7508309885336567,0.660374960700602
4.376422948446665,-3.0329829942382993,0.2156575088822752,-0.003675479462162757,-0.014557628288344992,-0.7502501879093697,0.660983506871794
4.3705651694880405,-3.0713769640371265,0.2134109702417062,-0.005735570093210508,-0.015038145614998123,-0.7498780641408445,0.6613802524285807
4.364302599634505,-3.1109331798150937,0.21721132172856938,-0.005514603136222775,-0.013653868377796204,-0.7493228591058112,0.6620410993701844
4.358805151812672,-3.148705976724937,0.22155720925107314,-0.0044619754066544245,-0.012753605479511435,-0.7490111773751579,0.6624195643844824
4.353871050955197,-3.1856704248788725,0.2249859251942432,-0.0035282206639134137,-0.012407780939793363,-0.7488183558523841,0.6626497373303621
4.348341676608387,-3.225793604346584,0.22647999023031096,-0.00356746466697057,-0.012194123525811465,-0.7485398209010241,0.6629681166525141
4.343782500583682,-3.2645946131556176,0.22833589900927764,-0.003667802330517871,-0.012056425377633155,-0.7484840442397064,0.663033049304335
4.338630769430063,-3.3050973051737245,0.23117031731178805,-0.0022002680637652388,-0.012357577191150446,-0.7483128216145444,0.6632272333833731
4.33224923651514,-3.343989797102367,0.23379233407588007,-0.0010154632137175052,-0.012885528964167838,-0.7478959064378746,0.6636901947802533
4.327073558103956,-3.383439415661993,0.23393053165168576,-0.0006909603597687172,-0.014174333921622631,-0.7476532684521069,0.6639376522959265
4.320904109957384,-3.4229979151338545,0.23361626157090143,-0.001233996028414528,-0.01503059293739653,-0.7472732739915808,0.6643457005186537
4.316324976614773,-3.4630601538148573,0.23344639686485769,-0.0030007017290735634,-0.014386941379047048,-0.7470747298039145,0.6645775886975462
4.31109655887518,-3.50258743799193,0.23891773956283613,-0.0033165907287499774,-0.011154694492831596,-0.7469083406707049,0.6648251697889074
4.306775147101039,-3.5414297073774454,0.2418216237630617,-0.00435149956776372,-0.008984654183893607,-0.7468804025916209,0.6648834567422391
4.303605646618817,-3.5800979937253903,0.24286856859858053,-0.005601057975593707,-0.008088550963266125,-0.7472212132809549,0.6645025660438915
4.301118285423942,-3.617764139420988,0.23963573244889946,-0.008364410615849548,-0.00858908287923125,-0.7476579108312142,0.6639758221773046
4.297337135326733,-3.6567303495085195,0.23822226365456395,-0.009810415760789556,-0.009161905264458864,-0.7478627813570028,0.6637176389559638
4.2936358390935885,-3.694720639386734,0.23924110281138067,-0.009700156700864998,-0.009681483734331543,-0.748055512889146,0.663494645681657
4.288864873102509,-3.7326613080518998,0.2418522171183356,-0.008861646073766213,-0.009955407692443944,-0.7480614757805584,0.6634955917495293
4.285475036880614,-3.7703509348142186,0.24288549769109014,-0.008814932698471329,-0.010516085952345388,-0.748322232972928,0.6631934636369802
4.281522835354588,-3.807686557414791,0.24230668026662694,-0.009493183192065982,-0.01177775722107964,-0.7484563260325422,0.6630115340882494
4.2784454128997185,-3.844556310906256,0.24222803185721542,-0.01022986757152759,-0.012195215442481923,-0.7487487875034948,0.6626627067169504
4.2756662097889295,-3.8819676172879154,0.24333916552466972,-0.010947848831061422,-0.011784071276319216,-0.7492004595906984,0.6621479864311921
4.272331270624953,-3.9184367745310498,0.24646110620595102,-0.011083666509882973,-0.010834258023365618,-0.7497151930631091,0.6615790885175357
4.271934476987245,-3.9550779322307115,0.24676060956953427,-0.011498091616126851,-0.011336266715978024,-0.7509171259531958,0.6601990172398067
4.2701381655556965,-3.990567754134295,0.2456513402924096,-0.012872784633546075,-0.011926978857554766,-0.7519187060724773,0.6590222290735255
4.268328467733911,-4.026875363385462,0.24589536748087115,-0.014049492217281178,-0.011827699805066583,-0.752896536063988,0.657882603898917
4.2670552332219565,-4.0623504973272615,0.24844149506003915,-0.013784903801490837,-0.011854711479888858,-0.754035218999456,0.6565822997505276
4.2654237298296,-4.097982462011839,0.2512761790532604,-0.013078209514783492,-0.011756252240496,-0.7550953066456305,0.6553791660112401
4.262924155370457,-4.133551820557383,0.25274355417715233,-0.01269326552000343,-0.012498328050670103,-0.7559145811608496,0.6544278455007001
4.260709958066815,-4.1691091277300005,0.24941214939193568,-0.016234493115801902,-0.012529704113680743,-0.7566123364470893,0.653542043353726
4.2575940750346355,-4.204082883945621,0.2437372773785631,-0.01987803969258342,-0.014113918785221237,-0.757109155315273,0.6528333322972848
4.255036049757723,-4.239213146574582,0.24283054825375983,-0.01957586617767329,-0.01651348523170578,-0.7579529783800434,0.6518062158615073
4.252799916559167,-4.274116701401823,0.24776442267001242,-0.018017188270378213,-0.016266288652516652,-0.7589709245096908,0.6506718981025383
4.250248116373796,-4.308425359260857,0.25767259003446263,-0.015462459589980446,-0.01339293181493548,-0.7599956545474525,0.6496061313522936
4.247107910653843,-4.343295129233379,0.26192603972166495,-0.015063818700268183,-0.012363850498172464,-0.7607238839286705,0.6487829856397334
4.242838272278027,-4.376856831522893,0.26128940930115074,-0.016370510411859666,-0.012938266396489411,-0.7612185394986873,0.6481596684725058
4.240434668687127,-4.411684954623502,0.25875714327826715,-0.018880223318690065,-0.013289925917715373,-0.7621007833044289,0.6470466053284549
4.238204575364176,-4.446401169192247,0.25883556804625885,-0.019984210420806107,-0.013750811922772669,-0.7630105316417899,0.645930701396729
4.233675701715975,-4.479542148625153,0.2577660278102248,-0.019923237039091518,-0.016353033700461855,-0.7634935461296113,0.645300894048665
4.229685670130389,-4.513353647287703,0.2548750678090373,-0.02182130745539195,-0.017927965069707612,-0.7640412314053728,0.6445489967677286
4.227483614388994,-4.54702835232096,0.25529658737467786,-0.022880095181748623,-0.01821924985629195,-0.7651158167889833,0.6432280746378618
4.223710455383193,-4.581279676840102,0.2603423786846538,-0.021791255451672875,-0.017571083376523258,-0.765899984110444,0.6423500636084406
4.221512073250207,-4.615028448018409,0.26654321930545555,-0.01879957049353781,-0.01804052476222853,-0.7672229481336642,0.6408510478054305
4.222225539406558,-4.649317997068637,0.2707681313055823,-0.0173937810183469,-0.018209687749369975,-0.7693156293757575,0.6383723977142143
4.221464183218837,-4.683709382718264,0.27401991015257643,-0.01741011655834858,-0.01741699062579188,-0.7712316912436392,0.6360780001887606
4.223077696152602,-4.717393170591087,0.2761031186080287,-0.017904190824116917,-0.017062438875810246,-0.7738997398160846,0.6328250330402084
4.227128717638742,-4.751558575095945,0.27769486874241744,-0.018364066444499363,-0.016894819049807226,-0.7773302672800676,0.628597619165455
4.2329202059193625,-4.7869748785831305,0.2787835885984692,-0.018748750892971438,-0.01730970984354195,-0.7814008372025018,0.6235074908661947
4.23720881734042,-4.821911943588835,0.28037389860584705,-0.018760853182333562,-0.017810173943437885,-0.7853292290999005,0.6185376513357127
4.240825366567781,-4.8571082170763065,0.28233235709349236,-0.01802973304554187,-0.01876073526367844,-0.7890691408220326,0.6137530917179138
4.243555377582618,-4.891913346758239,0.2864409360672937,-0.016405480421849517,-0.019700751915788496,-0.7926485091747438,0.6091396354088959
4.24589412757927,-4.926118995065738,0.2889363671587062,-0.015183728534620432,-0.020789184600381008,-0.7960682164615848,0.6046591113816989
4.246192133291121,-4.9597116204827625,0.29170185312164165,-0.013110950039485245,-0.022858845571880004,-0.7989513180763874,0.6008180805420544
4.244123913971469,-4.993544341310614,0.2958365891707857,-0.010837159486874175,-0.024305964629785327,-0.8013263855843835,0.5976351752959863
4.241038984627703,-5.026740957870233,0.29796025205362997,-0.010808518562499227,-0.024398380203158255,-0.8033389233336943,0.5949239356342779
4.233795870403357,-5.059228047683429,0.30397682584461916,-0.007728793532078507,-0.0251957312721966,-0.8045049280075847,0.5933609930421969
4.229611003327107,-5.090378762541262,0.31116457010764753,-0.004080273236811739,-0.0258676812812574,-0.8057913453608001,0.5916202520804198
4.221217742684302,-5.1213581261557035,0.31591653895176575,-0.0008521379291252141,-0.02756667784481894,-0.8062110802135559,0.5909848133938073
4.213541944081841,-5.152677015597049,0.31901378475124265,0.00012954162687576722,-0.027673807701038312,-0.8067164754960584,0.5902903426148252
4.201643333489047,-5.182840230776853,0.31580974451485844,-0.0009356385813614194,-0.03022725588739587,-0.8062269492378973,0.5908329166297448
4.1907220586534155,-5.212682495600227,0.3132605087400506,-0.0024390583154562224,-0.031476368772309034,-0.8057445689115935,0.5914211339350045
4.181658755265715,-5.242736204464371,0.3162534920265916,-0.001722022826790565,-0.03160963279025788,-0.8057016730974259,0.5914750183921323
4.168680800249005,-5.273719091267145,0.31921280174664446,-0.0007879789872860555,-0.03167317963056614,-0.8048331515710828,0.5926548872272523
4.157931015574582,-5.302532976137145,0.32507118630239695,0.0015300980893379744,-0.03145578192615921,-0.8043281457218431,0.5933501817343905
4.148441257659876,-5.331545584606444,0.32557749626672505,0.001007182405665035,-0.03174714514827686,-0.8040573847081848,0.5937026218283971
4.134867884364134,-5.361160802657521,0.3244937218466264,0.0002567516892529342,-0.03285473314882889,-0.8027999943673119,0.595342451878991
4.120292482368007,-5.389522473875241,0.3243323002861853,0.00026089063592722576,-0.03411851143479956,-0.8011351963806059,0.5975100332179885
4.105773162148441,-5.416728966863056,0.3281577886036029,0.0017570241177230933,-0.03442757455535772,-0.7993043526093314,0.5999368338813188
4.0914672204865346,-5.443735784470046,0.33194881710381274,0.0030168558373695285,-0.034278748317040864,-0.797414701735894,0.602449716531391
4.080773967432214,-5.470904619279631,0.3358911744843267,0.003935921918429049,-0.03362488338730682,-0.7963590051099426,0.6038760001241985
4.068226246568211,-5.497951429192714,0.33815106412525253,0.0042990102842266455,-0.033430318627512945,-0.7949433459964015,0.6057466545980839
4.056884143559241,-5.525734762791935,0.3405605265686442,0.005090184263923308,-0.033514656377382664,-0.7937728108424442,0.6072689489452536
4.044895943032172,-5.552269504337995,0.34388703911688,0.006997223113717824,-0.03417545562010654,-0.7923542796091473,0.6090630136138332
4.033620131778422,-5.579143073436929,0.3475277519466262,0.008793991617794556,-0.03457384306174545,-0.7911158021549308,0.6106251828086994
4.023526954267028,-5.606584289874279,0.3497864772262731,0.008672029529373283,-0.03367799135930424,-0.7901342685949383,0.6119464392061238
4.011703225457984,-5.63218570924045,0.3496572075699387,0.006805937912377697,-0.03269566906367368,-0.788797887860561,0.6137447124552552
3.999947373139916,-5.658616898387162,0.34668624136047654,0.006224234853100783,-0.03497596000533437,-0.7871467026582449,0.6157418443925334
3.9881481985901255,-5.685089097743864,0.344218385862888,0.004965071147609767,-0.03626830546624186,-0.785432587612937,0.6178637433447637
3.9761443880019955,-5.710253018596457,0.34236039709803645,0.004046388123226932,-0.03688547021502985,-0.7833894182745169,0.6204225254011716
3.960074902543,-5.735651296031288,0.3447389336901274,0.003281277389553282,-0.035333187237459325,-0.7803512296584342,0.6243338581416463
3.944572897689033,-5.759853676552706,0.34839657307080607,0.004085203940382114,-0.034540367331216244,-0.7771441163849452,0.6283608109001155
3.9259526507684344,-5.784008419447332,0.3501095302415642,0.004621789857718859,-0.03460428679572753,-0.7728964953055084,0.633570961242522
3.9099809911538723,-5.808118384899737,0.35390039838555687,0.005560701484405654,-0.034103059520103396,-0.7689768582978139,0.6383420926888302
3.890247376290465,-5.830680159099653,0.3552098342506178,0.005357430789452697,-0.03366846582691662,-0.7638847609861797,0.64445156124969
3.868470493482213,-5.854312782947986,0.355915829730451,0.005048955688555364,-0.03330178899710843,-0.7579019137478645,0.6514984153088234
3.8469486839273923,-5.878322791063935,0.3559144531302634,0.0045159584003130245,-0.03312308939850873,-0.7513767919428517,0.6590260927193067
3.821162832794393,-5.901828256952367,0.35645818621151726,0.0033011269005909834,-0.03217393730841166,-0.7436460741173186,0.6677907335641657
3.798434472227009,-5.925451095328992,0.3560478592711904,0.0007021829799715582,-0.03057560387835087,-0.7364093133107641,0.6758446264041243
3.777625255240003,-5.950512742842875,0.35641960419360497,-0.001729759399261139,-0.028896735869867348,-0.7294311741705987,0.6834414148894462
3.7582421476251566,-5.976010007185364,0.3557816496708419,-0.004409622502797811,-0.027424031373379298,-0.7228966638821833,0.690397627381559
3.7429023889475435,-6.00150964414129,0.35767037578982025,-0.006706057005450459,-0.02474458776894276,-0.7175844767235173,0.695999455447192
3.733201758151916,-6.0273705908833115,0.3615129132615955,-0.008934367247828208,-0.021011273914666787,-0.714288399217204,0.6994789384662008
3.731399989744075,-6.053126834032706,0.36552972719201193,-0.011022722549535641,-0.017228915753839343,-0.7136606693618761,0.7001929143441603
3.7384177404564203,-6.078541861270381,0.37091992173822264,-0.012110893924675719,-0.013542691973634407,-0.7161094178187959,0.6977515654394502
3.749165340881841,-6.103907807082554,0.374931871324329,-0.012368254149518948,-0.01131790309057039,-0.720260997469691,0.693500562853222
3.7608068562911723,-6.129057477552488,0.3782386803385619,-0.011566771413872598,-0.01071154206697179,-0.7248605526055211,0.6887152298713547
3.7703912143621765,-6.154189577136651,0.3816693548751324,-0.00963095257859358,-0.011324087927247432,-0.7288994287794439,0.6844593616641664
3.7800819327655737,-6.179463227286849,0.383023073302422,-0.00938569379784712,-0.011410985690940553,-0.7329700227011058,0.680100466247855
3.792193003672279,-6.204994212219923,0.38485847688410635,-0.010072733996849633,-0.010327131122470879,-0.7377901512937347,0.6748759746850944
3.806658054827531,-6.230520913770431,0.38627037603745884,-0.011570258500265839,-0.00840703438500316,-0.7435574135203173,0.6685191265659569
3.8197556906936097,-6.256048860780599,0.3876130678530908,-0.01123158624568738,-0.008533691996205536,-0.749075353180269,0.6623346246597842
3.8315477273906717,-6.281457384089217,0.39029640949804306,-0.009891695690991194,-0.008886951829014044,-0.7541635402899816,0.6565520068478085
3.8417094207339257,-6.306147623178061,0.3931837536977678,-0.00828686049325251,-0.009265270740807055,-0.7587946450736859,0.6512113010024948
3.8519587591030597,-6.331319168160627,0.395472473349157,-0.0076807320203835724,-0.008981097910036664,-0.7634630589173831,0.6457433689174237
3.860874517804097,-6.355473933323834,0.3972548237437543,-0.008081182776116096,-0.007968029666556808,-0.7678243573397147,0.640559890974011
3.869686637552314,-6.380253096623033,0.3992339584130393,-0.007908913004651968,-0.007468782292229171,-0.7720718187676799,0.6354421912731418
3.874874320841654,-6.404055420601129,0.3999366028600535,-0.007381229287785203,-0.008466904501392836,-0.7753761012040175,0.6313998207438972
3.879773401961725,-6.42734339260333,0.39771842247483313,-0.006126166571246908,-0.0120561975173066,-0.7785331172669429,0.627457798843879
3.8819828322479815,-6.45059267094494,0.3985719407057413,-0.00592111391653633,-0.012453434322659709,-0.7808504823797928,0.6245657604418346
3.8811624814473253,-6.473230062256949,0.40001152123109485,-0.005247768696132045,-0.012977821455468715,-0.7823048010806791,0.6227385047801504
3.880052442778158,-6.496117518687667,0.4021908065432642,-0.005380846321847514,-0.011822834770569538,-0.783480630777089,0.6212804291840954
3.8772325395779808,-6.517586441647791,0.40454580894875924,-0.00425051808066603,-0.012093982621448531,-0.7841860724221094,0.6203933311233327
3.871936891665506,-6.539051165792216,0.40591190395627974,-0.0034883813218156054,-0.012608078175742218,-0.7841892107178348,0.6203838555975835
3.867860730954422,-6.559975470926425,0.4069508437268645,-0.002920303993811203,-0.013238311890579973,-0.7845530000641845,0.6199135513564122
3.865841840457549,-6.58174528624993,0.40750939606464964,-0.0032009954005539935,-0.013269727167589668,-0.7855165978088118,0.6186900259101836
3.8630791211751174,-6.603678745336996,0.4049115369854679,-0.0043649843437092006,-0.014418524930902036,-0.7862803049710622,0.6176862843943578
3.86107976908092,-6.626465777418773,0.4040317518227603,-0.005251507799232428,-0.014693405025340249,-0.7874339768233599,0.6162014883438338
3.861037788468216,-6.649177624590721,0.40544906464346253,-0.0055264330990843465,-0.013912591279624823,-0.7891886661028942,0.6139683792063433
3.8605076002747,-6.672163793431851,0.4072096475308844,-0.005178176269553183,-0.013645844815569757,-0.7908050603390996,0.6118940287408394
3.8600405261711606,-6.696185079940167,0.4084339249168476,-0.004381122202271397,-0.014540013685322166,-0.7925883521410483,0.6095679540078233
3.8589184032138477,-6.720299686360347,0.4087175717294427,-0.004101037409163754,-0.015451991855068507,-0.7942588488764014,0.6073691599746278
3.8580425282571724,-6.744689991637927,0.40894192482498326,-0.004625131912441641,-0.015586368120193927,-0.7960703287973695,0.6049856966176114
3.857065517115941,-6.769687123001449,0.40767258570048615,-0.005533183448807866,-0.01599191006649649,-0.7978062215898942,0.6026764254052439
3.855339678019898,-6.794974470349001,0.4074914707929729,-0.00539231966610569,-0.01705195966903974,-0.7994594185685274,0.6004538041815035
3.852739741721523,-6.824306583959194,0.40919075306901176,-0.003991789273825095,-0.018577655265849393,-0.8011350549124925,0.5981818985458051
3.850259694442634,-6.849852657041448,0.41069529856907083,-0.0029332155156892165,-0.01963519115455565,-0.8026125024852335,0.5961702985096592
3.8466605949899506,-6.875143232037312,0.4119848737896037,-0.0034423260225713006,-0.018727393223935428,-0.8038403611359649,0.594540252065993
3.842732244557914,-6.9005310513387546,0.4154456769683339,-0.0023152915887066465,-0.018208853930313535,-0.8049964995489708,0.5929955470145514
3.8378316031591537,-6.925814765227578,0.42028486438235113,-0.0006536919866505182,-0.017228833352923058,-0.8058740524316889,0.5918358956745408
3.8323810308720434,-6.951480817392962,0.42450810105476133,0.0017506862886599319,-0.017815129134573435,-0.8066743730119446,0.5907249752080512
3.826178029042664,-6.97687528106525,0.42768855475516254,0.0033002846098672835,-0.01818839719636263,-0.8072517525465961,0.5899177024915022
3.8194918263777535,-7.002738097249995,0.4300975115000938,0.0034402849993695533,-0.01714097400967464,-0.8077052031256844,0.5893272955733612
3.8116256799512,-7.028331959721646,0.4291518169422144,0.002827092836630012,-0.01790775390921012,-0.807715216953749,0.5892940321713013
3.803236245039631,-7.053208979221704,0.4287555881397589,0.0026746185041555057,-0.01858945180684002,-0.8074922898475758,0.5895790680965802
3.7935138069170558,-7.07749723584463,0.428913566119133,0.0030073476304048686,-0.019638559666246013,-0.8070015907705969,0.5902149788013007
3.783369361458258,-7.101498947100289,0.42987412951515225,0.00280870124144592,-0.01926826178688012,-0.8062903373639823,0.5911994096169569
3.7743001297574157,-7.125771650165282,0.4295428932071874,0.0025725159396220287,-0.01959573243623327,-0.8056756698573684,0.5920271409758722
3.7638065254212805,-7.149416983383377,0.4303966115202744,0.002865458725962748,-0.01990663895765599,-0.8047513618468707,0.5932712632655583
3.7541676720481685,-7.173335627237886,0.4282384137485482,0.002483281559834881,-0.021522992942022916,-0.8039389247615741,0.5943170775781708
3.7426393124329698,-7.19656903105774,0.42681513975905716,0.0016925966648230128,-0.02223584696889033,-0.8027186261485553,0.5959408770277
3.731745377744252,-7.21882542091449,0.42894729655424646,0.0018000600648587861,-0.02215954919393043,-0.801494644830584,0.5975885415213538
3.721173628251182,-7.240669963819002,0.4280967822499657,0.001576815699380684,-0.022598340502350857,-0.800283371398288,0.5991939136674767
3.711095285976548,-7.261561496669621,0.43124323254297625,0.0020596243941432175,-0.02171310980846361,-0.7990348414436618,0.6008890271090072
3.700434850034668,-7.2816462635680335,0.43415653750965255,0.003207245287893978,-0.02115532298374524,-0.7975772958051743,0.6028371534156187
3.6881415616434072,-7.300790106086229,0.44027430454467265,0.005765010511072927,-0.020362826297218174,-0.7956617718655032,0.6053713320223811
3.674970699361036,-7.318901896472131,0.444318523879486,0.0075232638523102194,-0.019801931575239934,-0.793274620777989,0.6084953953373635
3.662179146441085,-7.336640137281043,0.44566198701999316,0.007827452968805992,-0.01942651009661243,-0.7906822897990274,0.611868330205115
3.646293340830662,-7.352870484823571,0.44671307171994545,0.007825067462828177,-0.018983742113981485,-0.7871180353336491,0.6164605440709484
3.62845067898043,-7.368282231437014,0.4468128103858513,0.007391894857224019,-0.01890739465491165,-0.7827155397191392,0.6220484180280385
3.608421401074553,-7.383342321862189,0.4449621674268638,0.0060430396601746095,-0.018881522681028568,-0.7774980239530938,0.6285728050429156
3.5864299344900386,-7.397995031536274,0.4411229035982416,0.004610180697075497,-0.020449854656714957,-0.7713724648723094,0.6360385895268432
3.5604585341988257,-7.412181516332074,0.43837452907670915,0.0036960843732985996,-0.0218130151101633,-0.7638074568653943,0.6450648728633703
3.533219065427753,-7.426838871747792,0.43790734039315815,0.0033767054142301808,-0.0219448228779261,-0.7554183369040919,0.6548665257131523
3.503324627433873,-7.441832270624108,0.43934127886334906,0.0026975927247964463,-0.0201780506842376,-0.74589047743217,0.6657574410490938
3.4712631793658915,-7.457342348109849,0.4412481684666254,0.0015177061000881116,-0.01778940679567648,-0.7353728267386123,0.6774275233482324
3.438952645056878,-7.47340243276213,0.44256955507317297,0.0002607120315151615,-0.01582090722338776,-0.7242925358318917,0.6893112229753394
3.4092424405372883,-7.490525959149274,0.44508686980203294,-0.001012277447292126,-0.01311071058650091,-0.7136172211963199,0.7004124086729449
3.379620180326709,-7.508448710520161,0.449675821873039,-0.0009998314630732686,-0.010347329726268997,-0.7026804678010373,0.7114296257187459
3.3502261592909965,-7.527412659628137,0.4539707933976789,-0.0007623012462180998,-0.007946777917454233,-0.6915164770580886,0.7223165667421785
3.3205032529941514,-7.547392721595566,0.45689817490556184,0.00010414622379489314,-0.007038530674838894,-0.6798675446452466,0.7333011588079009
3.290982010513503,-7.567757930099113,0.4592757304775157,0.00035555859033158463,-0.005986571688542881,-0.6677840822364548,0.7443308774785639
3.261094603446973,-7.5888995102029355,0.4604043022329867,0.00045742424717485085,-0.005566397809690961,-0.6550447515591614,0.7555694492254652
3.2296558830324047,-7.612226217171763,0.4602220306666719,-0.00012981874400973798,-0.005557784187878405,-0.641249971935538,0.7673119114884955
3.1977679961195133,-7.636377172580394,0.4575938077001335,-0.0011425973775862058,-0.006577330778409784,-0.6266179125813592,0.7792980366174745
3.1650323790658383,-7.663409089281581,0.45542675113849146,-0.0014522721273588913,-0.007944868273384528,-0.6109612991702286,0.7916192612550682
3.130911144714868,-7.693115489771229,0.4547513107210349,-0.0022152808989249154,-0.008031003711099136,-0.5939509182371472,0.804458145677189
3.097872344865668,-7.723784776435915,0.45308164292230635,-0.005285904427118264,-0.007277716665599491,-0.5762309218870661,0.8172374308924492
3.064757282898764,-7.757702154619976,0.4494172818588617,-0.008858838266767735,-0.007440399467452261,-0.557474493867751,0.8301134573204769
3.031537336017731,-7.794095219482054,0.44735388393705744,-0.0106226358129814,-0.008104052483787986,-0.5376400957136903,0.8430685762014912
2.9990703329136736,-7.833618856196523,0.44579835156357306,-0.009956262923437459,-0.010000876404819621,-0.5171729013639131,0.8557645904552036
2.9684112603672914,-7.874678277857942,0.4434259386802286,-0.008778239865507432,-0.012527179098610659,-0.4961289243174115,0.8681141052633545
2.9398766329344026,-7.918634970388508,0.44229285205430147,-0.007228592289333799,-0.014454275651576412,-0.4744755909536096,0.8801202908712175
2.9150216336572394,-7.963583254334106,0.44486263451821223,-0.007292380885143132,-0.013499491240177528,-0.45311697053035804,0.8913190212247926
2.8926261224383207,-8.010795776419739,0.4483745071738203,-0.009256285682042991,-0.01116001776288546,-0.43118359913022086,0.9021477094120012
2.8720743607877894,-8.060128838090428,0.45143510926120234,-0.011132108657133112,-0.0093349094952447,-0.4086916355130468,0.9125568917580713
2.855319905597501,-8.110628740016256,0.453977939413174,-0.011205585421065874,-0.008772551026439998,-0.3863491315577035,0.9222428266913791
2.842470940576654,-8.161477498825176,0.45466821524659906,-0.010773534055977562,-0.009146266423828403,-0.3643314631923764,0.9311621054831294
2.8327734808261518,-8.213033761601428,0.456446821421558,-0.010225934799555199,-0.00901897586624762,-0.3425686608775995,0.9393938486031845
2.8276181882282527,-8.263969121572904,0.4582612827736865,-0.009138964453782391,-0.009073138946425826,-0.3216249988881331,0.9467795471826796
2.828533548137708,-8.312701422831006,0.46039794318930793,-0.009353132509891253,-0.008540713673070379,-0.30224275065155304,0.9531468326381903
2.833354748075114,-8.359637404727247,0.4625037841930464,-0.009379419694619208,-0.008010499737554945,-0.28419094769828546,0.958688352311271
2.841915986926466,-8.405365107888148,0.4649341364486861,-0.00968674505275769,-0.007085404534105217,-0.26744463624586057,0.9634984865909166
2.85480105870488,-8.446645941637692,0.4689216945796435,-0.009360910772222435,-0.005740173585001799,-0.2527109003247844,0.9674795187524513
2.8716007061144113,-8.484482891307392,0.4737358560160634,-0.009186166552528408,-0.0038768096269319405,-0.23990747133213527,0.9707445485047695
2.89227794604367,-8.518908030248285,0.4777278638709008,-0.008427247929724173,-0.0024710143678361657,-0.2291162532996003,0.9733594474299504
2.9158580677957544,-8.550548378289667,0.4801247575771619,-0.006983541320949917,-0.0019815212685818724,-0.21983889376273008,0.9755091823133987
2.9408577244226106,-8.582354420675147,0.48134006629065373,-0.004763131836651946,-0.0021735671877746864,-0.21087648543753776,0.9774986891359676
2.966661859733711,-8.613289959982138,0.48202406618944793,-0.002495799864719214,-0.0025177807637290638,-0.2019347722871206,0.9793925515155902
2.9949485588788085,-8.643700975510278,0.4834183737820164,-0.001242048416339614,-0.0024830596393240214,-0.19321660646212774,0.9811521936983951
3.024909994504908,-8.673083661148747,0.48289882365177234,-0.001326871804705196,-0.0030311761367593985,-0.18474811971445754,0.9827803380582839
3.055872486525764,-8.702592591110385,0.48294640047829207,-0.0012921687724733479,-0.0032289540551850107,-0.17635781809545945,0.9843199729676935
3.088687190579173,-8.728674850556864,0.4847020801790105,-0.001593716590437971,-0.0028743977390192407,-0.16949480716268805,0.9855256092318828
3.124008819650671,-8.749391184930467,0.48591055784499737,-0.0032800499741988546,-0.002130668137853644,-0.16505724859117318,0.9862762361984472
3.162371197682175,-8.76497846101617,0.487942112128839,-0.004872432134954786,-0.0012930486540704135,-0.1633647850288201,0.986552849276214
3.201614502757211,-8.779785949595594,0.49012394951302374,-0.005841590500786269,-0.0004892783623984958,-0.16259920912686082,0.9866747860692566
3.242083176178528,-8.793358566132023,0.49035345667537933,-0.004866736735162546,-0.0007269492382010684,-0.1625007093803044,0.9866961632904797
3.2829137217599946,-8.807375286522749,0.49087577684518924,-0.0038792076485266577,-0.0009211549550341262,-0.1624314479741355,0.9867117787142818
3.324370600784369,-8.822186593312459,0.4901487535575759,-0.0024836861192647727,-0.001961602692044478,-0.1622649622295738,0.9867421480426503
3.3661163419881133,-8.83663801576603,0.4898099357379848,-0.0020531095986886373,-0.002580236668933583,-0.1621732074892921,0.9867567962656957
3.4085222486679596,-8.851113194437726,0.49087969341073046,-0.0021408786353672377,-0.002400662247674092,-0.16217675552564664,0.9867564791415202
3.451331759374624,-8.865228615206522,0.4936782542335518,-0.0016869469375036617,-0.001539365190439983,-0.16236535402466507,0.986728073462673
3.494779790880864,-8.879282042482982,0.4971165658394863,-0.001214326676129715,-0.00025333255137537797,-0.16260390539299205,0.9866906434659855
3.5387673750334594,-8.893458743336309,0.4988652330401721,0.00019425294052471858,5.148018641905258e-05,-0.16294837120365321,0.9866345826508501
3.582136452998955,-8.907359742390204,0.4997632559752362,9.377359637343276e-05,0.00013598538996949973,-0.16331393912872072,0.9865741385159159
3.6248661310370425,-8.920844732212998,0.49911202172884694,0.0005233080987627831,-0.000661782730976927,-0.1635560801120267,0.9865336742183436
3.6683882836285893,-8.935555342002706,0.5011266652200315,0.0012012068505178996,-8.229576269311556e-05,-0.1636288099255889,0.9865212355313284
3.713033889539642,-8.95035925786659,0.5048500925723067,0.002314134398339607,0.001243150649735886,-0.16368000912860076,0.9865099824249524
3.757388882174043,-8.965407576188097,0.5070316404076278,0.0027512768139699535,0.001917189620155579,-0.16363883424624567,0.9865146196266191
3.8010937952136388,-8.980477176004042,0.5080192506711605,0.003790527789917963,0.0017591295743723475,-0.16365489752884355,0.9865087966874763
3.8449711668400264,-8.996566222046294,0.507987675969924,0.004859165789290259,0.001258094408600395,-0.16320589060946378,0.9865792662918029
3.889821744368807,-9.012613909946465,0.506531207028349,0.004874622447879468,0.00037789367289133935,-0.1629719924663541,0.9866185808720852
3.932810996992078,-9.027143054702844,0.5061313220196711,0.005290747327172841,-0.0004133049674806558,-0.16283283088248607,0.98663940050226
3.976652198867077,-9.044331301043371,0.5063216162353735,0.005386991682354567,-0.0006777619865054343,-0.16197391975687095,0.9867801046135583
4.020384194593767,-9.059683606620624,0.5069055305704261,0.005290995627778379,-0.0007013465660797987,-0.16143363452052614,0.9868691424171211
4.062932463616759,-9.07411494079773,0.5086083671080098,0.004955933528602105,-0.00012765688026070788,-0.1609986878752657,0.9869421681067904
4.107108083047501,-9.091716535189045,0.5109812854059959,0.005133633939312902,0.0003597326191142603,-0.1599890667426671,0.9871053749187593
4.150235348542479,-9.107228824420371,0.5124278676122677,0.0054754431364938665,0.0004972218853845914,-0.15934487649038193,0.9872076739634502
4.193273527963834,-9.123129780001689,0.5125978008587222,0.0046950646708450545,0.00035698026700085205,-0.15851260057603392,0.987345731431096
4.235973279527251,-9.138036795045538,0.5132891695891684,0.005013171289189441,0.0002548213263551197,-0.157833166044798,0.9874530382699441
4.279201936866992,-9.154369073962961,0.5152671120455592,0.005498562066319618,0.0008174942311090846,-0.1568738360093443,0.9876030038277495
4.32331382410859,-9.169799297249437,0.5171322930882774,0.0061893551754932195,0.0013399412678640143,-0.15621738532957544,0.9877023999512626
4.366374626185707,-9.185023195817118,0.518541626756744,0.0064027600610438735,0.001581679921940863,-0.15547156325773975,0.9878183494546736
4.410931879654123,-9.202287350174997,0.5188490306644629,0.006695675083437362,0.0014710479474475447,-0.15423308379909342,0.9880107087156323
4.4542703466560605,-9.217329094380247,0.5199264726944355,0.007760340218673275,0.0014723628507958824,-0.15352780537554472,0.9881127632271347
4.497160791077405,-9.232650240320705,0.5197166953715575,0.007503532536030597,0.0011287129114288632,-0.15252334338283294,0.9882707406793233
4.540036880239973,-9.24870973393488,0.5198768279386514,0.007743159027442087,0.0008081021611145795,-0.1514166789431062,0.9884393588159277
4.58212096167593,-9.262938897847368,0.5218437292562359,0.008535060608357504,0.0014460682233308686,-0.15057033418840707,0.9885613945311297
4.623926393971772,-9.279792336963354,0.5264669169506382,0.008823823095985991,0.0033721207253863336,-0.1490170662801917,0.9887895068752852
4.6649237020952405,-9.294109439657674,0.5292985760704694,0.008550635341716906,0.004682863859169942,-0.14794443116268496,0.9889476248393965
4.704704509637346,-9.309285372848423,0.5283640776275202,0.009252870870256124,0.0037306031030332966,-0.14660220228733092,0.9891452103874522
4.743490832369758,-9.322539733819184,0.5243658164347567,0.008678903747267814,0.0015422354307202488,-0.1455380009288655,0.9893133932995629
4.781942231402045,-9.336034639670638,0.5209708564694239,0.007555011991713994,-0.00020022073485058617,-0.1443808860794188,0.9894933166051706
4.819269351769698,-9.349778343401928,0.5214608340633853,0.007335593984225641,-0.00047163628924291136,-0.1430735706757161,0.9896847631105258
4.85514584117864,-9.362698355476269,0.5237292700978435,0.007176916827451369,0.0003369205693372471,-0.14185786008790757,0.9898609608491498
4.890753842991057,-9.376627867065105,0.5281740575335325,0.007880250954050084,0.0019847773012777975,-0.14011715876964304,0.9901015815252956
4.925392668636123,-9.390837967940849,0.5314661918869623,0.008511005231462717,0.0033048329256780925,-0.13793280118812817,0.9903995067742534
4.958542021994764,-9.40467086789619,0.5340533677158121,0.007825090006456441,0.004473172766224658,-0.13572503861086996,0.9907055473072408
4.991297317100953,-9.417911469465599,0.5345301963642672,0.007976122257208357,0.004398140945375791,-0.13367537260902151,0.9909833148745949
5.022644575612813,-9.429569330775669,0.53400844630763,0.007025034939660665,0.003884076120216164,-0.13187712421607484,0.9912335698592858
5.052572202126321,-9.440517379653727,0.5328506683740821,0.006859779289253148,0.0031405856578997113,-0.13035973847261448,0.991438049455731
5.081356957811494,-9.45028105766059,0.5301556889826293,0.005078262502706236,0.0018445654682302413,-0.12943310258847196,0.991573444093263
5.109226555799338,-9.457669588426072,0.5301115381257313,0.004729522515402064,0.001445983255797469,-0.12936442655744684,0.9915847824988123
5.135899529441206,-9.466321298067335,0.5289638634580056,0.0038137060640654496,0.0007519741501028133,-0.1285008736656749,0.9917017731476365
5.1611689305453545,-9.47389073730998,0.5265625486492833,0.0036895309424022915,-0.0006783811733128573,-0.12787301150189417,0.9917834578121512
5.186438515663954,-9.480652170951636,0.5254223667574671,0.0037800594781149197,-0.0016165486077928308,-0.12775411948590637,0.9917973554804608
5.209774200700168,-9.487229289044972,0.5270299200262734,0.0032748897949684257,-0.0010988269312227615,-0.12741566201729349,0.9918433966887075
5.233429574852648,-9.494819335867126,0.52851902005061,0.002810185903419322,-0.0005343185159621393,-0.12654806138604496,0.9919563534838747
5.256125978849279,-9.503380751239566,0.5287687057385038,0.0030157473925220136,-0.0006728034765332262,-0.1251442553335659,0.9921337473568896
5.277809067515325,-9.513293229704507,0.5288952798067205,0.0038161736597957293,-0.0009797544989542449,-0.12290007319062625,0.9924112277963925
5.299459607793743,-9.525451637731127,0.529279456876117,0.005320126233786416,-0.0012099728676098704,-0.11948210781695598,0.9928213632900614
5.319880313069761,-9.540947688080639,0.5307455854075899,0.006577134362074431,-0.0009046853793977762,-0.1141682272424178,0.9934392452194661
5.340004070754504,-9.560019608523493,0.53036820296606,0.0068667904040494365,-0.0013288799929237088,-0.10689280837278764,0.9942459470346404
5.358130100771935,-9.582117452524876,0.529214630580725,0.006849996246328995,-0.002021999986839155,-0.09765065342922119,0.9951951255637952
5.3765033805970175,-9.606907891373801,0.5288572213802518,0.006399414806474944,-0.0023561498657205288,-0.08647692505094377,0.9962305162072949
5.394438161957199,-9.63483613566198,0.5296326428689602,0.005425352146465812,-0.0020354089582037102,-0.07342111863013266,0.9972841890895602
5.412550513377582,-9.666880457172548,0.5314310070099715,0.005423927413875849,-0.0013291105797967923,-0.05824616007742352,0.998286634637554
5.431040747016351,-9.701597656546483,0.5335566663945457,0.005347913542302253,-0.0003409226443074919,-0.04125066766652439,0.9991344565477708
5.4515245984832355,-9.737073809617355,0.5352229231973653,0.004087629604003856,0.0005032762859125871,-0.02315353294629268,0.9997234334566187
5.472200253940386,-9.774300660717511,0.5384459173706364,0.0031887295828415788,0.0017683505865457023,-0.0037784509327814047,0.9999862163309009
5.49424564355195,-9.812996524042493,0.5407414601933915,0.00046291160210832185,0.0026260878467843237,0.017064279953392457,0.9998508357020363
5.517779982515182,-9.852370190463432,0.5420610573664439,-0.002103439140777731,0.0029649363833167347,0.03880242271297226,0.9992402960964868
5.5430799164078435,-9.893732593468226,0.5451667592171843,-0.0050936340185145194,0.003918366871401294,0.061694443080496875,0.9980743912040957
5.5709096647275835,-9.936409116447658,0.5493195136651456,-0.006230163246178403,0.0057449933719295266,0.08590809792928869,0.9962670194232269
5.6016577237923855,-9.978168016692884,0.5528364162330943,-0.007008767471085021,0.007367717075038713,0.1107072662773374,0.9938010289627917
5.634393435128548,-10.021392861267232,0.556560511964669,-0.00694943054295097,0.0090964077584348,0.13674469681482174,0.9905401732050091
5.670707850826016,-10.06717486033871,0.5609640724218288,-0.007089803810352156,0.011160857597369088,0.16445677712315596,0.9862956655467799
5.70840180570528,-10.108610114799399,0.5654925024300548,-0.007845583054512849,0.013149742810775314,0.1912753943868815,0.9814169656635883
5.748842707441401,-10.150560771125926,0.5688434835137053,-0.00950600022719177,0.014265741113780423,0.21919070851416156,0.9755314228455956
5.79405659525602,-10.191686770019281,0.5701315346051663,-0.0105278202964571,0.014641580202989725,0.24784811169154838,0.968631044898405
5.840359208209087,-10.229192148311238,0.5711694434931287,-0.012058409230907263,0.014738563122388564,0.2761256130637048,0.9609328866863386
5.88847584609357,-10.263835117671888,0.5703217421201615,-0.012816063197533298,0.014257917411927943,0.3039834442172022,0.9524843924162308
5.938791111273312,-10.295773474405866,0.5713088778715836,-0.012016602013973773,0.015228104022129593,0.33180767272599915,0.9431475920906871
5.992628166736303,-10.326433203070133,0.5777153714243193,-0.010667282564363561,0.01880956710444214,0.3600494718771613,0.932682574311744
6.045609708230935,-10.351392282224676,0.5778940936338359,-0.010138199671529598,0.019591399388935643,0.38678246461055266,0.9219071010884242
6.098196452579403,-10.372483591660055,0.5796828701436268,-0.010089677246137905,0.020844920885333462,0.4126217578996931,0.9106080239676594
6.15409896499941,-10.391335741657509,0.5829150603664357,-0.009490632021213316,0.023171010486116486,0.43873208326320046,0.8982689989720644
6.21029076231208,-10.40696379329238,0.5843392798894698,-0.010176730622232096,0.024010869869300715,0.464335987215453,0.885275098291356
6.264659312908762,-10.41844570789459,0.585054196740751,-0.01196495631774394,0.023543385051132223,0.48864790502620137,0.8720812908989516
6.319878822920469,-10.428590327121254,0.5815594618045541,-0.01479902569008278,0.02036388946508357,0.5131365285480554,0.8579377640530429
6.3718416991009175,-10.432048621516092,0.5805154504770229,-0.014260585251238984,0.020172577492339507,0.5351403587978577,0.8444018539193432
6.426222439043119,-10.432407825880562,0.578457048376676,-0.013935932822615498,0.019512009944973614,0.5571071749904188,0.830094375451284
6.476098997856235,-10.428994659289032,0.5751433647993758,-0.01428449897564936,0.0176707812093536,0.5769919417356498,0.8164337053199814
6.5219020657033955,-10.42190786916283,0.5723688680902086,-0.015512437138636308,0.01538817665147075,0.594899094101273,0.8035033457350492
6.56350958869008,-10.411659125105363,0.5703680892371672,-0.01653250729742096,0.01361321143307975,0.6107839702862886,0.7915076103335574
6.6020540143070905,-10.398773281338206,0.5678386905754245,-0.014863163288956196,0.013834320504163118,0.6247781926137198,0.7805382132524494
6.635123157285678,-10.383129337474447,0.5671132494515905,-0.011659166638974745,0.016768900307288927,0.6364663208781376,0.7710340416854284
6.663492509438893,-10.36495115596893,0.5685938612867023,-0.010402761617618647,0.019404541001421246,0.6462029506598052,0.7628479510558829
6.687712979862939,-10.344809021324602,0.5690167485613076,-0.012759127622265845,0.01828569628369687,0.654799716576999,0.7554734745686602
6.708180744083627,-10.322562310331037,0.5709669304827321,-0.015203232743147124,0.017829094077691735,0.6619951476874699,0.7491417869660701
6.7261231196291416,-10.298897344259496,0.5742631599441307,-0.017496973044937525,0.01819193856170793,0.6678403967533605,0.7438764178202134
6.74070731080951,-10.274996010364465,0.5713686886685383,-0.016323498496938354,0.018172614823345066,0.6727822101794335,0.7394372074854348
6.7595299687464205,-10.24928097615146,0.5656166648339997,-0.013319754933148424,0.01779509518608312,0.6789008761407619,0.7338934014194415
6.778386251626664,-10.223845330415315,0.5603703312453696,-0.010296141385894422,0.01754515099545547,0.6851540477811712,0.7281140641027684
6.796705868162266,-10.196348154702706,0.5568650862967983,-0.007955336332260064,0.018186997733845935,0.6915933310156885,0.7220142657460286
6.812874279673208,-10.166773310778787,0.5567580424817544,-0.008016627585744365,0.019024801708276858,0.6973164013318701,0.716466067270233
6.8247780827546665,-10.135956338720154,0.5597826901955827,-0.010806818992970675,0.018818131518318192,0.7020384685283646,0.7118083135532366
6.84132232520523,-10.101901102539234,0.5593786837121844,-0.01323087723190859,0.017407238145588234,0.7079085375752737,0.7059656036040917
6.852292478451038,-10.069416083305782,0.5599297210282794,-0.015285539458767644,0.016403936160415487,0.7123759413991917,0.7014397735967054
6.858102678437834,-10.035696897390956,0.559758142197375,-0.016252398913216927,0.015962473841310304,0.7150971475144694,0.6986537837287494
6.860870764431261,-10.00128282883831,0.5586244935281465,-0.01695662232950492,0.015562702571942111,0.7166493459381725,0.6970537936443675
6.862682388731607,-9.96511852699383,0.5577848051410732,-0.01787147356766392,0.01503116715040834,0.7178050194804942,0.6958524366913854
6.865319150115941,-9.928921702966363,0.5569965989211689,-0.018708587742801305,0.014406164669220995,0.7190178721646007,0.6945903328136899
6.862767593529437,-9.890696435820454,0.5555081274198933,-0.02031449391418393,0.012534224110737253,0.719092307178477,0.6945044880314156
6.859332060722975,-9.851312111314666,0.5529372698149728,-0.022123686141464274,0.009986487998878886,0.7186286521723224,0.6949702656930203
6.851438989748367,-9.811694064983108,0.5521043427125707,-0.02426016401926803,0.008070935278054322,0.7164003645883793,0.697220775820777
6.8444044308777885,-9.762271731001919,0.5492749717095147,-0.025221915066956275,0.006603938454017895,0.713847842961008,0.6998153351142212
6.833846281813032,-9.721125055286937,0.5491949575721162,-0.026533879192061113,0.006077016460348094,0.7105383556495047,0.7031317737041138
6.823393876618842,-9.679381034610165,0.5477754966798414,-0.027536672798437627,0.0051788910888807245,0.7070407378556349,0.706617515164613
6.813675317721744,-9.635226580814479,0.5461393325944215,-0.028408790860827565,0.00425522879255433,0.7035194928546068,0.7100951716873259
6.80467224584965,-9.591227355094553,0.5442942570124831,-0.029344130527119074,0.0032931725304827246,0.7000077176385698,0.7135245512631943
6.795836973608368,-9.544809512601,0.5416363170192922,-0.029887154333943327,0.0022413943699178306,0.6962928247125665,0.7171318180491496
6.786773570540267,-9.494223898843241,0.540525872875472,-0.031157426918443677,0.0016100065737701022,0.6924921225090762,0.7207504899140812
6.778208866854489,-9.445961421957849,0.5391663248094707,-0.031670508938799184,0.0016139398530600135,0.6885386906236525,0.7245059460087199
6.771112595783129,-9.396761896291906,0.5385164728102687,-0.03298590078032326,0.0014620439467601298,0.6847513892897847,0.7280283908081713
6.763864469297234,-9.346890029985222,0.5393871618143411,-0.03352935370262894,0.002466302033657877,0.6811996474431756,0.731325329411635
6.760272118934177,-9.296992824478819,0.5385591797036113,-0.0343793519100851,0.0027063323235973023,0.6782816127300121,0.733992353896401
6.755277326339277,-9.247474653425918,0.5369399035823683,-0.03456273044085498,0.0029506110921414604,0.6750048848113471,0.7369973571619484
6.751920993897015,-9.197293834412722,0.535167342273386,-0.03451896599401944,0.0030558612570684017,0.6722025898978903,0.7395558128251255
6.750585310420994,-9.146160325811133,0.5337784337863773,-0.03403684929227046,0.003627130661754651,0.6699422671342575,0.7416236831444224
6.753718186427942,-9.09712592351884,0.5316785565157858,-0.03307255673482889,0.004252158312818183,0.668841573832636,0.7426567626965802
6.7566475810166,-9.046919781355006,0.5289712474647636,-0.032797421295155636,0.004066858284814008,0.6679139681344767,0.7435043598494875
6.759152702307676,-8.995931237676313,0.5278800289018157,-0.032986594340995976,0.00401027863426314,0.6671010589257556,0.7442257549621767
6.763185379243646,-8.94595938471017,0.525677025314458,-0.03301444314925121,0.0036813771136532244,0.6667163406702734,0.7445708943266617
6.766940160453175,-8.8964070549141,0.5234637400384781,-0.032716311860187634,0.0035006288637389627,0.6662027738734048,0.7450444672222043
6.769596234192275,-8.846818871192802,0.5215131602928844,-0.03314363514096584,0.0029077229577704738,0.6655215605755647,0.7456367113903559
6.775337313781603,-8.796356309111777,0.5195214485207487,-0.032999078428506225,0.0027604299818353648,0.665383836308525,0.7457665692192573
6.779750724665238,-8.745393333700019,0.5178521573166943,-0.03349527284442093,0.0025376444266579173,0.6650484515722466,0.746044364513042
6.7862408969317976,-8.694717184622757,0.5155983586679103,-0.033140122952044986,0.002540974003230837,0.6651103006209288,0.7460050779846088
6.791292518740019,-8.645317102391413,0.5153081067428591,-0.034083147816210156,0.0021887479134982597,0.6651091944562433,0.7459646695006924
6.796475198168552,-8.595498663578319,0.5138553239905885,-0.034174185854930365,0.002076944705752579,0.6652505109130242,0.7458348111996225
6.804628075746186,-8.54587122119949,0.5109959432676661,-0.03243000158795222,0.002520111877176918,0.6659961927265722,0.7452456087408863
6.811229028481571,-8.496455650968072,0.5078765497828348,-0.032281153910491224,0.0016096742721908657,0.6664627607512348,0.7448373796643929
6.816102095728284,-8.445951993299268,0.5076781977541893,-0.033616728132604724,0.001360401338624093,0.6664636459308916,0.7447780122149981
6.821967341034337,-8.395362673358374,0.5100268179540306,-0.03471788196813234,0.0029350759441433135,0.6666549424537934,0.7445517140385123
6.8289244598161005,-8.344510587015572,0.510396687869676,-0.03532814845938144,0.0038134572590682015,0.6670953336827291,0.744124453661763
6.83432898755212,-8.294787232921383,0.5087794800851793,-0.035275834332186375,0.0037837663021958075,0.6672174090047047,0.7440176308980563
6.839175156107852,-8.243689607940434,0.505873497196049,-0.035468873515463656,0.0027371424303063874,0.667195249541143,0.744032894556488
6.844805728197054,-8.19298409139105,0.5028685114780735,-0.035352624723676486,0.002358177286521639,0.6672861181158221,0.7439582380923044
6.848769899725076,-8.143120265520091,0.5012784838771065,-0.0352651762963737,0.0026207507507869056,0.6668226337448672,0.7443769672869862
6.852253418788646,-8.093195115808403,0.5005779476153904,-0.035919270827991,0.002584335313560797,0.666209413020015,0.7448947206917954
6.855809618881075,-8.043412693148248,0.4997804228359417,-0.036051725753780024,0.00284475675049268,0.6654934776731397,0.7455270672281195
6.859620901573752,-7.994462958308189,0.4973742626625164,-0.036077282889802956,0.00240656802898246,0.6649890082040717,0.7459773889147429
6.863344199723523,-7.944716293836572,0.4948897398976655,-0.0356626695720446,0.0021930082966808606,0.6644053680847771,0.7465178322992065
6.868141554487147,-7.895387535703228,0.49166296169599377,-0.03497422963591671,0.0019215601083993027,0.6641050207471064,0.7468183391717725
6.873267850698052,-7.846515960028551,0.49012891155459926,-0.035014736894752596,0.0017180742882021212,0.6639520757225832,0.7469529153173012
6.877532276051403,-7.797151935475269,0.4888249723848457,-0.035230569922350095,0.0015946258540930978,0.6637201966165758,0.7471491017899338
6.8832985157633475,-7.748410686133085,0.4869933798460959,-0.03513292526693325,0.0016173707430370316,0.6636961109116785,0.7471750260811174
6.8877882302689475,-7.700182361910873,0.4861223092680529,-0.03501866444588591,0.0020252999452653846,0.6632450074156087,0.7475798658039158
6.8923175774737135,-7.651027248354461,0.48583076944185954,-0.03540727405010151,0.0024467036905400307,0.6628988839171286,0.7478672289957056
6.899364976783062,-7.601355522527852,0.4848546966958551,-0.03527507950636949,0.0029726215576172535,0.6630679763005437,0.7477216598793549
6.905187500859071,-7.552862908360337,0.4831598171921456,-0.035178637948324265,0.0029004435118908677,0.6629702735304309,0.7478131297575534
6.908591607959973,-7.503546911705555,0.4795774288989243,-0.034137275010543366,0.0024762282663352625,0.6625726175273993,0.7482152331064491
6.914260141770452,-7.455413378808891,0.47599807634375235,-0.033354549693057595,0.0016826509234381603,0.662547422031883,0.7482750609347648
6.918530119939095,-7.406670071509181,0.4728389381232887,-0.03296160880795411,0.0010487097971089215,0.6621653022342909,0.748631777813657
6.923369230765026,-7.354894941270052,0.47027402014927056,-0.03309986557007794,0.0006650885566885902,0.661851573591924,0.748903496202149
6.930511618099132,-7.306021959197759,0.4693146887805444,-0.03317047703096498,0.0010204259923488402,0.6618012647262794,0.7489444400056259
6.935325052312741,-7.256841998596669,0.4690748824891102,-0.0331817898938901,0.0014873769658163014,0.6613930974786253,0.7493036310565308
6.940887426991785,-7.207256311905436,0.46773783835866034,-0.033309312402951784,0.0014838971610786108,0.6610938273618715,0.7495620263329654
6.942734832012098,-7.157692327246228,0.46572789918775026,-0.03315654770722517,0.0015862002756859928,0.6602176541008554,0.7503404341378929
6.949265448056033,-7.108044405363828,0.46484165481861517,-0.031976051782573754,0.0035063368569342485,0.660045369092302,0.750536694327087
6.95373707941291,-7.058545548061878,0.46522784356798663,-0.03195142974140531,0.005067746446873764,0.6594198537514235,0.7510784834017892
6.958811983971169,-7.007414796101903,0.4642559731993412,-0.03315886209110551,0.004091138267696441,0.6589986791577604,0.751401671790099
6.96410115560273,-6.955986782516521,0.46015966669666675,-0.03191076345321141,0.0033832679617189615,0.6586181582530666,0.7517927890608281
6.969311642577909,-6.903895600331552,0.45284511805912153,-0.030068976025140085,0.00177738089765304,0.6583973566089085,0.7520675671176199
6.97423009828038,-6.8534382875780695,0.45030578589287007,-0.030370493968168343,0.00113749482356101,0.6580519228741338,0.7523589587234125
6.981837893748899,-6.802326110125941,0.44903139599149977,-0.03090311381193335,0.000618669734764842,0.6583937576496264,0.7520387476934303
6.991221864552931,-6.747842161933442,0.44856830093969435,-0.030756267391325715,0.0014488396092435835,0.659160243238872,0.7513718996824882
7.000408113528888,-6.696454349255373,0.447954521377695,-0.030403088071057058,0.0021462548127829124,0.6602683132450825,0.7504110749539582
7.011503205770408,-6.645878036550395,0.44646428697104135,-0.02972836576751689,0.002875462558148862,0.6618982426726102,0.7489984438529708
7.021605968714876,-6.593848500413607,0.444761531619811,-0.02984481124939861,0.0027420485080557945,0.6634959938041599,0.747579308938536
7.032493962092316,-6.54484592413562,0.44331740458096647,-0.02978662671984426,0.0027144511557796736,0.6655474695746952,0.7457559467449267
7.043070131742135,-6.493245892774907,0.44416200318506416,-0.03064421788007147,0.0031615029520977757,0.6674876475724152,0.7439833171908665
7.052838620369368,-6.440776550374548,0.4433760543225862,-0.03116369295839518,0.0033683321173744586,0.6694262943936464,0.742216895173854
7.061269336889646,-6.3881242110801555,0.4422561975893853,-0.03185657687550044,0.0028134035433423016,0.6709726295099615,0.7407921234830228
7.068774978365105,-6.336083115071871,0.43753622123241787,-0.03116954326766228,0.0014630829410743494,0.6720889208867256,0.7398126792526415
7.074709780239847,-6.2838468320481695,0.4331861107468242,-0.030846168525735764,-0.00026089285464572993,0.6726585717501312,0.7393097475018217
7.080308307458701,-6.230890327730158,0.4285386975460632,-0.029934076696428117,-0.001537280914897907,0.6729871371062168,0.7390466247309282
7.0863799631646,-6.176933884269888,0.4262782388166899,-0.02866842452144967,-0.0009273492379966604,0.6733647760255408,0.7387537730793524
7.093018151259678,-6.118246354994123,0.42654207538037614,-0.027753539604592176,0.0009887691689166248,0.6739731628924015,0.7382336719764002
7.098297557436603,-6.065518511337035,0.42755990737865446,-0.0276829062801827,0.0026335730264746117,0.674254119659856,0.7379756703800405
7.103598378936485,-6.010246624905285,0.42882629685147755,-0.027935786197743447,0.004401947032867412,0.6744851498788856,0.7377465761798282
7.108687246683221,-5.958992327305695,0.432221010389779,-0.02957386269316647,0.00580208583006975,0.6748682526285215,0.7373225683608262
7.113472699904608,-5.906896362678442,0.4315859505034201,-0.02972789148516866,0.006474678796133036,0.6750878472983538,0.7371097028981234
7.119127062049513,-5.8522339412635205,0.43087880214654106,-0.030641129256156793,0.006295812268245245,0.6753342380695565,0.7368481214003667
7.123938203006858,-5.796952089129689,0.4280475770572165,-0.03111308876214637,0.005828574817361381,0.6754146306382955,0.7367584971732212
7.129225925892076,-5.743030200974143,0.42632657402474017,-0.031184761202102423,0.005604770378878555,0.6756717564974596,0.7365213944946214
7.132746515944434,-5.691133013967355,0.42436583266103334,-0.03151743808849587,0.004944042165642548,0.6757647232164701,0.7364266845653069
7.13726999068654,-5.639439494251152,0.42060127011400184,-0.03131264534350036,0.003906344627203323,0.6760119810826786,0.7362146846699964
7.142158637875978,-5.5840773228399465,0.41864359730198775,-0.03137057781724517,0.003396839552364865,0.6761660686955155,0.7360732259644222
7.146822407246473,-5.531463802334159,0.41659317581735245,-0.03182631226481263,0.0025556193037100145,0.6763945088819991,0.7358471453025351
7.151252894196463,-5.478854472127533,0.4144511800198618,-0.030951063393206815,0.0030698244521916566,0.6765278720406546,0.7357599066921388
7.156799704106598,-5.4267553377265285,0.4126557034530718,-0.031189168445805594,0.0025209584419379235,0.6768509287154137,0.7354547673888469
7.160493504077935,-5.37401870032163,0.4116568970116079,-0.031365852439579296,0.002671393439861813,0.676666650433046,0.7356162538389329
7.1649313584379195,-5.3211032162342145,0.40980886169550335,-0.031091620860938054,0.0026740017917283414,0.6767229385216997,0.7355761178818612
7.1681038655935,-5.267171450551864,0.40753160944050126,-0.03106989179111745,0.0023889206079131774,0.676313929466999,0.7359540745616122
7.172981855775418,-5.213093165262197,0.4059779864251274,-0.03124372393200859,0.0021964810160045663,0.6764147655307515,0.7358546505497028
7.177624655542706,-5.1594383497304035,0.4064044767446111,-0.03182831858191291,0.002903142392751021,0.676511085776496,0.735738581503509
7.18034925269196,-5.10527063287952,0.40437335917819883,-0.03208381702893796,0.0025482866890728906,0.6763392054488059,0.735886824790748
7.1831229062090625,-5.051608367495165,0.4017306963183245,-0.03187049930538091,0.0021369931620897,0.676018824293998,0.7361917141703801
7.189260324298893,-4.997083047594521,0.4005066004740305,-0.03216763411370223,0.001669912334530004,0.6762659573190327,0.735953001448294
7.19341726076442,-4.944211710903641,0.39858753294724636,-0.032143794281534445,0.0018459856928267284,0.6762080567379034,0.7360068285535573
7.197948963054846,-4.890534342770055,0.39993033212956863,-0.033178870417451455,0.002646552185634448,0.6763234075540883,0.735852435687084
7.20113772671326,-4.8362520878789415,0.3995532894125633,-0.03345547956233677,0.003376484670640248,0.6761027073745194,0.7360397224340306
7.205296829676865,-4.783686460556737,0.39791917853393066,-0.03400303741282006,0.0028035929743878687,0.6762360680584617,0.7358945017501383
7.209735053362661,-4.73069654126536,0.3953496176998019,-0.03344117810773414,0.0026666980061766134,0.676346318489473,0.7358194233187833
7.214687491915091,-4.67731469238956,0.3932519838120321,-0.03406396353709029,0.0021097150478906566,0.6766018330210426,0.7355577108989955
7.218698851456551,-4.623226577427074,0.39376753253807806,-0.034896064062029594,0.00243689487287174,0.6766124799877344,0.7355079041406557
7.223676232790923,-4.571948231988089,0.3915948435884662,-0.03613958424703933,0.0011024443414557313,0.676903708868056,0.7351830303288465
7.226510496607348,-4.519491841913759,0.3866826883225283,-0.0355701835573647,-0.0006617349641672087,0.6767669376447363,0.7353372217834254
7.230965317051393,-4.467413198425629,0.38128066698740604,-0.03551440432345126,-0.0033029657278941947,0.6768198431627561,0.7352841233615585
7.2322418021510435,-4.414110066122057,0.37706656146719375,-0.03592485059525704,-0.0054613863512003825,0.6759299365131342,0.736069483321595
7.234009234422711,-4.360002339255244,0.37720007961654467,-0.03704700234606585,-0.005372231737083916,0.6751110347464364,0.7367657302104158
7.237065596798274,-4.306605226695339,0.3784057549974902,-0.03727843910996361,-0.0037124030643173175,0.674357960434651,0.7374536401717073
7.23827642507763,-4.251943702965322,0.37809427025776277,-0.03763816234192817,-0.003081860947524082,0.6733082274400739,0.7383968512538187
7.241407475301098,-4.198338635362372,0.3785861096748748,-0.03736225442715561,-0.0014451064108830633,0.6726401681316657,0.7390244819951909
7.24449603014326,-4.145176187153444,0.37804866385712543,-0.03749082367639064,-0.0008267876286987922,0.67188917452033,0.7397017449911837
7.245487993195673,-4.0932873370068785,0.37738745965395726,-0.03777336208366244,-0.00040962609056364145,0.6707581503826144,0.7407135155050303
7.249387925868918,-4.040482501198659,0.3758256141687255,-0.03825102194487357,-0.0007391788090506737,0.6701944830443902,0.7411987972144835
7.252591452545518,-3.987612792970294,0.37341988944238036,-0.03810815200508468,-0.0009607574384590839,0.6694390358689313,0.7418882908771433
7.256352139894371,-3.935036071795941,0.36965835566009275,-0.03758241778633904,-0.002092245207946493,0.6689405354598341,0.742362274120663
7.26045689217106,-3.881574179096765,0.3640350765407856,-0.03637489632941891,-0.0035546312639230214,0.6683538936258451,0.7429450059379847
7.264816312242188,-3.829108972167969,0.35937232038026234,-0.03524563474429978,-0.0046204039131682905,0.6680221258264352,0.7432919002565435
7.269482149518903,-3.7762277122546557,0.3573957292373171,-0.03524706927127847,-0.004901421519052268,0.6677432185864214,0.7435405932774808
7.274483614872111,-3.724746175507767,0.35841967414842557,-0.03572962278776631,-0.0037912620367154264,0.6677429282372216,0.7435243136928499
7.280537225224975,-3.6709907076836235,0.35902173821912253,-0.0349905981154303,-0.0017519143641694336,0.6677208946624217,0.7435868535600731
7.285877836896322,-3.6199614478406446,0.3583117133930078,-0.03432886311161464,-0.0009211449514383831,0.6679694306436678,0.7433959346065828
7.291250348775742,-3.567576842638798,0.35674039062141505,-0.03381466620684684,-0.0007819819771905188,0.6681482164024588,0.7432589915196344
7.2991774565157375,-3.5131764790195343,0.35490681512170674,-0.03385538037035823,-0.0004385752784134,0.668703551278081,0.7427578165366224
7.305878934548332,-3.4575177247497337,0.35666232807945475,-0.034476821382363465,0.0013359363002253934,0.6689914110759674,0.7424688872427889
7.3120280216654585,-3.4034045088835754,0.3597612252413196,-0.03657325867470132,0.002691899734039109,0.6691719836923175,0.7422021324823415
7.315998131676404,-3.3498688404340378,0.3595317468026096,-0.03694100346826762,0.003179745491622114,0.6688804453795562,0.7424447605086488
7.320020712500301,-3.296875757562223,0.353374716970122,-0.035101525316274695,0.001659056959543642,0.6686329651843327,0.742761792551299
7.325228809881012,-3.2441611029892963,0.34401019596957205,-0.03196992953100702,-0.0005057410901065276,0.6685032372347683,0.743021595466414
7.331920973528011,-3.190765768649656,0.33875840830962556,-0.030594807708160764,-0.001507262575429551,0.6685360164307214,0.7430486439068278
7.336786236702663,-3.1370251692842057,0.34009045604292076,-0.03097109081293871,5.355296332129864e-05,0.6682656221790069,0.7432777641127236
7.342134484698459,-3.082380377932737,0.34269030144463386,-0.03206297164846345,0.0018540394533565685,0.6682939331826592,0.743203710984667
7.347846025370754,-3.0296263876372755,0.3432110103405277,-0.03247093812707757,0.002825222825030934,0.6686178405863465,0.742891542392204
7.354953647775922,-2.975617081432482,0.3412029504866627,-0.032378629646058796,0.0026457092461405272,0.6691122906928171,0.7424509158230544
7.360973241879892,-2.9223953593266105,0.34008365810301244,-0.032511960650322455,0.002967469741516922,0.6696176705199478,0.741988102579583
7.368958562863582,-2.869017523468642,0.33985326636889956,-0.032202243438718206,0.003858753813227429,0.6706182201090368,0.7410933384943444
7.377820235413187,-2.815548155472695,0.33927919015167607,-0.03192518598930666,0.004968186170027597,0.6718918343134455,0.7399442375887143
7.386345797683097,-2.761107217063617,0.3365046896889463,-0.030953147758882794,0.005422779862915408,0.6731836502526296,0.7388073331007446
7.394180665761091,-2.706748883322982,0.33371103785895895,-0.030467781314368343,0.005163253145931128,0.6743891872147869,0.737729143655172
7.401122492094443,-2.6527379439325385,0.331379342730036,-0.03002157569754198,0.0050364664758309145,0.6753207450015032,0.7368956549150408
7.40745911250936,-2.6005388056497782,0.32942701478467873,-0.029704505334739166,0.005118387725501307,0.6761823517840497,0.7361174251621235
7.413246249807052,-2.547057875087214,0.3273469003259013,-0.03010738607268573,0.004333305724634074,0.6768743404400653,0.7354698364666349
7.419874005082724,-2.4933849124924254,0.32489989478603,-0.029714225315873494,0.004353906428599536,0.6775834119531068,0.7348325120941395
7.426474633931228,-2.4383059851649054,0.3252496000278935,-0.030929723042608936,0.004608018635604225,0.6784085016662622,0.7340190803622226
7.430416084914505,-2.38335782517916,0.32524191455583895,-0.031763668882704266,0.0049449543782453965,0.6785934981334723,0.7338102342720718
7.43480659593906,-2.328906710248507,0.3236164755866491,-0.03231653917743894,0.004465198646977168,0.6788425369239967,0.733558788370368
7.439597399542097,-2.273293767785609,0.32106033671623724,-0.032103912588004234,0.0041485614905681385,0.6790864473481194,0.7333442017759519
7.443255958117343,-2.2194644374164034,0.3185116838255708,-0.03189785928467759,0.0037143967653653956,0.6790973348789644,0.7333454565017877
7.446406617667299,-2.1655194644447953,0.31539180537160005,-0.03215206347668385,0.002822530930927094,0.6791201735386792,0.7333171738506757
7.451904356315369,-2.1120742613719634,0.31348908647994733,-0.03144154649482947,0.003421949916525388,0.679508294862103,0.7329858160136288
7.457789331664808,-2.057914899238946,0.3137611138594272,-0.03202442148273575,0.003879883589013362,0.679991712308114,0.7325098226514392
7.460984569763848,-2.003745983776259,0.31385666440540827,-0.03217013258460048,0.004638663234327521,0.6801539911307787,0.7323483506492195
7.46803689214925,-1.9514400537957695,0.3117557975190193,-0.03191561579943134,0.004828579637145182,0.681023286843764,0.7315499659946983
7.474640419343934,-1.8972534568675075,0.30886450600900317,-0.030808226584743963,0.005157229664807225,0.6817954745757289,0.7308756197516056
7.477813552582121,-1.8444888797410743,0.3074273251129187,-0.031023844336485466,0.004900282580305076,0.6821871663194677,0.7305026951720718
7.4834258830747835,-1.7922588055563027,0.3059392584804308,-0.030880038961952364,0.005136825268583627,0.6828230117470365,0.7299128625495664
7.488002708975123,-1.7391750646117097,0.30247393943196266,-0.030092080201877678,0.004796178604332806,0.6833910503356572,0.7294162904816385
7.49402201804405,-1.6857283689133007,0.2981997004025527,-0.02863840993993197,0.004077257184312728,0.6843973023000333,0.7285352082982549
7.501129679242719,-1.6345723987769691,0.2928464637928968,-0.02633775600507488,0.003553701810393966,0.6854516455537225,0.7276329651980105
7.506695761778918,-1.5816016400467074,0.2879916158490699,-0.02549446692244748,0.002249481448153473,0.686373614711859,0.7267986216437494
7.5120156862003125,-1.5302618838431068,0.2867800495130436,-0.025338225949250944,0.002631803676671294,0.6871487638345904,0.7260699974301629
7.516514390779099,-1.4780081488532446,0.28878988958112967,-0.025676482650391654,0.004661462519318886,0.6880353200774952,0.7252078296948571
7.521039568778907,-1.4265674659912466,0.2909545786438143,-0.026688000168482925,0.005838352234627235,0.6886446120070571,0.7245841908769722
7.524550746698372,-1.3733706542283768,0.29051784811732184,-0.02719341541971145,0.006133193317955929,0.689062568293088,0.7241655138041185
7.528263343934964,-1.322050029068452,0.2883804493225274,-0.02743708954443485,0.00535209345511753,0.6893312726768298,0.7239067283797994
7.529968017889309,-1.2706994023041223,0.2871269322779736,-0.02767579727860347,0.005090069998913789,0.6891698828980682,0.7240531822662041
7.529830089691893,-1.218090078205109,0.2885681131973684,-0.029055678601487344,0.00525707579910218,0.6888570156154253,0.7242956163401402
7.530723524372925,-1.1667903861210587,0.2895732400457826,-0.03036134545670243,0.005842099440700434,0.6885492583017305,0.7245301668620945
7.532535948435979,-1.1144493079403428,0.2890376476180936,-0.03124716596052966,0.005602219489247389,0.6885314682324215,0.7245113166358573
7.535922223279465,-1.063292297614431,0.2862283962653871,-0.030710635221971705,0.005526930261896774,0.6887670825105363,0.7243108545764084
7.537107324727584,-1.0122722930890882,0.2835999988551803,-0.030688624999304692,0.004972104021760125,0.6887167453271599,0.7243636850945413
7.542259915350056,-0.9610648397240957,0.2820350474693447,-0.030690195449525892,0.005038595922019563,0.6895422523440498,0.7235773775743943
7.546078622570439,-0.9098845711490715,0.28158208271192176,-0.03155055436441885,0.004919760311834294,0.6901581373147436,0.7229537358001821
7.549147566102027,-0.8604683239235685,0.28108260035362387,-0.032224908559278745,0.005066198546072051,0.6906322255419451,0.7224700823254347
7.552268836410597,-0.8109549057586617,0.2800106087111778,-0.0325271603411921,0.004991113055970512,0.6912619390476881,0.7218545565042945
7.555255526271038,-0.7628040592846582,0.2778661334967236,-0.032494793161979035,0.004583871859635108,0.6918113927676988,0.7213321392222793
7.55930339271403,-0.7142232629465344,0.27615553274768834,-0.03226650510250431,0.004476825507729464,0.6927140493681699,0.7204763002554303
7.5639041560514695,-0.66730705936005,0.2728935588296073,-0.03246690672639817,0.003431076679066935,0.6936258549116833,0.7195952372000302
7.5661959611892105,-0.6187557788131081,0.27240493460932047,-0.03235640397586289,0.0038019932776639175,0.6941674960613445,0.7190758721831559
7.569831301938625,-0.5738221086333394,0.2712981672123882,-0.03235517869641504,0.0037842012522636297,0.6948931557227546,0.7183747730969569
7.571708833708415,-0.5278683936204525,0.26970380413233386,-0.032489924715966866,0.0035859843205648338,0.6952672582168008,0.7180076547849447
7.575273111949733,-0.4841533784661599,0.26890404658060696,-0.03292213693475281,0.003519066308280795,0.6958950369318642,0.7173798419398604
7.577658122817609,-0.4391258993518732,0.2690987154440494,-0.033640708491623,0.0037893565471458384,0.6963983772594873,0.7168565008767519
7.579564497321433,-0.3960731035472652,0.2685226267019776,-0.03408784504871311,0.0037246511757055446,0.6968017003705315,0.716443665373974
7.58110021699819,-0.35244331954769403,0.26686073960307466,-0.03439943201464878,0.0032951457450334223,0.6968873480923494,0.7163475743708265
7.580175375271926,-0.31014084110673223,0.26522012816214513,-0.03469927956650437,0.0027225645965917563,0.696343377336053,0.7168643095300045
7.578670555395334,-0.2678773078903566,0.2630322179853448,-0.03475829364831721,0.0019310457280816288,0.6955047151621829,0.7176777363899893
7.578183422808102,-0.22714826485199657,0.26057163942287076,-0.03413971800716724,0.001646231121985302,0.6947200772755855,0.7184676692611144
7.577284675014076,-0.18751207924458035,0.25882635292373246,-0.03402859263173766,0.0012715669867682747,0.6938320188671535,0.7193313345501615
7.573324221521608,-0.1471224470457435,0.25677854793861954,-0.03394379710213432,0.00103069768239669,0.6923527173554954,0.7207596338029667
7.5740739646285835,-0.10734652987239368,0.2548118364359553,-0.03308199355615906,0.0013046114672646569,0.6917078519344249,0.7214181410598733
7.572841025628471,-0.06844315295782799,0.25307927022027554,-0.03269704615542955,0.0012979140416967039,0.6906477021638032,0.7224506562556672
7.572112525818232,-0.029878545667610057,0.25082914956837854,-0.03232539726435486,0.000919090200224916,0.6896624568848646,0.7234085458786377
7.571554360691536,0.008854371313191889,0.24987454087484062,-0.03241020982556035,0.0009474453654147863,0.6888191807080011,0.7242077224523541
7.572590299263207,0.04681120199215649,0.24969024830558073,-0.03207899070568134,0.0019709981837540405,0.6882961172361612,0.7247175273487294
7.572077300082185,0.08403334298131249,0.24948706914784147,-0.03222434913592501,0.002565714777328547,0.6875158000953099,0.7254495357745563
7.57180405999067,0.12010708391833447,0.2484278639752937,-0.032718741848864724,0.002252021750756358,0.6869547578872873,0.7259597623973265
7.573221384725742,0.15689699734914053,0.24693288237220345,-0.032077256095266196,0.002583574937834127,0.6865705009306019,0.7263506983121173
7.5737922690707355,0.19298441183248993,0.24589860743464387,-0.03208685932967497,0.0025720310309457466,0.6861084684431049,0.7267867506212476
7.574381284722807,0.22892077497839058,0.24443372534983698,-0.03210359726807385,0.0024101648390129054,0.6855920150573565,0.7272737697817703
7.575773222546529,0.2647929546077492,0.24408908973904975,-0.032325322395864046,0.002739517425050769,0.6851786943240679,0.7276521985203553
7.574950677144373,0.29824793247004244,0.24492696262536873,-0.0327672590508583,0.003516658983418369,0.6843293913525503,0.7284279072496891
7.57456765828925,0.33217218852728236,0.24508705793446772,-0.03296777968221207,0.00421580139775778,0.683487307212978,0.729205363671627
7.574137196855793,0.3650849835511498,0.24406258862794328,-0.032742886735628876,0.004321097110436322,0.6825097203929484,0.7301299283429995
7.572521390423885,0.39650846696793196,0.24350084992430232,-0.03283215664603345,0.004410914404373751,0.6813205202678704,0.7312352155042637
7.5706037082633495,0.4285983751403073,0.24234291727099477,-0.03277176087733019,0.004467888624725265,0.6800213240370634,0.7324459326289818
7.570784585437608,0.45900897812273866,0.24057129708512548,-0.03171840820431865,0.005296565542477251,0.6788985076921749,0.7335275912184868
7.571370751645625,0.48867962046508007,0.2396215017978035,-0.031277473392282325,0.0059018629212746485,0.6778464312439307,0.7345141864828174
7.5666413168208555,0.5166419866793235,0.2408376154666257,-0.03201014692331143,0.006425100633746109,0.6759128604137496,0.736258031660824
7.5664418460643175,0.5454140929719882,0.24081420648960083,-0.03237499059153083,0.006674288901509863,0.6744462179150371,0.7375836444656705
7.561791524557686,0.5720751857552362,0.24007958856228284,-0.0323521847973313,0.006710455979871107,0.6720540225718045,0.7397646231266336
7.558825683239332,0.5989224167983274,0.23896460859228075,-0.03155556154937885,0.007244640833646765,0.6697132532402892,0.7419136884956821
7.553531080503161,0.6253596911091162,0.2363294156052942,-0.030676170745224135,0.007336534699021603,0.6666522381716088,0.7447012531592913
7.547668435639265,0.6509551517494105,0.2340157588956775,-0.02970727707245194,0.007140395496449677,0.6631428921633542,0.7478689724202523
7.540711266282409,0.6765453141018647,0.23041931423896145,-0.028762738679158486,0.006100310813977149,0.6592101729908921,0.7513836847194315
7.532798682573172,0.701732009349948,0.22724069192308027,-0.02800038744304766,0.0052444110552609296,0.6547899404754777,0.7552738632623159
7.5238339046982885,0.7253469767860645,0.225647903568581,-0.027322857427871258,0.005205189274224885,0.6499190511619415,0.7594943015648868
7.514527525655921,0.7483536983314987,0.22390125498070912,-0.026261643608778668,0.00549674296639742,0.6447456202559786,0.7639261661390371
7.5050257912312235,0.7709858441657551,0.22189944961619634,-0.024967339852186795,0.005751553893743101,0.6393078194262463,0.7685239439150785
7.494894053023649,0.7937212632998867,0.2194069533740528,-0.024280967184464795,0.005285769552865337,0.6335729787767521,0.7732837480831128
7.483448174255716,0.8165858980833576,0.21953055912046526,-0.024094011510884385,0.005657427145081498,0.6271450499364737,0.7785091912845451
7.469916521541706,0.8395268628317742,0.22029265225194905,-0.02432088067906057,0.006226969779810689,0.6197568072953431,0.7843922603653428
7.454657363912755,0.8622187419241907,0.2191932923575286,-0.02331226433255301,0.006707396515473682,0.6115065158037364,0.7908674501637815
7.439379715937754,0.8839363572074146,0.21642097670818217,-0.021206829657858035,0.00680230428131553,0.6027676401703987,0.7976058899228669
7.423285097726456,0.9067276909181863,0.21165896393166417,-0.018507967567237493,0.0062228967623047015,0.5934517475337915,0.804632689637056
7.407263553406411,0.9292755461431494,0.20878818830716472,-0.016972439909954146,0.005802176224722935,0.5839974775017303,0.8115572824776804
7.390014270778405,0.9534996009481862,0.2084193897677249,-0.016747804611709403,0.005851276799133065,0.5736791147492261,0.8188879950544342
7.369815858621912,0.9787539866753665,0.20935682767619923,-0.016635348121944622,0.00695947769272689,0.5619712285900462,0.8269601898179889
7.351385815665941,1.0052335873761433,0.21226728140773865,-0.017056084962651392,0.008776652868028926,0.549868384229848,0.8350310402157505
7.330244420715872,1.0335269464365306,0.2138089296358654,-0.018336143470793098,0.009494354110576675,0.5364630554307946,0.8436711592397013
7.309266361060028,1.0617934140879735,0.21443985335604232,-0.01796145484317209,0.01029519435936297,0.5225851303294161,0.8523357144474374
7.289297694336934,1.0903206806213872,0.21369195607255698,-0.0167859294447918,0.01071311175766007,0.5084095459297736,0.8608851169358949
7.2682062506487,1.1214195547560748,0.21141651236974113,-0.015920693064025965,0.010124806846049314,0.4930772568582483,0.8697809153975471
7.245582116186804,1.1535587725024716,0.20818493959028217,-0.01475868527840679,0.009085131833712195,0.4766435918087701,0.8789257895099075
7.2238175791202615,1.186916421470288,0.20269731053546636,-0.013827922702097963,0.006649013650172996,0.4596501902650265,0.8879674949549865
7.203705350797826,1.2224475879302208,0.19552230875300136,-0.012541059117200864,0.0034970185966138366,0.44206222319602473,0.8968898961362015
7.1817629830392695,1.2613790267981684,0.187844214802956,-0.01296374055568871,-0.0005743827809658643,0.4230244332066274,0.9060253489687039
7.164071725651987,1.3003178340945531,0.1824718335708393,-0.01202685896576391,-0.002480925012664184,0.40436380061835153,0.9145157904583484
7.148293294331787,1.3410412195714994,0.18028051043500426,-0.010078070986605155,-0.002375901418470201,0.38510852508322446,0.9228132048209212
7.134357438356985,1.3828502623776875,0.18142430496567608,-0.007836060018436177,-0.0007470916006255167,0.36537670013386,0.9308264591674129
7.120348959662919,1.4274386542215134,0.18273761506592834,-0.007273226162474308,0.0002689279037866523,0.3446189476618431,0.9387144487864633
7.108952454717816,1.4730552269695751,0.18346878671269184,-0.007684019443127249,0.0005215166270237898,0.3236596758324645,0.9461422265987213
7.099597859051837,1.5193359212813484,0.18282801956604966,-0.007557731118756256,0.00024075627740752218,0.30238994695794585,0.9531543054921987
7.092920506842183,1.5666258201246763,0.18292358254887087,-0.006743085811217293,0.0004187874285263605,0.28081673697211157,0.9597376256141535
7.089264781271009,1.6140982250714488,0.1799810839270503,-0.006667593560411307,-0.0008839868116949493,0.25949554066848435,0.965720886111578
7.089214805699761,1.6609964324450228,0.1762165276500396,-0.006854533183641517,-0.0030176891249855784,0.2387589017260856,0.9710500009123572
7.092034346501947,1.7090217970485413,0.17295422422074536,-0.007373730801024309,-0.004860793755676282,0.21777657336622933,0.9759586908957342
7.097970476537938,1.7564000658553462,0.1709076907773932,-0.009062921313826461,-0.0060535593759251695,0.1970762038622097,0.9803275884404085
7.107023043637531,1.8036768636521456,0.1709598083531675,-0.010600120483299886,-0.0062605203453869026,0.17632015005198462,0.984255889468005
7.117874692944424,1.8507430386961312,0.17173209016298546,-0.011471640396093745,-0.00612014413365832,0.15504398262450014,0.9878219924562383
7.132435019810218,1.8988977290103781,0.1726660969060846,-0.010823010980454009,-0.0055381020336162205,0.1334106203635575,0.990986277108493
7.150809844677365,1.9455726513857496,0.17296875260642885,-0.011683987552079562,-0.005541283616559094,0.11239437674651527,0.9935795262904297
7.171504258932721,1.9900886528840314,0.16974640497197002,-0.011849670094296764,-0.0072867214219893344,0.09227417141374833,0.9956364647875108
7.197139277409043,2.0292644335031063,0.16539780805662363,-0.012103419150832281,-0.009619997588691684,0.07415118981061786,0.9971271539788942
7.224209288198756,2.0647469318502836,0.16391292045569328,-0.010982015010469385,-0.01021921746491871,0.05754664372982253,0.9982301054872523
7.255564155187718,2.0951709214087515,0.16488717497379834,-0.009938165550276925,-0.010154246686676882,0.04342980520052398,0.9989554418429843
7.2886632192045315,2.1201565271406886,0.16469563710254964,-0.008363802933954398,-0.010515022234800631,0.0314626280638165,0.9994146228137896
7.323798047286669,2.13885693860742,0.1646675056379835,-0.0062850417706620835,-0.010903744288053253,0.022597935550500006,0.9996654129569534
7.35986257080358,2.152824009315399,0.16512011449670994,-0.004819105338610104,-0.011081181535021486,0.01610837698429294,0.9997972342438206
7.398842383506741,2.1649269065198737,0.1664333832011834,-0.0035733936381487108,-0.01090284301633114,0.010298951036716074,0.9998811338231532
7.436922517925238,2.173662936809863,0.16844109215014058,-0.002423385443344713,-0.010457906355096507,0.005928990662492217,0.9999247984623996
7.476602204305683,2.1787304668503644,0.17092942155299595,-0.001251393668027869,-0.009752160729298453,0.0032460287645682266,0.9999463916356768
7.517230107997099,2.1820498668119317,0.1723531551786806,0.000104171375337836,-0.00970225952584284,0.0016648818894601316,0.9999515402496238
7.561769444034059,2.1833437199118486,0.1736091480615397,0.0018068766045430916,-0.009759337470170812,0.0012094434139964844,0.9999500128054154
7.6035468591069915,2.1818366013571318,0.17501211344120193,0.002746345564109027,-0.009583396890275295,0.001829005662269017,0.9999486343781513
7.646181434096114,2.179897513183121,0.17640729058117388,0.0022666273937814426,-0.009348509269299206,0.00299361953090872,0.9999492528079156
7.691127804520727,2.1772208406065796,0.17881966990659404,0.002143099416844473,-0.00893073634752745,0.004559031785457531,0.9999474273213649
7.7357019106391665,2.174133404454477,0.1789026866038531,0.0031845981279303116,-0.009393411368471135,0.0062416966571924495,0.9999313256405543
7.781798968649731,2.171061932713866,0.17800097074833893,0.0040871378006802385,-0.010666349378607144,0.00803023904367015,0.9999025193028073
7.827284349362829,2.170333331408076,0.17706881889756587,0.0033499110068081596,-0.012003736943525198,0.00908940295972448,0.9998810295026193
7.874042035991192,2.170058588941771,0.17823381926771087,0.0026334080067479506,-0.012150193451004236,0.009951822502961182,0.9998731905284999
7.9200733299863195,2.1692800407331427,0.18347739735646418,0.002569735763274613,-0.010436204876160962,0.011067481088607464,0.9998809847938157
7.967229061168609,2.1691010933879826,0.19091283659022013,0.0023520597386205,-0.007589875535641917,0.01154859502132523,0.9999017369152708
8.014186989410353,2.169020585160462,0.19488671208035951,0.0016386991761475492,-0.0063785335303031656,0.012070350113076828,0.9999054625647229
8.061396587972602,2.1696923824711085,0.19639497761857766,0.000746659179930891,-0.006469903865629509,0.012445831137744195,0.9999013419956152
8.107791533924658,2.1698252773235116,0.19488598526939388,-0.0002999526459973697,-0.007937561889575145,0.013023189786553119,0.9998836449641513
8.15364425933514,2.1720324973188685,0.19466079512730766,-0.0016090085018276342,-0.008670732849935733,0.013112679168562456,0.9998751353747695
8.200741229982953,2.17388347141485,0.19639757425531595,-0.0024269376616881276,-0.008580381020991488,0.013220025610780091,0.9998728477582672
8.248419445795529,2.1744082470119506,0.20048181125558717,-0.002321781639627193,-0.00733177387130288,0.013518475720349905,0.9998790399589238
8.296157290740744,2.1744456362528473,0.20323807456867277,-0.0015172838346572998,-0.006689164363278323,0.014073493492466048,0.9998774378890257
8.343751902159761,2.174437623445225,0.20485864315592783,-0.00216982931859036,-0.006494290373645903,0.01473687611285775,0.9998679669954653
8.390962242365767,2.1743338266090144,0.20735363800713624,-0.0017595195345336027,-0.0060551023412260515,0.01564900259317736,0.9998576688803638
8.438355045517577,2.173093738567747,0.2101379413784259,-0.0005348199064951283,-0.005222554457085817,0.016828474477721088,0.9998446060680141
8.487835436979038,2.174343548822964,0.2131188458708676,-0.0004685139776127083,-0.004323734780123145,0.017518600079388165,0.9998370797837498
8.53574449150489,2.174951995541843,0.21663298063778655,-0.00031691576044208476,-0.003260066362760608,0.01818296352546759,0.9998293149835789
8.583848503169989,2.1739798518308464,0.21829336182460501,-0.0005513653901137193,-0.0030412389108943044,0.01946710415270748,0.999805722140153
8.631648533230663,2.1753275035360033,0.21917670069503242,-0.00012403105041430338,-0.0030527343176434863,0.020160534217004266,0.9997920848352462
8.678700336315314,2.175108763774948,0.22079530283558318,0.00031461222444944333,-0.0028574780234783418,0.021204697331434718,0.9997710248940376
8.725181615336794,2.1760923006403434,0.22221432674097114,-0.00047091082345709857,-0.0027919324616174877,0.021949782778943553,0.9997550619678788
8.772394733723782,2.177458751256276,0.22114989799399984,-0.00046683657331349714,-0.003997349326666301,0.02249557901560277,0.9997388454009574
8.818423408463433,2.1787167407201204,0.21917575271339512,-0.0004967789921758181,-0.005531751861966577,0.023079853183700465,0.9997181942357412
8.864176634093436,2.180704799605401,0.21833055842787,-0.0010341831419650473,-0.006640562554432542,0.023267856242094622,0.9997066723248201
8.90998318786385,2.182869837325121,0.22298420514285278,-0.0014102323732138999,-0.005095290389180315,0.02332070572973738,0.9997140579893375
8.954255138701111,2.185972556404088,0.22696539973166807,-0.001983895395779716,-0.0036640423946933394,0.02311586110173411,0.999724104194151
8.99755625288112,2.1894437878071766,0.2301167927135582,-0.0017304577650040902,-0.002849432700964986,0.022419814855687316,0.9997430784272514
9.039381879748284,2.191204762971874,0.23131736950864287,-0.0012833316681305897,-0.0028144103920753377,0.02235501385726166,0.9997453141733426
9.0835779718811,2.192340162059414,0.22994030661503223,-0.00248136445437883,-0.003911987286652686,0.022495081897389555,0.9997362221080613
9.124899286014438,2.1947878636211127,0.22931569417261133,-0.002721340452192478,-0.005071567375959369,0.02265406830039872,0.999726794592397
9.164483496938413,2.1952868359399424,0.2300432898437007,-0.003389385807424034,-0.005210900225976013,0.02346525579900206,0.9997053233731374
9.203443295979385,2.195539395629372,0.23156760638701268,-0.003147040475958412,-0.004739019299821457,0.024211175079170706,0.999690678559545
9.240531379063448,2.196475272533842,0.2352727608647709,-0.003222542582133658,-0.00353671437272292,0.02509981246923529,0.9996734995098607
9.276628882627156,2.1956514624456056,0.2385023704657584,-0.0031872189569745308,-0.0024623339686655255,0.0265145619106119,0.9996403181408083
9.311622582816078,2.193610956881612,0.23811869762897886,-0.0034536404628162085,-0.0030342302251625867,0.028353515650287542,0.9995873911304699
9.345312133254353,2.193227480057177,0.2371196773140234,-0.003601633835367459,-0.004023738591317541,0.029753854549958998,0.9995426607397478
9.378482560430797,2.1931847153868205,0.23752057273277505,-0.0033818802470975714,-0.004101765813819428,0.031085923330529452,0.999502579834067
9.410181365590201,2.1925224829274246,0.23792561019644143,-0.003560765079583441,-0.004463290817028629,0.032520602558625517,0.9994547594293085
9.44120040177716,2.1907647259922074,0.23953227371622043,-0.0033877012868911904,-0.004216291680033122,0.03418105247747837,0.9994010174473761
9.469049907230875,2.1913186147354016,0.2396969904192212,-0.0037225364312339065,-0.0044049297069182055,0.03465088647833833,0.9993828418798573
9.495963997266426,2.195102740200491,0.24150589666568167,-0.0040604561129933565,-0.004159806855345842,0.033741908683474146,0.9994136760353831
9.522716224995975,2.202012630717959,0.241842281582465,-0.004383158507296176,-0.00433034403042155,0.0315803171982985,0.9994822219648206
9.54595608988329,2.209505436473396,0.24313800510584982,-0.004791861014466024,-0.004108279855464262,0.028327497088055275,0.9995787672132286
9.570861296006736,2.220428872770095,0.24152363154894485,-0.005162974318061615,-0.00495763982596612,0.023585697524090406,0.9996961936799234
9.594524173264105,2.2335646047990876,0.2424566861159052,-0.0058856633560068344,-0.005039637889444161,0.017360653696283777,0.9998192698359255
9.61881065890739,2.2493054956913334,0.24232408451375065,-0.006915447470435608,-0.005394592475677145,0.009475215365381241,0.999916646880991
9.643256251182766,2.2678525493309563,0.2425638020045926,-0.007018702554175961,-0.005500955197459385,0.00015143025121632666,0.9999602280098681
9.668472815476328,2.28565401301011,0.24258003234796832,-0.00599745770333955,-0.005888405418462234,-0.009571051421277668,0.9999188747878107
9.692790117241305,2.307138918751775,0.24008568321511792,-0.006031730997327387,-0.007604843750247577,-0.02113685087996698,0.9997294700782093
9.716599161222065,2.3296515412042034,0.2361590482822722,-0.007200396974168602,-0.009926656981170838,-0.03372964496708452,0.9993557568379954
9.743076647428346,2.356670240938217,0.23321402146381764,-0.007697050650857392,-0.011746946745645193,-0.048658380282770405,0.9987167379834724
9.768134095743633,2.3860659613419357,0.2321063198023965,-0.007428220138293648,-0.012579573857860868,-0.06517689654541588,0.9977667801821618
9.796328150282115,2.4145218248664304,0.23314003322881582,-0.005979334414863218,-0.012631867236473226,-0.08242187187890743,0.9964995286986351
9.824166400869505,2.445844006523896,0.23396914003199853,-0.003289142563138113,-0.012700863741246042,-0.10113434051768064,0.9947862608331659
9.853736350630118,2.4764240583360073,0.2347449901951526,0.00028743487449629806,-0.012894601049533974,-0.12040740271471174,0.9926407747339869
9.884291890849795,2.506442287831909,0.23608948845073274,0.0034664338753838514,-0.0130561661132336,-0.13983653413930341,0.9900824526205567
9.915557313504612,2.537053566411084,0.2401299636491081,0.0072176714676476265,-0.01221123044929493,-0.1598592718619859,0.9870378943143122
9.95000117054078,2.5682464559849305,0.24411924620978365,0.009240731769368824,-0.011387753529025248,-0.18061373219720248,0.9834447658501935
9.984801457818845,2.598423534909032,0.24561825226820888,0.00918982008676766,-0.01152245344130959,-0.20188431390651662,0.9792984745239293
10.021175541156746,2.6295455067640146,0.24457162498228469,0.0073838558338354034,-0.012477666912109449,-0.22393175357621986,0.9744969687304612
10.061064497846788,2.660335465816824,0.24040854256473843,0.004867979985659571,-0.01469129806377767,-0.24668812460733824,0.9689713348296126
10.101705273202382,2.6879265341256273,0.23527564555216696,0.004660195047279278,-0.01792409653684351,-0.2689840426000234,0.9629665600158954
10.144528568409669,2.7155513319067843,0.23216439321354443,0.0062964227127610874,-0.020505619707209124,-0.29205715539383864,0.9561602852691908
10.187657723837248,2.739978541516758,0.2315494525824633,0.009157195826273922,-0.022674662615524872,-0.3146687259443202,0.9488865070748334
10.231991523043186,2.761422199533325,0.2282633688767124,0.008737692296898029,-0.024864629006250357,-0.33702589161203644,0.9411264217354317
10.282931399895991,2.7855000896379027,0.2291365163818142,0.0038954618061734455,-0.023739481533808313,-0.3615375375181298,0.9320471494458479
10.333747461938282,2.806208808881631,0.2334792276170221,-0.003752051696167222,-0.019587734010837354,-0.3852685636536424,0.9225889528620987
10.383367095595645,2.8217529587220853,0.23745417922825984,-0.006504161495402381,-0.017344091314737416,-0.40751993666368486,0.9130084244573395
10.434247797588544,2.834938639473902,0.23953405656118504,-0.004632329933260248,-0.017973332440530232,-0.4302426339244327,0.902522453348449
10.486187654740851,2.8456524379207297,0.23425236992839693,-0.0014385441295491224,-0.02255786665446677,-0.4530830827435509,0.8911816798048917
10.538748005834531,2.8537537632132364,0.23294744038072146,-3.6400497567848784e-05,-0.025039530899480293,-0.4757613926552763,0.8792178978991273
10.596341745026084,2.8596844830636767,0.23135750348167416,-0.00326902920119401,-0.024950393810518105,-0.4992804268600382,0.8660749653405516
10.653013573863314,2.8615057740199905,0.23291922893231565,-0.008483610384457716,-0.022176175912894468,-0.5218855516192914,0.8526850091517136
10.707554128968388,2.8593961591409736,0.23921426671934853,-0.01066959756651832,-0.01826539254986923,-0.5433576845561066,0.8392347478682333
10.763132192669811,2.85381640664003,0.24659792905432432,-0.010830712995338238,-0.015011487416144153,-0.5643774688432861,0.825309285074925
10.814583879226397,2.8433167259223717,0.24964649277516004,-0.008665465924935514,-0.015615694647504525,-0.5835597846975012,0.8118737861163173
10.862608246440416,2.8275975304003884,0.24733966398469587,-0.008181261226511858,-0.017959698627609873,-0.6007592690579698,0.7991863417556996
10.904061208063085,2.8077221023825363,0.24629227885826066,-0.007181625832628538,-0.020435363860614113,-0.6156666645734418,0.7877089533533943
10.942960445266742,2.784717113970288,0.2448627701042141,-0.007740620598516311,-0.02159398867462317,-0.6290606260081018,0.7770177023216904
10.97541253353387,2.759001418175207,0.24823300830880712,-0.007386962426328909,-0.020832928067488685,-0.64027625865762,0.7678266370494227
11.008199257513983,2.729049645711526,0.25494788227325293,-0.005228683945573998,-0.019437930823771918,-0.6508833165180976,0.7589108898302965
11.038080705495315,2.6978520830612207,0.2600053371233264,-0.005249275304393402,-0.01710365133661203,-0.6608727858440496,0.7502846550173643
11.067624920118822,2.6651259399454146,0.26344104982313044,-0.005098735418734057,-0.016376016869241998,-0.6706865534232446,0.7415425710897826
11.094866686726753,2.6307084629756288,0.2631573488959509,-0.007002658801030395,-0.015787266010846197,-0.679637852140785,0.733344469738836
11.118389836566616,2.5943022740300696,0.2620197270876248,-0.006747405832018973,-0.017945527595216917,-0.687532215615866,0.7259007505160268
11.138230438867225,2.5564071066775176,0.26216228903098093,-0.0049031341775247475,-0.020466011046155586,-0.6945429052655984,0.7191434138573937
11.156596013857376,2.5161623038970165,0.26599404558885587,-0.0035625280473662833,-0.020061357953171693,-0.7009347477553037,0.7129343009659629
11.173254007477585,2.474658124342474,0.27222008454920843,-0.0026786085321544102,-0.017847792501918276,-0.7067694112151582,0.7072137432232777
11.18660279445431,2.4319251269970104,0.2780407714647857,-0.0021086502576673984,-0.01582817575682079,-0.7117535070445078,0.702247787186288
11.195904463435685,2.3886372425976883,0.28025266418588646,-0.0013332945918204883,-0.016277376942130127,-0.7153820558016986,0.6985426123087963
11.200247141317883,2.3446804904682352,0.2794792721555308,8.350749899509694e-05,-0.019147608660201543,-0.7176856756957833,0.6961038969913356
11.201011564655419,2.2997071856604965,0.27906272231262524,0.0012910603376515579,-0.02159594396760901,-0.7189443047727303,0.6947309246414248
11.203683390585878,2.252464748153855,0.2831243790428367,0.002232367575178566,-0.02105102102206746,-0.7202502327357287,0.6933912840740633
11.204653123733996,2.2061606261838618,0.2878729408649763,0.0023439056009895423,-0.019064905428012712,-0.7211918693871338,0.692469003017854
11.203739281456464,2.1575885271710464,0.2903852566724592,0.0023130754697876696,-0.01860307754562478,-0.7216714067092549,0.6919819037028331
11.2028432878484,2.108767202033251,0.2914915075394138,0.0018136945546911199,-0.01835088826772266,-0.7220028913952374,0.6916442652685926
11.201499597804373,2.0603552617836294,0.29442958007026854,0.0031459641531207515,-0.01885937590226724,-0.722507495774496,0.6910986626978927
11.199504492314173,2.008928108375672,0.299386221886919,0.004939937930358607,-0.01831449921783664,-0.7225911615295255,0.691015343830446
11.194122157365976,1.9580623510975996,0.3040415243790481,0.006477350991162127,-0.017795761412844356,-0.721809971566456,0.6918321573305912
11.188784994675986,1.9078966922554044,0.30675664072326536,0.006930061519457785,-0.017620763963432307,-0.7206197894450052,0.6930718779566273
11.183560355051355,1.8573619905089087,0.3060751048385204,0.006668454142978283,-0.018828563819329087,-0.7193573889698568,0.6943529243644736
11.177675604921523,1.8078493210287399,0.30573515286057895,0.0065863308924723135,-0.019965289686731343,-0.7179692663839641,0.6957572565352474
11.173001987131554,1.7571993365692493,0.30950279881964704,0.007355948899884848,-0.019420454113857965,-0.7168715768312861,0.6968958873462427
11.167971956433762,1.7073580681377303,0.3115780638513048,0.007583074501118613,-0.019133313943099185,-0.7155445965026902,0.698263815564864
11.163776221065557,1.656108922746317,0.3134455862945953,0.007663293909759928,-0.01912586503383534,-0.7143874356756151,0.6994469852203601
11.160183767390548,1.6028216898229477,0.3114297159136068,0.006168949723286675,-0.020119138051526556,-0.7133568086547871,0.7004849846907387
11.158431501127616,1.5514330175952094,0.3107356102699872,0.004625903435656873,-0.020269708617241842,-0.7127125432691386,0.701148032072589
11.155021328608047,1.4996493678225975,0.3128762989431243,0.004218935460297407,-0.019251494119671034,-0.711777221856827,0.7021287371838894
11.15370456127638,1.4483129095621554,0.3178772423837617,0.003788720197137008,-0.016659773508317568,-0.7112457863063838,0.7027357600263653
11.152297936486223,1.3964736828572941,0.32169874967367795,0.003349151746066558,-0.015032253721670035,-0.7107222717861963,0.7033041090132931
11.151465139240411,1.3435937118062289,0.3221770801890788,0.0022422782916343914,-0.014762636754136874,-0.7103157436163005,0.7037247914219217
11.149586597332705,1.2915422190759154,0.32190190000442737,0.0008173990402546549,-0.014886503553197702,-0.7098339399818765,0.7042112652722021
11.148426902029449,1.2388109335839985,0.3237959336736549,0.0006010231240254653,-0.01473498174290417,-0.7095616915305004,0.7044889790277099
11.14929585077265,1.18619150015534,0.3265496893185432,0.00019186836042662042,-0.013840536240523556,-0.7096414272356631,0.7044270197440252
11.150063622023497,1.1356729875982268,0.32966832833344917,0.0003329782898302661,-0.013215819019094445,-0.7098842233520084,0.7041942975828881
11.150783510380144,1.082671165210257,0.33217553265933086,0.001263755583703833,-0.013353267141438653,-0.7100589329430568,0.7040144834095594
11.14909084182289,1.0325040624484458,0.3346316178072812,0.0016445114184912356,-0.013490591998765384,-0.7099520597328348,0.7041188676403226
11.150112927391124,0.9801619068827873,0.3365884555234426,0.0015611308848793718,-0.013434676662493832,-0.7102184685332812,0.7038514108563252
11.149927678564234,0.9287364330164478,0.33810123711934736,0.0010567158822789174,-0.012920570736750174,-0.7103909206812733,0.7036879297707028
11.149586844684544,0.8767138648802901,0.3398345492964563,0.0005696364957766914,-0.012321424638460768,-0.7105534599436805,0.7035351187980085
11.150274419789755,0.8256587649402635,0.34249106797086837,-0.00026957773800226044,-0.01100631824579877,-0.7110839377309885,0.7030209179507868
11.152578121947622,0.7730058359176463,0.3443656442834133,-0.0008104645135185003,-0.010426311710634484,-0.7119958950364478,0.7021057642515641
11.154683512180291,0.7229024926942129,0.3455100221258895,-0.0010344289690356213,-0.010287361736340638,-0.7129016858045344,0.7011877509075748
11.156484444543384,0.6712924016691446,0.35048642970654853,-0.0012419285878992206,-0.008056565337630002,-0.713723033498067,0.7003805990746139
11.15829409443601,0.6214881888172528,0.35511278459618356,-0.0006448361744809233,-0.006334039519862177,-0.7144958787929032,0.6996106961917808
11.15972259333109,0.5704435642395016,0.3609666393474458,5.489365907172415e-05,-0.004172959576114776,-0.7151603246424368,0.6989479872643258
11.158697270156887,0.5202610164104918,0.3624492833230307,0.0002530295344010178,-0.00413029822980165,-0.7153949226966096,0.6987080763714907
11.158102231448394,0.46963895409011425,0.3604903483050808,-0.00017676052431803846,-0.005982714819958284,-0.7155511876026884,0.6985346441748348
11.157671722294385,0.42141681730582015,0.35890202196287524,-0.0012845203533463018,-0.007287386799041353,-0.7157068815527792,0.6983615949873692
11.156157388628793,0.3716371880418591,0.3573577927374252,-0.0018735331486655945,-0.008712043149397367,-0.7156108998593824,0.6984422903835373
11.155848023574379,0.32018819163109735,0.3576096256592339,-0.0020334440197615085,-0.009460565563190861,-0.7157173163288948,0.6983230357280513
11.155484078829382,0.2711568043628033,0.35870053331023066,-0.0021803697080972624,-0.009439226387485516,-0.7159051293312085,0.6981303438897372
11.155673095075835,0.22202218460746792,0.36149774141135393,-0.0029057901096893107,-0.008361845744593194,-0.7163162164415438,0.6977196458770284
11.156407131452749,0.17271310316230792,0.36413891652676705,-0.0026547690863837252,-0.007888318647137989,-0.7168840525271363,0.6971427324330606
11.15582694900527,0.12369593876323526,0.3692629094084934,-0.0016769248408147648,-0.006757082517059653,-0.7172733870911672,0.6967570743673437
11.157313422988025,0.07498709590554453,0.3718922304072819,-0.0014096918071472594,-0.005708264518631378,-0.7181169221302307,0.6958976269968062
11.15785067800847,0.026224110326188654,0.3739258128910785,-0.0018394384908214973,-0.0050375017142093945,-0.7187629554014555,0.6952345381116177
11.157282396141003,-0.0205549263782967,0.3736239828221752,-0.0025730788886527784,-0.0055478327343147695,-0.7190132490740299,0.6949694763796712
11.155467833454258,-0.06858259864808769,0.37355634424008344,-0.0025588488039222364,-0.006706312153754275,-0.7189943104748748,0.6949788911275869
11.152542949540896,-0.11626417287073121,0.3748374775321428,-0.002259824632204285,-0.00717655649282483,-0.7188062062047099,0.6951697777685627
11.150663788908854,-0.16383834133344433,0.3782705391721466,-0.0012283184028270627,-0.0067650185353128785,-0.7186238236534617,0.6953650358262079
11.148919520936603,-0.21102528801925513,0.3818820015028059,-0.0012793088106399066,-0.005384007733053839,-0.7184713183040408,0.6955345795688785
11.14761701076141,-0.2593192684748429,0.3848795220556658,-0.0015011521142309873,-0.004041469858076965,-0.718356563131662,0.6956617443976367
11.145897813433141,-0.3065022242160935,0.3878089535705478,-0.0017914918880895555,-0.002697055687959573,-0.7181778923543621,0.6958520348393992
11.144908500440794,-0.3544670649033326,0.3874979699540819,-0.0012363156846795795,-0.004116254077696028,-0.7181586984777995,0.6958660884793294
11.142649704200517,-0.40109427968630396,0.3883015745443368,-0.0016918475420150752,-0.004469521556804273,-0.7180042237100734,0.6960223377247483
11.14309151219194,-0.4473714122900434,0.38461892823259525,-0.00469778762921732,-0.004715409464627841,-0.7183101410298258,0.695691185735801
11.14162436242429,-0.4947730345106336,0.3871845556529474,-0.003717803156637347,-0.004684475380141165,-0.7183874601700113,0.6956174916903688
11.141591622025285,-0.5414716650025526,0.3906867016279897,-0.0014669676640112915,-0.00497604543944467,-0.718612208688012,0.695391661177462
11.140691242896317,-0.5880849404605941,0.3913834486407928,-0.0020178455380465274,-0.005352463742513917,-0.7187254525884981,0.6952704627209537
11.141056116202238,-0.6321099191615787,0.3864180936167674,-0.005775277376592407,-0.006501058114584217,-0.7191160946423805,0.6948355414459209
11.138357298971892,-0.6764224362215694,0.37559854125157344,-0.009256574340895643,-0.011609372886296406,-0.7185900093549238,0.6952754523822843
11.136262829450065,-0.7220198324073237,0.37030453776999916,-0.00939717033323266,-0.01616059383929565,-0.7184331704797068,0.6953447480438646
11.13486252949592,-0.7674448401847007,0.37803545755050827,-0.007381228437539864,-0.014369846732106617,-0.7183756226242864,0.6954678029842609
11.131986396702185,-0.812291428163112,0.3860637568396783,-0.005847105034123253,-0.011639078628322223,-0.7177281363010634,0.6962016105572886
11.129245945126796,-0.8545970088983059,0.39361905898156646,-0.004375556468537321,-0.00946085377894933,-0.7171776162686481,0.6968124694230785
11.126008056812456,-0.8989824775582573,0.39715454036881437,-0.0033448125056796097,-0.009147738093741118,-0.7164221130386512,0.6975990838400088
11.121876540598619,-0.9448434246537352,0.3985409084992675,-0.0029507546830479384,-0.009484437674253242,-0.715659665974871,0.6983785399436977
11.122070151493194,-0.989339910860155,0.4026233443743221,-0.004515819696025973,-0.0065599308684407024,-0.71570251618842,0.6983598583278228
11.122681039186114,-1.0330803675860563,0.4032843934989281,-0.00646433343172421,-0.005066160927796734,-0.7158923245560588,0.6981623760706297
11.122519404364851,-1.076857731306037,0.40371178992572854,-0.007652463908622925,-0.004727057643569917,-0.7161024250801402,0.6979372505751361
11.122877313445217,-1.120260162185375,0.40384076775560995,-0.008114726608237791,-0.004963542101853449,-0.716559284135076,0.6974613208256941
11.123448711298979,-1.1640524750844379,0.40658814378907104,-0.008436851918787003,-0.004113239732758571,-0.7171713999905005,0.696833614611404
11.124435590962797,-1.2066748460266727,0.40831549152204905,-0.008702497729302748,-0.0037521254292454845,-0.7178063980060141,0.6961782669580461
11.124629419995644,-1.2496618877076457,0.41195249147565427,-0.007385592692208861,-0.0036533541376390414,-0.7182947104458918,0.6956901776931218
11.122765601841884,-1.291576269073321,0.4132869565641526,-0.006437316218429371,-0.004448530706061769,-0.7183734460541733,0.6956136585724421
11.121696716954641,-1.3330379963089078,0.4156127346018832,-0.006208841362007958,-0.004124947276948622,-0.7184698610219734,0.695518133075631
11.121503063600382,-1.375456782069488,0.41810003599447265,-0.006539776054757871,-0.0031422291234842166,-0.7185358089441236,0.6954520994859476
11.119013825233331,-1.41715376530582,0.41827157645991675,-0.007030135413330854,-0.0034366800735314298,-0.7179334519334488,0.6960677655290523
11.11757877580344,-1.4581342954524392,0.41799717204233566,-0.00850146889251025,-0.003363491903792797,-0.7176934376514245,0.6962991773263908
11.11596270233827,-1.4987194231621621,0.41609297374407017,-0.00961689337364182,-0.00443470346351989,-0.7174495680706386,0.6965299382953897
11.114594666344646,-1.5378510783907187,0.41606685957966416,-0.009913628496624704,-0.005218420233194176,-0.7172496702978202,0.6967262013385098
11.11413915848409,-1.5783769923621334,0.4169601226587414,-0.009759392594886826,-0.005758250111625575,-0.7172160434644819,0.6967587428427057
11.113217919258625,-1.6187057782577088,0.41920871284361505,-0.009943262179161569,-0.004965080790025367,-0.7170946982494731,0.6968871199244577
11.11285151527648,-1.6584631254230326,0.42323634624730033,-0.010133759157712703,-0.0032125709534613933,-0.7171133661575184,0.6968754617086514
11.11250231735399,-1.6987345689314868,0.42525230744895826,-0.009877711524676003,-0.002952519860641454,-0.7171988353324381,0.696792331379318
11.111973918411369,-1.7378068275862573,0.42710477080360887,-0.008630535440457006,-0.0037511344155010885,-0.717500437058649,0.6964944914961888
11.111896883697312,-1.7758024898226146,0.4293641447106076,-0.00739881594058529,-0.004631029056834967,-0.718099872562659,0.6958853265360748
11.115307090249164,-1.8157250597978267,0.4302550067220672,-0.008150602108867172,-0.003948873466340403,-0.7193665870568606,0.6945715717673049
11.115661219959398,-1.8539576898057928,0.4323914213506894,-0.008654067918144673,-0.0029101898178624536,-0.7202035943663533,0.693702696705048
11.116914780820315,-1.8931235168303617,0.4348242876055952,-0.008394037827640742,-0.0023241637737760838,-0.7209869161846721,0.6928939385441885
11.117131815608852,-1.934724216577528,0.43443670136674584,-0.00769137338708792,-0.0045667488683197935,-0.7219526999752327,0.6918845912943522
11.121324375218055,-1.972942958545878,0.43124788508134726,-0.008930818485210065,-0.0062412210498291945,-0.7239237076916522,0.6897939887627478
11.12598504854688,-2.0125379633816065,0.4301157424063553,-0.010388623871032721,-0.006760378034535801,-0.7262342523302823,0.6873355548243915
11.13100111778518,-2.051316552527826,0.4307172318356898,-0.011715868533001448,-0.006094306336492361,-0.7285824831335411,0.6848307616115987
11.134190482050611,-2.0926339838927768,0.4309786403002347,-0.012336205993953877,-0.005854617065522609,-0.7303735670320036,0.6829114124314363
11.134786168200172,-2.1323215273998866,0.4356078944821986,-0.010950437164624256,-0.005571813339370079,-0.7320152239260294,0.6811774751682605
11.136717788612845,-2.1733624877662816,0.4363879182279615,-0.010375117378054364,-0.006820313893022302,-0.7338772050973771,0.6791686730608724
11.139388146253337,-2.215458442533834,0.4369657771526241,-0.010539555740992083,-0.007235392194551496,-0.7359181573618895,0.6769497930749603
11.140790882738225,-2.2592932223489477,0.4390578605957165,-0.011183338312988338,-0.005944529895594626,-0.737777737459697,0.674924877024069
11.143860618633731,-2.3009021472046847,0.44348334513664334,-0.010333048867203726,-0.004642452943985029,-0.7399346165793037,0.6725834061615451
11.144501039195985,-2.3449363720243563,0.4481207089065422,-0.008672676911234925,-0.004516213641928221,-0.7416603873078232,0.6707042985127157
11.1464743452924,-2.3903158965197857,0.450520990014323,-0.007284511801224152,-0.0055110208383658075,-0.743722000951662,0.6684266411593485
11.146387093134942,-2.4368153429760753,0.44846480403588096,-0.009223711668950998,-0.006137525026583037,-0.7455868013510107,0.6663164385172075
11.1461235637674,-2.483536274594387,0.4457242566980067,-0.00958332900809161,-0.008550154167579102,-0.7473082698911776,0.6643533925039855
11.142705662230174,-2.533338974538152,0.44718920759788316,-0.009281072003859022,-0.0093701775846481,-0.7484370402252823,0.663074709610411
11.140905361091871,-2.5812306367381264,0.4492887012408495,-0.008176223279072302,-0.010059017134514032,-0.7498875409449776,0.6614383036792324
11.137399465636788,-2.630160846075696,0.4547973198019202,-0.006144801636376883,-0.009519839618803705,-0.7510608416829833,0.6601357597918136
11.133457668673202,-2.6798261664590597,0.4582222792520745,-0.004362044014145837,-0.009801086035252938,-0.7520469718398816,0.6590221951570028
11.129686976155888,-2.7310536744145906,0.4633115003706738,-0.0024263820849601,-0.009504158414752517,-0.7528875672269422,0.6580760504876049
11.123373218587288,-2.7834963761802265,0.4664711868535072,-0.001061913120742437,-0.009682809381623447,-0.7532271522399313,0.6576883414068353
11.117730194616534,-2.8350540128974977,0.46798800406113905,-0.0003001086079420672,-0.01037130708732272,-0.7535360974265192,0.6573246631839005
11.10977851518346,-2.887705809418032,0.46678725266337473,-0.0006833064318587423,-0.01190174009766665,-0.7533367577267187,0.6575269027018004
11.103508818329372,-2.9415730238237177,0.46573307351700555,-0.0005321203378913347,-0.013819753498606908,-0.7533659689761881,0.6574560532777446
11.095824779231544,-2.9955262720656974,0.4647198748066579,-0.0002300461686405257,-0.0159730143611489,-0.753017227584619,0.6578068629904491
11.086764732415615,-3.0503430433889207,0.46818657863526303,0.00214535118046526,-0.017250182827679296,-0.7524651671579652,0.6584026107950044
11.075247959145933,-3.1060633235532213,0.4706587771023498,0.0041648045377168435,-0.01908906311392931,-0.7511994820125218,0.6597860246195663
11.063564391692914,-3.162002223571279,0.47315753403629157,0.005482123913171034,-0.019674810439731735,-0.7496704578112343,0.6614960654390226
11.052255718123158,-3.2201533981262314,0.4766720865809167,0.007154598054279429,-0.02035980575789618,-0.7482965013313325,0.663013311012809
11.04032186601797,-3.2783426722456532,0.4794149363029575,0.007670687363295959,-0.019776083247061985,-0.7465440870578663,0.6649977339283796
11.030246105851795,-3.3372952134254428,0.4803215568597764,0.0075020136598305176,-0.020134405063810038,-0.7451037108501005,0.6666024159723022
11.020701251930358,-3.396363181595359,0.48009726189722157,0.006592221064067007,-0.020591562385058382,-0.743643041475365,0.6682271806041216
11.011069708629206,-3.456109707459972,0.47975773488861595,0.006846528711456385,-0.021467285240035928,-0.7420156559387576,0.6700037636491055
10.997396507955864,-3.5174690024974176,0.4854635905201934,0.008135490732175283,-0.020616528505827493,-0.739902137789988,0.6723493257402644
10.986531774901717,-3.577692001510435,0.48811232845882424,0.007591706956961099,-0.019671496084656893,-0.7382596574117914,0.674186967584646
10.978611547448933,-3.6393714110433706,0.4845128629439597,0.005408241931882841,-0.021339002950314545,-0.7372108604253635,0.6753040265924638
10.970214675138564,-3.700844075846395,0.47959811056045143,0.002691207125946538,-0.02382451757189537,-0.7363247392037825,0.6762033891523745
10.963365435156275,-3.7624049771336097,0.4790449845296214,0.001557597030664263,-0.024751156174768994,-0.7356934890814599,0.6768604203531389
10.956520124764543,-3.824580950090975,0.4852402603974948,0.003285069420604405,-0.02408350575904049,-0.735179007673548,0.6774370959638202
10.94886653018304,-3.8869049468128134,0.49354788180983666,0.0061192297501239685,-0.02289221015487871,-0.7345457342468569,0.6781453266371503
10.944010298368411,-3.9489740775586553,0.49921415816773873,0.008500993713391988,-0.022781709263443757,-0.7342339391399156,0.678460945084941
10.937221357443448,-4.011448026035831,0.5049131629311612,0.00986324781439114,-0.021731710258469837,-0.7337472546964883,0.6790032601157979
10.931578204513709,-4.07612489325509,0.5088771439970219,0.010724742512068413,-0.021317195197530673,-0.7334921558603935,0.6792788811922396
10.924790977031025,-4.138786380018642,0.5103391274552074,0.01031854649015697,-0.02139109393003499,-0.7330277219494697,0.6797840280061775
10.921010786490019,-4.198375637488496,0.5076428648223743,0.008704235176018609,-0.02297033292246332,-0.7328450383843512,0.6799520205280514
10.914328070718266,-4.260576278669909,0.5075279272498756,0.007987752930594595,-0.023879373656647853,-0.7323493713342397,0.6804633562988875
10.907580673103567,-4.322583872992431,0.5100991984965368,0.008197151830116175,-0.023714166188788865,-0.731695214026904,0.6811699731657821
10.904382413219086,-4.38245801379575,0.5138544387508102,0.008616723743972292,-0.023034902569680722,-0.7315947373770819,0.681296031932223
10.89942709566736,-4.4414550279539355,0.5146341810636965,0.007262509938261482,-0.022731969466944807,-0.7311876400669707,0.6817588662609467
10.893239777654948,-4.502971569027395,0.5134027476118455,0.0055544110727637815,-0.02364652289915402,-0.7304504239108718,0.6825336396984307
10.888800647874232,-4.563416412179946,0.5145054016748429,0.005330199855891469,-0.02416139513103229,-0.7299350212167821,0.6830685682603126
10.882962612608289,-4.625504201754207,0.520469526876314,0.006618648743803348,-0.02280888590930492,-0.7290571876819558,0.6840406006404808
10.878755762933437,-4.685269322163122,0.526912863905928,0.007435369376112321,-0.020735384739310456,-0.7284509379459889,0.684743733417912
10.872170350278138,-4.745186523104345,0.5302548739464805,0.008073076517080367,-0.020313945671525946,-0.727306591112152,0.6859644877190703
10.866063798160598,-4.813597959295826,0.5334260832470346,0.007883066385744755,-0.01999116048693002,-0.7267611303578525,0.686554043930027
10.86205075192397,-4.873770141353745,0.5347831125071885,0.006751931594150957,-0.019233438334959677,-0.7261996280338533,0.6871816408725931
10.858473034059207,-4.933307974623277,0.5376791881464675,0.005741514242642969,-0.017511325653072403,-0.7259041707361761,0.6875489086126423
10.850105981551351,-4.992120346142103,0.5430791769561987,0.004879198495515908,-0.01447589381118622,-0.7247903666293204,0.6888000763026793
10.84832508898684,-5.05167533864336,0.5467311363041283,0.003578434311906684,-0.012155941438331073,-0.724811741044704,0.6888304409644933
10.845204551650928,-5.110693673439712,0.5453346909554302,0.0021650530277724394,-0.012913462933754036,-0.7247308851667945,0.6889075999604701
10.841918534544828,-5.170909713536921,0.5446153738518085,0.0009692489425458162,-0.013553458317014726,-0.72478945669932,0.6888364263955659
10.841504702979595,-5.23009237826181,0.5417824666419078,-0.0011454229289871874,-0.014901773601104902,-0.7252133415633897,0.6883619909796376
10.837640197644294,-5.289425409561201,0.5421850669084591,-0.0017683719617823728,-0.01596359326422563,-0.7249959704893749,0.6885658091333319
10.835818017913429,-5.347356147348583,0.5438405536395763,-0.0016247448773739819,-0.016844024106529833,-0.7252441344256204,0.6882838019941824
10.833324361423282,-5.406578027496831,0.5516515587107449,5.22937464564039e-06,-0.014932460353616547,-0.7254081972104164,0.6881569350389353
10.832556163124039,-5.4648972510372,0.5566358105089577,0.0005073124728879345,-0.013265887507176808,-0.7260131203253638,0.6875526851006486
10.831294641158662,-5.523037719004098,0.5610788263614914,0.000615404359202643,-0.012072522807076215,-0.7266449671219094,0.6869068241904013
10.83012268543902,-5.580899412777882,0.5624504985327654,-0.0004910459520393941,-0.011417914543855568,-0.7273445583596343,0.6861773116235047
10.82875583321207,-5.639524366839857,0.5645991946301443,-0.0009935091536379921,-0.01073580458397788,-0.7282909509765032,0.6851832194223739
10.831437428415038,-5.697467891199936,0.5676902797542018,-0.001519776408421662,-0.009571399920090172,-0.7298425515278011,0.6835465660159916
10.831289412536021,-5.7553186972786925,0.5701894486891987,-0.001401578026274243,-0.009395179479561833,-0.7312342500856939,0.6820602887647446
10.830699435920902,-5.813897663975019,0.5730809238321211,-0.0014941410785492134,-0.00880687540945668,-0.732537554593415,0.6806680071701395
10.830290267857322,-5.8718512626277,0.573775867901622,-0.0023858933096919913,-0.008664428120589717,-0.7338766315788054,0.6792233159105059
10.830607804041968,-5.928569340182344,0.5726250603531735,-0.004303407582451484,-0.008710691946356553,-0.7353798264622309,0.6775855112525402
10.83001070963273,-5.987412251881463,0.5738891636302377,-0.003660009693014415,-0.010004742795434634,-0.7370354983885966,0.6757700690408438
10.833372286639383,-6.045226724271437,0.5763382858978119,-0.0038336907692440025,-0.009671677663840925,-0.7393463544767256,0.6732449371308301
10.834556198267881,-6.103117270931605,0.5797132477334594,-0.0038157051387095607,-0.008838636373453947,-0.7418251266936825,0.6705242582216118
10.836496886278136,-6.16033697812996,0.5821708844526459,-0.0031022978636547215,-0.00905518889804259,-0.7444813703621053,0.6675746156478614
10.838691126767625,-6.2192870629116035,0.586571417913067,-0.0021783640823605853,-0.00790840176936939,-0.747449034776744,0.664268527607692
10.84104596134978,-6.278730084459571,0.5908980233003307,-0.00077701689715594,-0.007736175691471329,-0.7506050710568312,0.660705360606384
10.84197864316893,-6.338141120816044,0.5933035733221459,-0.0011939462731746263,-0.006675357396689747,-0.7535322116813283,0.6573760073884933
10.844027719998024,-6.396313677422349,0.5955805943551353,-0.0013056739714880899,-0.006405010668304421,-0.7567928052645251,0.6536221598078158
10.84403817142258,-6.455689607924019,0.5976812307815247,-0.0007125559162818435,-0.0065304263755592154,-0.7597489316710424,0.6501833639883323
10.842520753242535,-6.516034792692988,0.5994327196691955,4.064356285771212e-05,-0.007381009377863587,-0.762581176672875,0.6468504016456262
10.841687391686698,-6.574820964135504,0.5999729642674252,2.6008776135892303e-05,-0.008653802950858682,-0.7657534022093739,0.6430760920902348
10.841210985576335,-6.633874573657687,0.5999700420612055,-0.0004735376929759125,-0.009343902592787867,-0.7691182468366581,0.6390380218126908
10.839875105977885,-6.694090356327207,0.6021937835351583,0.0008627855937129259,-0.010214975076759888,-0.7723346861291667,0.6351330940605107
10.837876396698107,-6.753893324332955,0.6062644041291687,0.002809658040072409,-0.0110707337889054,-0.7756530284510356,0.6310562086544517
10.836914793973612,-6.8128791013647,0.6051784174281187,0.002984552235536991,-0.013066356501289128,-0.7791437162637471,0.6267020325819407
10.83081531402351,-6.872653282818735,0.6054994749018499,0.0038238891147220227,-0.015222708181654995,-0.7816461186269752,0.6235246620101673
10.823413635731562,-6.931461928007793,0.6078405136563529,0.005557956479035262,-0.016549879589880884,-0.7835678663027993,0.6210608743567821
10.814848409054349,-6.990393747968646,0.6115283667013278,0.00826965345879865,-0.018431593973088734,-0.785101407803749,0.6190377098735113
10.80262214360281,-7.048327842413125,0.6109653055792075,0.008998771388004218,-0.02073507557258378,-0.7857557257841157,0.6181238049841766
10.787297173542918,-7.106354436834387,0.6097549692097064,0.009241907349238406,-0.023179296294169156,-0.7855846021788202,0.618250863367543
10.773925125747592,-7.162426872882953,0.6091353366109953,0.0103894404485058,-0.02616996871473661,-0.7852644746623183,0.6185199261634203
10.755499444478195,-7.217899536388588,0.609890212545185,0.010547669495643211,-0.02752042207418446,-0.7839311220148597,0.6201478695225107
10.73609447920239,-7.2743546629254645,0.6135383573092015,0.013294885568965572,-0.029053076899536328,-0.7820151508856172,0.622439931892718
10.716073438813265,-7.329234575151576,0.6203044420465753,0.016647627154153567,-0.029091397658413034,-0.7797282131125869,0.6252203344350852
10.696985793035047,-7.385838651058133,0.6275570424840247,0.020044835778414195,-0.028627982486760302,-0.7777582525406933,0.6275912035530611
10.680478763092566,-7.442994120844519,0.6289136860640916,0.020855520285143224,-0.029493155187054036,-0.7761911208247555,0.6294621208602025
10.663097887285474,-7.498240166099951,0.6271404485294223,0.020450478492814984,-0.03130272610846711,-0.774364806883593,0.6316336259235924
10.646760824790723,-7.554822397656082,0.6215419983213035,0.018181824690303616,-0.03371113152347482,-0.7726621543232505,0.6336609427292477
10.629161411330081,-7.611587319577801,0.6194413997531836,0.01722271157579575,-0.03542522795305496,-0.770632493994618,0.6360613055705726
10.613601240467016,-7.667936466537528,0.6210086106419599,0.016535323804630048,-0.0348896166496477,-0.768863354880322,0.6382463770179707
10.597516084478027,-7.724088092333103,0.6275777258290169,0.017205361225162297,-0.03256475627672021,-0.7668032216166263,0.6408247374637908
10.581500234731612,-7.780617876458189,0.6329234256897851,0.018783096265684317,-0.03176233042898831,-0.7646238388844597,0.6434195438823475
10.563880584761712,-7.836982231778734,0.6341089003846454,0.01932694264854659,-0.03216040418385857,-0.7622812289433105,0.6461574903549036
10.549814860786071,-7.893350668307395,0.6358288686055751,0.018766005189398513,-0.031711123763550654,-0.7605265404188671,0.6482604572173188
10.537295021009848,-7.949768914522487,0.6352373576229748,0.017193153931841922,-0.03186320834425697,-0.7593681532847085,0.6496530795692732
10.524674471822378,-8.005640052325731,0.6329098113908573,0.016168244842543894,-0.033498311141340414,-0.7584469353670505,0.6506724763573455
10.515440270052682,-8.061312520063847,0.6333805579756824,0.01592118217971542,-0.03415661230824649,-0.7582336311460087,0.6508929400637404
10.504501365480372,-8.115793772479407,0.6386891167357653,0.01732558846283806,-0.033297752090012706,-0.7578091795579932,0.6513956827224788
10.497227447425713,-8.177247511433427,0.6484822577550773,0.020663545800616048,-0.03149555384302689,-0.7579423124639353,0.6512330387500547
10.488223985852443,-8.22512537446068,0.6563537789881884,0.023285558125600937,-0.029660118210468767,-0.7576147726458601,0.6516117883468381
10.479983743781295,-8.277258882010468,0.6590493540304819,0.023548890055740502,-0.029453967327995944,-0.7574126292649636,0.6518466048763132
10.471978787716042,-8.327583949571943,0.6553364240243837,0.022569834638874388,-0.031791620285323445,-0.7572307618373689,0.6519827157739801
10.464435449350116,-8.378360317280396,0.6509246492545926,0.02013375753687911,-0.03345096809713814,-0.7571871838397433,0.6520300984869524
10.458262973926368,-8.430136400474831,0.6490474323580706,0.01821255013815875,-0.033807346353930574,-0.7573501310425125,0.6518789308590384
10.450332526349639,-8.480909778257564,0.6501393143767764,0.01785594967810293,-0.03387920060564539,-0.7573507702277615,0.6518843226529658
10.442621820921982,-8.5309345323649,0.6519015108554385,0.018485550714839375,-0.0340558198272464,-0.7573668672058488,0.6518388696050109
10.435884325207779,-8.58057473667847,0.6569790838677898,0.01978015397522208,-0.03322872786282608,-0.7578772540997682,0.6512500909331143
10.429520503978589,-8.631559279674075,0.6638883646510898,0.021975313428621565,-0.03203685659784276,-0.7583778097710749,0.6506564711050998
10.42148819360554,-8.681936850301739,0.6687118789968503,0.02427414520866315,-0.031614335605415024,-0.7586022152853364,0.6503337256713134
10.41508838126429,-8.733036044253708,0.6731037166426692,0.02661949847904661,-0.03217329979633156,-0.7590735050928307,0.6496642871157511
10.40988031692244,-8.784035618323474,0.6727394475295354,0.025849772719434123,-0.03298673445601755,-0.759588002345534,0.6490529655468873
10.405100995349308,-8.837210519185698,0.6676086082806085,0.022819978210225095,-0.03445240607489729,-0.7600140806164483,0.6485914541657392
10.394436668789904,-8.883297811730214,0.6622596002364318,0.021871393743647796,-0.03807048534505597,-0.7593536720347192,0.6491951135952997
10.386109933959318,-8.931467781365894,0.6623171193672786,0.022191657949279228,-0.03947372805816778,-0.7586680985335077,0.6499015727851818
10.376708920179654,-8.980863968777065,0.6669650811188594,0.022808218571320635,-0.03821526406603314,-0.7579322622993049,0.6508133748655924
10.36465519018907,-9.029233310848888,0.6726533083201378,0.022610568969311462,-0.034770246468167725,-0.7564061303234946,0.6527859964738257
10.352462189613618,-9.078853124873355,0.6769020317153949,0.024036011058182028,-0.03411277763926431,-0.7547505278445786,0.6546833178174948
10.341996647308186,-9.126610674636243,0.6778729465947224,0.023557551125169364,-0.03365654987969264,-0.7533730606375905,0.6563088583664017
10.331213457565294,-9.175902745053248,0.6794168264704901,0.023505907857174033,-0.03365310891021039,-0.7519835751732693,0.6579024593157274
10.321387501525233,-9.220636065335343,0.6775505153651027,0.023161333792692,-0.0352990689029452,-0.7507467254967605,0.6592396348609281
10.313769706940075,-9.267680632339502,0.6771245539886683,0.022053575151783283,-0.03546259781491276,-0.7498885657766547,0.6602447918760883
10.305929592359337,-9.313654406431347,0.67864213091182,0.022300143410026802,-0.03525166510505303,-0.749097034330857,0.661145715855232
10.29684395835834,-9.361969097032008,0.6847755317434974,0.02436004547698979,-0.03400492040040568,-0.7481451330833724,0.6622153172089206
10.28795644674952,-9.405852508416677,0.6897982981928368,0.026427852351835673,-0.03315109953084319,-0.7473163474767502,0.66311450497828
10.281439153968249,-9.453267046068202,0.6915598596246628,0.025930655161298232,-0.03242956552449123,-0.7469377085250493,0.6635962448225916
10.275417121726448,-9.501285888716751,0.6890239433769096,0.02393819632513614,-0.03305663433542249,-0.7468143294773015,0.6637790032715976
10.268489160888134,-9.542313742333695,0.6859812125826217,0.022137864809718025,-0.03436979329858749,-0.7465475242443208,0.6640748710040995
10.26515539930446,-9.5895044759343,0.6848911817405963,0.0194939752289501,-0.03304572613289147,-0.7466855955661178,0.6640697184338653
10.262244380582581,-9.63307193908155,0.6886662887146962,0.018087091233897942,-0.03060491438393305,-0.7471382743286668,0.6637172502719609
10.25611900348681,-9.679795811261501,0.6934067134565822,0.01918655133681303,-0.029157287400012333,-0.7470756770115855,0.6638220099137984
10.251845428317667,-9.720994368795173,0.6990808572541738,0.02089890215957006,-0.027765984028552043,-0.7470950816993247,0.6638081189593664
10.247169542937103,-9.760559277498768,0.7033669705467642,0.02191411336339699,-0.026574015480324304,-0.7472200833498871,0.6636834507314938
10.242446322603229,-9.802806816197199,0.7036615320814636,0.020586725228581938,-0.025749127312975816,-0.7472644347568312,0.663708549022839
10.238951966382281,-9.840300783344683,0.7026008675420079,0.019434667076963955,-0.026250104210143302,-0.7473219765991246,0.6636588608945964
10.235056531088395,-9.874603250767478,0.6993087959254343,0.01841175246112953,-0.028134289882522912,-0.7472238815370319,0.6637212774200862
10.231002430577208,-9.90923350205823,0.6977425126550152,0.01747268701017549,-0.029019253722325885,-0.7471291413081766,0.6638152138908027
10.225312540175736,-9.943063827065034,0.6981670781764695,0.016882800072330326,-0.029072674448620633,-0.7467441093562038,0.6642612117892346
10.2205188817749,-9.975663809730168,0.6986142829730886,0.016280027216060304,-0.02867616959929949,-0.7463717990298887,0.6647118128767457
10.217901846205596,-10.006481952559282,0.7004124720291456,0.015016424322184634,-0.027207629668984386,-0.7464551727479983,0.6647096341747145
10.213726270685552,-10.036453398473043,0.7001111602528827,0.014703531199629869,-0.028131814820456336,-0.7463829623815927,0.6647592689796695
10.215003191917072,-10.063461298178805,0.6982934675430439,0.013356634965547863,-0.0285799439424518,-0.7474904200059937,0.6635230636247084
10.21433596987513,-10.093028071225312,0.6986078907147029,0.012374886944347881,-0.028930363704095796,-0.7485367043777366,0.6623463726959173
10.21511777565271,-10.11979068481998,0.6986399732150579,0.01161345357636197,-0.02948814125257275,-0.7500130028989539,0.6606633563577256
10.218574729221187,-10.147796232882365,0.6971841518215331,0.011198544117499128,-0.029774175486987402,-0.7517807805005841,0.6586453879126276
10.219015320697764,-10.1755970908075,0.6991728109743143,0.011605827125723386,-0.029885775288460002,-0.7533592645284827,0.6568271959660634
10.219350338961126,-10.201375311873395,0.7007723410216666,0.012472263313007517,-0.030631698716227607,-0.7549606568886753,0.654935525103239
10.221366274160582,-10.228003398963262,0.7026641957965651,0.01296334146686352,-0.030642817687376596,-0.7567537176672372,0.6528527877806162
10.221631286448835,-10.250760330052683,0.7061263263007209,0.01379149753223825,-0.030261528627793074,-0.7583666050606013,0.6509793684080891
10.222367400266977,-10.27528758834355,0.7076305007047363,0.014822945836024778,-0.030571878459239123,-0.7597051636426578,0.6493794625609002
10.221692864831176,-10.296371268540366,0.7082995744722727,0.014629867566651831,-0.030361095546253117,-0.7609974559688267,0.6478788859436488
10.22230792472069,-10.316113228430938,0.7070847873121018,0.013355615161136036,-0.03063286870278715,-0.7623586106916902,0.6462914302825209
10.223453197219099,-10.337003380715316,0.705173118441274,0.01273117550486423,-0.03177969508254996,-0.7636894016034399,0.6446754814373817
10.223933889132793,-10.358091880638572,0.7055144528906894,0.012760017339638599,-0.032374732084538345,-0.764932842485265,0.6431693282202877
10.223598108349236,-10.377107394526298,0.7077805866848212,0.014188089606147678,-0.03294994610089446,-0.7662306694206555,0.6415633795537554
10.22501677252417,-10.397167298740463,0.710948241124548,0.014780507838859997,-0.03214648482985689,-0.7680383621768095,0.6394256844572201
10.227428066095513,-10.41715463542127,0.7125178994551131,0.015298901432491392,-0.032295287606492785,-0.7699792629470984,0.637067400954721
10.22782102409897,-10.434490712324877,0.7131811302541351,0.015212750561556297,-0.03226098871668702,-0.7714789433792626,0.6352543226119017
10.229813965093951,-10.453570038783445,0.7144565901003688,0.014399901043553466,-0.031467748518560226,-0.7734250929478247,0.6329423924167841
10.23258855107859,-10.472808570799083,0.7159479994619273,0.01407454764367652,-0.03089613767401028,-0.7756289053796714,0.6302754560827765
10.235794088154057,-10.493093339806292,0.7158416007255273,0.013466290784829528,-0.030974780961249098,-0.7781332148532429,0.6271905063429751
10.240086287811636,-10.512974345945668,0.7137503534386465,0.013064421237920471,-0.03233630857228224,-0.7808763697869979,0.623711297496272
10.246916518619438,-10.533838143970616,0.7125368769165235,0.011952952522315789,-0.03278147169798,-0.784351275023095,0.6193347770898993
10.255236378434748,-10.555301014772297,0.7124178937139831,0.011288320655536192,-0.0326429413701888,-0.7886090714819106,0.613924048008728
10.263516284043796,-10.578362135556118,0.711730814367936,0.00998212562275963,-0.03238911929180623,-0.7931624975817333,0.6080662170847045
10.272127139070582,-10.600734024938617,0.7117747939075798,0.009369545640699943,-0.0324351722097522,-0.7977645514247932,0.6020231836185987
10.282332546804787,-10.625755006719457,0.7159387764539975,0.009206430296514696,-0.031296914630906406,-0.802602990661935,0.595620828165613
10.292144151957864,-10.649024049482053,0.7160327111110245,0.008408398927157662,-0.030135953938886226,-0.8075748190576908,0.5889346715111686
10.301595163624306,-10.674477325152312,0.7162629352557612,0.007521368899395942,-0.029637984412017482,-0.8129215914654432,0.5815698535767898
10.314394770842977,-10.701784749011765,0.7166686304606271,0.007537811229822896,-0.030318966079448954,-0.818800796445519,0.5732269675006814
10.323239899595185,-10.728236212064553,0.7177406253677585,0.00711649373197697,-0.03061791251872234,-0.8245483545608916,0.5649176207656427
10.337038955620084,-10.757903700498472,0.7171291408332312,0.005918124959732802,-0.03047552272103824,-0.8312053510130497,0.5550980794542674
10.349803638942447,-10.787374440839653,0.7179952024188854,0.004823141222894766,-0.02931516269721866,-0.8378897534266427,0.5450303916484766
10.363551493333915,-10.819325275029863,0.7208639772465437,0.0036795875550949928,-0.02725407002283404,-0.8451675737392074,0.5337934544784247
10.378543094764758,-10.854654782613904,0.7214397927514744,0.002489564187661454,-0.02579811949892489,-0.8528809608619136,0.5214617292080488
10.39133381513926,-10.890490978444511,0.7235219338241468,0.0020665165054909226,-0.024963481946785115,-0.8604315148746953,0.5089500889973778
10.40197057165782,-10.927146935148503,0.7250212180786744,-0.002219246720831466,0.024635765954136888,0.8680176327157045,-0.4959168620899258
10.414998636594788,-10.967168922833766,0.7286642978136192,-0.003520823799491207,0.02462396139338823,0.876088546688493,-0.4815081746736421
10.426439345857604,-11.00901376988037,0.7319184736958115,-0.004269313049117549,0.023864156191290162,0.8841756070200654,-0.4665252023484857
10.43625082853708,-11.0518551714185,0.7357123975476493,-0.00503354912673842,0.023160393104612483,0.8920915141139603,-0.4512327501103583
10.444434576444106,-11.095210868521669,0.7375378770217292,-0.005154952128732516,0.02281473354739489,0.8998784244730252,-0.43551319610918543
10.45180650922895,-11.14012071020912,0.7386767626436312,-0.005620384859928196,0.023473519495789838,0.9075883404765227,-0.41916680728984423
10.458250126150663,-11.186043838150308,0.7423260625143517,-0.006646327574447439,0.023017343884505072,0.915227896992661,-0.4022237451176096
10.462669611567934,-11.23313900648652,0.746213132630257,-0.0075664665612410545,0.02198529321670317,0.9226270049238366,-0.38499195164579947
10.46459972556501,-11.280368132437813,0.7496680501635111,-0.00804418848002633,0.02059301776624437,0.9296987757279503,-0.3676566563731691
10.465029006235827,-11.33016386847807,0.7507847099737259,-0.007676461787645403,0.01959254036887276,0.9366415305359564,-0.3496567574208771
10.462386523845067,-11.37997420382586,0.7523357844132472,-0.007789021741666893,0.019200143133853646,0.9431537933327726,-0.3317101581668697
10.457151826646832,-11.429386701288637,0.7532023681736117,-0.007830375797617882,0.01924204480996254,0.9492751132259265,-0.31375977963418444
10.44998886426738,-11.477063778177953,0.7540161277291593,-0.007802630935399403,0.019746106241684453,0.9548994337926543,-0.2961693448629152
10.438973964278125,-11.526994008576281,0.7544706901305378,-0.007632667668231278,0.020046157313210078,0.9601947270777969,-0.2785066840997518
10.42538694850488,-11.574295344909277,0.7561884484701658,-0.007925178087684415,0.019835222658268457,0.9649185661312926,-0.261679061010519
10.409022478215977,-11.621379176306137,0.7569031592574142,-0.008009689985034022,0.020225916288614473,0.9693293915404014,-0.24480050750312918
10.391214655837052,-11.668952756822232,0.75831759615164,-0.008085231515834023,0.018856533821402326,0.9735937311560933,-0.22736382071227265
10.369813155945204,-11.71876142923829,0.7620887873002662,-0.008983099738867672,0.016967208183232167,0.9776497091349188,-0.20936203245988486
10.346081873666394,-11.766572455810081,0.7670149802915365,-0.011269880487653114,0.01687838834533492,0.9813326491033028,-0.19124419471226442
10.320341410046604,-11.814837245201836,0.7721711989817486,-0.014230110500390044,0.018738813175719227,0.9847431629710571,-0.172415977336682
10.291819369005546,-11.86319406629468,0.7786313828025533,-0.017014222728975164,0.018609921638738612,0.9878761305524402,-0.15318270588220298
10.261673537571719,-11.912375512390755,0.780402356351362,-0.017610999792373693,0.016630127838862648,0.9907422992080706,-0.1335776792491177
10.228838532303657,-11.961338796491317,0.7807078100856397,-0.01758611463161777,0.016169695951836316,0.9932397309081359,-0.11359623680653562
10.1944288782909,-12.00755681873041,0.7796636288958334,-0.01744491349468341,0.01856805541401988,0.9952818235523665,-0.09362152622163754
10.156576568528571,-12.050422430645446,0.7785232648544489,-0.017291315463416022,0.021289405292682327,0.9968750227207671,-0.07408073534478658
10.11951609453977,-12.095084449763243,0.7753559435035835,-0.01586594373947764,0.021886278022325952,0.9981952041917195,-0.0536247366657844
10.07911504674958,-12.137094499278895,0.7714695819211146,-0.013680515839235841,0.022217129418432728,0.9990882144037363,-0.033793379061558625
10.037567564341268,-12.171740855398289,0.7666121450829336,-0.011252580454851297,0.02277344431514608,0.9995448522102877,-0.016273975627915414
9.993726623394373,-12.204161117095234,0.7621718476995862,-0.009156333660588462,0.02471293651215007,0.9996525563211134,0.00043762934951569035
9.945590540097948,-12.232838910190974,0.7622967608182423,-0.009087474068867724,0.02596421335580956,0.9994948571613356,0.015915785553457008
9.893582588356587,-12.2561501954949,0.7650750563785929,-0.010478800016396894,0.026464302840339883,0.9991465741561392,0.029932492328251712
9.842725236663085,-12.27813124263029,0.7681285147327532,-0.01170375855347694,0.02663924523222581,0.9986404624569855,0.043250421652028075
9.791158837562676,-12.296135379133782,0.7696984178165618,-0.01259923855762634,0.0261384959116887,0.998057639704094,0.055126982252246486
9.736831228624485,-12.30862257375032,0.771175849444873,-0.013366429490127134,0.02625674363713305,0.9974180506264433,0.06549165173075626
9.681276427465471,-12.320634432768298,0.7727002965643601,-0.014449378268277389,0.0253876068520034,0.996722004549197,0.07544489668047727
9.626913683178554,-12.33074645445676,0.7749377279673588,-0.015999216489900766,0.024782918795036225,0.9959362429086336,0.08509306730532958
9.5713051433449,-12.34086431714862,0.7783490211236463,-0.018347544548693112,0.02359831190294325,0.9949988162810027,0.09530924704175966
9.514814561564371,-12.349557860325001,0.7837918735429543,-0.021440021086953035,0.022639006399215882,0.9939485225674377,0.10532865728079634
9.45743336177984,-12.355227625099795,0.7868136821312293,-0.02377660713945052,0.02140641982516668,0.9928591474885786,0.11492235900181041
9.399720780984321,-12.359918633753557,0.7875453831336294,-0.0251950057417448,0.019198387041786166,0.9917503054526772,0.12420935903480572
9.342484116248059,-12.361620032574146,0.7839989073276268,-0.024715411531042838,0.017216230357674167,0.9907222727121031,0.13252217556972945
9.283176651598383,-12.361934571499805,0.7762528840312388,-0.021530692434771216,0.017544611367090984,0.9897074228418876,0.1403846280877038
9.226495598754616,-12.358129913041815,0.7666115894170091,-0.017902266160855832,0.016232885606233916,0.9888948940348958,0.1466386558358919
9.168067490583907,-12.353888221472696,0.7597520717085486,-0.015501500594902495,0.01494605257055622,0.9880278643229057,0.1527653220927351
9.109467515930659,-12.344334286122233,0.7599354009394212,-0.016335816269308388,0.015799316276048126,0.987260094908114,0.1574834456231407
9.049467715548976,-12.332709587408063,0.7624870031687433,-0.01779441574009426,0.01807306469479919,0.9866090355628709,0.1611189836736755
8.991217842948547,-12.31955875240904,0.7608581903603784,-0.01773073928292404,0.020856810258271824,0.9860058550709173,0.1644477699156759
8.933812092116927,-12.303826708892426,0.7576118785263946,-0.01648925591294674,0.02221541052242723,0.985633900383898,0.16661453008246774
8.875083187760909,-12.290468213839052,0.7568173108076497,-0.016631790030366952,0.021936514293949255,0.9852367065755406,0.1689698625828705
8.817529185613813,-12.27379737493585,0.7534263014585054,-0.015582250267878782,0.022484372015782517,0.9849162279004811,0.17085570861300164
8.759783021000672,-12.256085983034101,0.7520146502158531,-0.015459977396884475,0.0232762464635423,0.9846821411771484,0.17210546493748452
8.703448827019253,-12.235996063434568,0.7491102601977282,-0.01469240615105643,0.024162753425168278,0.9846103402029887,0.17246090046800822
8.646591365072915,-12.215049028359523,0.7494935393510818,-0.01530758149874454,0.024908641788440426,0.984691621934598,0.17183609315961965
8.589118322789766,-12.192401507384568,0.7479641574645619,-0.015011154925921054,0.026633383735287647,0.9848333986861945,0.1707878887527153
8.533236011123186,-12.169448561163627,0.7467265473377118,-0.014996202898796895,0.028170573389542534,0.9850782198637019,0.1691225403176453
8.47829871535411,-12.143975503079224,0.7458494820654602,-0.015108812688028708,0.029448619909283012,0.9854788192372503,0.1665412702967558
8.41933624095119,-12.117932804847124,0.745645017889994,-0.0156781802210776,0.03022493232564562,0.9859517427434376,0.16352314506558385
8.363544273072058,-12.094120235197678,0.7451914819548655,-0.016231865516547223,0.030221676856602236,0.9864274683107913,0.160574008186496
8.307842662703028,-12.069322566893163,0.7441571311583477,-0.01626527079683813,0.03068653229317723,0.9869227061901932,0.15740824253391683
8.251804613168137,-12.044544654899289,0.7434555327001426,-0.01646257591013417,0.0309754605669634,0.9874332544247705,0.15409436742762928
8.196651420940446,-12.017699921968049,0.7407043942903258,-0.016114872496316296,0.03129284784156635,0.9880200519602248,0.15025794480813628
8.142634599802854,-11.99603476558776,0.7391533712381868,-0.016092241935737196,0.03137262453304334,0.9884707906147863,0.14724909383340268
8.088648501398833,-11.974323223985383,0.7395157103044703,-0.016736040542633755,0.031204806171413878,0.9888698875455181,0.14450781203617552
8.03500098061177,-11.953044305576476,0.7383205571548848,-0.01716407541919857,0.030502011456318503,0.9892904534184586,0.14170187589949054
7.982568121635584,-11.932907508572978,0.7383887550516395,-0.017891046364756923,0.03036333471896458,0.9896332912215793,0.13922619660832125
7.929951601244069,-11.914901081405608,0.7381185478383525,-0.018437496165582188,0.030240323258576826,0.9898877788166371,0.1373599795224827
7.878307122924797,-11.897676637285194,0.7375143479893325,-0.018814920254552978,0.029773601657975587,0.990072015096155,0.13607695789496674
7.829052170913319,-11.884337090886143,0.7355034551738884,-0.018574542819292446,0.029184899116395067,0.9901278888095342,0.13583076325599266
7.779916480270463,-11.867999792492395,0.7344227754810522,-0.018434153623707684,0.02918671380969844,0.9902320952078856,0.13508783777095687
7.732516743878059,-11.855723811692009,0.7324153879841511,-0.01812204587405182,0.028434121939563895,0.990231899581915,0.135291872269421
7.687192282198228,-11.84306559292437,0.7311944101778707,-0.017953749050830393,0.028414847243336344,0.9902162945242275,0.13543244203245555
7.6407325319224855,-11.83302247378652,0.7298980474753529,-0.018181640255351097,0.02789573812998919,0.9901008741687584,0.1363507269430865
7.598026342499699,-11.824100311035973,0.7297012987962024,-0.018449053206744316,0.027614804647622584,0.9898889755599692,0.1379016217398098
7.554841867736191,-11.815437127735875,0.7293544147342175,-0.018503667234598457,0.027415707630817958,0.9896602960406452,0.13956533223945164
7.512835644020044,-11.806109229310982,0.7281372648472448,-0.018320106638851173,0.027454883661269327,0.9893988596315869,0.14142310181603404
7.470135479784921,-11.798186306678197,0.7267838308195671,-0.018319358323797923,0.027386419359300758,0.9890349081448417,0.1439595043757277
7.429681266684618,-11.795787433817281,0.7266104397078035,-0.01832577677517453,0.026792194415949558,0.9884665997660198,0.14791929809220777
7.38695336056381,-11.790558035641087,0.723719112915088,-0.017792773895275997,0.02600132990178059,0.9878744637648237,0.1520242970814068
7.345738490205346,-11.787246485283891,0.7245390947671417,-0.018093933418589777,0.02569445203881756,0.98707140120002,0.1571701621794082
7.302511993173051,-11.787311330913266,0.7236115199374673,-0.018070069264451077,0.02549418436195945,0.9859341127122828,0.16418722008451764
7.261218511638322,-11.78964991656073,0.7232211120710046,-0.01826611761791745,0.025071250301730904,0.98449791034963,0.17263152971100487
7.217782396538046,-11.793308113522963,0.7229246806720617,-0.01832228615893566,0.02528075205811581,0.9827041144715493,0.18253165197513246
7.173147833639321,-11.801308607486268,0.7219597793291967,-0.01807882010758261,0.02566615431184491,0.9804432018340627,0.194282069692409
7.132123709883402,-11.809860729866942,0.722055366299676,-0.018128119261919762,0.025326490828621862,0.9778333101042302,0.20705544690695593
7.087420545926394,-11.822270798967665,0.720330667576004,-0.017817946819512043,0.024141919217502805,0.974491876770403,0.22240789294421348
7.039848099750287,-11.838440881597544,0.7198187243220442,-0.017697283197168595,0.022948471064823516,0.9702451151179597,0.24038426998476856
6.991796276806299,-11.856189807857003,0.7173645761959171,-0.016790671165722287,0.021720581283750654,0.9651803344641395,0.26014077795651286
6.9418313805003775,-11.875129608282483,0.7150690964578595,-0.01583408303672664,0.021364884784477615,0.9593053929180413,0.28111562141710533
6.889839747389485,-11.892245707627172,0.7127256827632373,-0.014445897362087326,0.021840012830722188,0.952679748971109,0.302845878646483
6.835522605901984,-11.908080731012424,0.7095239468239996,-0.013081687866250729,0.02117280604772896,0.9453184033044021,0.3251979476087473
6.78138260003464,-11.923640990213668,0.709408344694771,-0.012771064892723873,0.02181226513011138,0.9370528744340783,0.3482715013121433
6.725058071952769,-11.934395301071659,0.7090385792900564,-0.012907086074743892,0.021531946337775235,0.9282215967227482,0.3711798027033966
6.666525765710513,-11.947801871088357,0.7114834477730354,-0.014577640203317966,0.02043407935572439,0.9179718910325874,0.39585041384180697
6.605663137709136,-11.958039951330973,0.7132058589051282,-0.016510646363422858,0.018359167013092006,0.9069976682138804,0.4204111724109327
6.54734202935821,-11.962326322970156,0.7126759484382097,-0.01662691645333524,0.017940326644644775,0.8958735660271647,0.443635245223028
6.487874986126048,-11.965700643788342,0.7130558963618203,-0.017098739708582982,0.01795910160220854,0.8838100367633756,0.4671883161325422
6.428953482570997,-11.96534941755139,0.7122470937218397,-0.017252784630260348,0.018102068524668145,0.8713102969617953,0.49009490475376455
6.368746997384958,-11.96246333306028,0.7125650723453616,-0.018301415905399437,0.016962720479430694,0.8579740411001682,0.5130866092464027
6.309679520764169,-11.954391052110173,0.7134979287815051,-0.020409820815409787,0.015063892903493527,0.8443830479444152,0.5351390418188781
6.251561637390436,-11.943400896549853,0.7138975918197894,-0.022121594370705357,0.01397350546798171,0.8303369716710218,0.5566469894848425
6.194732900220237,-11.928735171654504,0.7127860817406559,-0.022291917970415933,0.013774883740181557,0.8158684056660787,0.5776435548534229
6.139757017549768,-11.90909970892235,0.7098137018655812,-0.021856242015753282,0.013212209072677306,0.8013647684532702,0.5976305376393514
6.087716539285325,-11.887890660166766,0.7077339057719059,-0.022128273194394244,0.012479712620357112,0.78705801670919,0.6163556371876209
6.037691114152647,-11.861606245288609,0.7079271549761348,-0.02356470609341985,0.011954945568747037,0.7731199011285064,0.6337092368429883
5.992965162634243,-11.830646956547206,0.7087770504214161,-0.024762216542713964,0.012672290187316774,0.7602225704866135,0.6490669211814221
5.954745394454567,-11.79712987351347,0.71010093444088,-0.025369753895496533,0.014341372802688691,0.7485736516964299,0.6624108826442474
5.923138559008526,-11.760000396245665,0.7126427199998906,-0.026707656136759624,0.015628720530368147,0.7384698413483571,0.673576094998389
5.893607479580878,-11.722008493606483,0.711656290778115,-0.027603007939814805,0.01497368359979459,0.7289322620356269,0.683865199008534
5.869622103408733,-11.681523004854384,0.7066025639107032,-0.02719279643847702,0.013167837019369875,0.7206823470527959,0.6926067478431653
5.847325706743585,-11.639959011044827,0.7003523889110701,-0.02665359669544283,0.010811514932554335,0.7133234669804512,0.700244467232276
5.830336332522968,-11.596465029344019,0.6957857841153492,-0.026391139170433304,0.00902417616166629,0.7070716845831588,0.706591604038852
5.816838726373265,-11.551179367806819,0.6905587334711857,-0.026631180912706703,0.0070063540864825835,0.7017709789810136,0.711870201451196
5.803683659488178,-11.50645683997821,0.6888611979626642,-0.027043292016345102,0.006640501150493237,0.6967579534286438,0.7167656025054434
6.7210384075110845,-10.136987074367687,0.5646229858754204,-0.02702657008605517,0.006789439098198574,0.6928711304251622,0.7205227772241061
6.709405723553037,-10.10035980413177,0.5647528933667605,-0.027918583503916187,0.007159410677415518,0.6880525642219512,0.7250882562355554
6.700484503040282,-10.062799743492796,0.5639043074341048,-0.028785946089632947,0.006629851903503307,0.6837808004267134,0.7290893103517638
6.692673471950509,-10.024603925126847,0.5618520670947884,-0.028604283767387072,0.006477890868090582,0.6798529825489807,0.7327617212852819
6.688947039317458,-9.98566830105825,0.5594438082239916,-0.02779824061770064,0.006677014209418148,0.6771176322946905,0.7353192432489941
6.687518873608108,-9.945989444646763,0.5569957645502219,-0.027083334199076797,0.006840371036201398,0.6752579852966436,0.7370524789798867
6.688042790696193,-9.90529348539441,0.5550191408292848,-0.026920575143100388,0.006606161040037715,0.6741938599383787,0.7380340719964976
6.691286309781879,-9.864349891378644,0.5525132283874594,-0.02707900105688101,0.00588013906011865,0.6740404227024667,0.7381745531295876
6.696275468094142,-9.822436875715752,0.5511187185559074,-0.027470959937371555,0.005586967841608774,0.6745199646718827,0.7377241608743673
6.700433439389698,-9.779714402138712,0.5506113337087326,-0.028444537168012828,0.005218963841948575,0.6747044758235214,0.7375212231406995
6.704279749344878,-9.736847365479111,0.5493488765599324,-0.02948615915005106,0.004362802241175697,0.6747769545930787,0.7374195464144231
6.706598394890927,-9.69332647120182,0.5477924695258096,-0.030095119056793625,0.0037888492119940204,0.6744834547681307,0.7376665768267142
6.709796982341786,-9.648541299242405,0.5455219008548742,-0.030293138285743773,0.003142364865416775,0.6741281241700854,0.7379862559291887
6.712391211573952,-9.602960353779784,0.5431315302151649,-0.030606303469640547,0.0025856686404019794,0.673629899443889,0.7384303020706843
6.715044113609442,-9.55653872935109,0.5417407966490639,-0.030766263025238712,0.0025506333042810535,0.6730210983544437,0.7389787111812393
6.718577590723408,-9.509534104327019,0.5406946254492899,-0.031016194567720774,0.002558593481964515,0.6726193785534174,0.7393339072587733
6.721161402310622,-9.462302416657527,0.5395051457995432,-0.031179580931888908,0.002770638076428767,0.6720620332579673,0.7398329428877434
6.7241876056166925,-9.414193435160486,0.5380864077140686,-0.0316907178667801,0.0025299282033395833,0.671446349080247,0.740370921522542
6.726469746819544,-9.36520377400775,0.5367109379078645,-0.0323074557525408,0.0022504135127560942,0.670659629745368,0.7410579116330492
6.728028804618189,-9.31602562320967,0.535028648979849,-0.03238493749133682,0.002180462488711964,0.6695385584229061,0.7420677853958081
6.730374934567184,-9.26514925569378,0.5328968677892698,-0.0325153445390905,0.0019648030950717306,0.6684759086736805,0.743020095113996
6.732404841274132,-9.214116260009135,0.5315412009866751,-0.0327558166130218,0.0019314894904821779,0.6672096009432987,0.7441469389980506
6.734885443093855,-9.16252942136634,0.5294269794425608,-0.03276317193493756,0.001800270541728633,0.6660371821286981,0.7451964782383385
6.737761621589226,-9.110780832633505,0.527443538213431,-0.03202675332220472,0.0023069265184693325,0.6649573621100107,0.7461907750598687
6.7427407803663115,-9.059141329355393,0.5255381912952117,-0.031746580433976886,0.0025376459440929703,0.664529093941972,0.7465834121741228
6.748752937408122,-9.006980701810898,0.5243522333645565,-0.03168003230558971,0.0029495908521014707,0.6645009922130174,0.7466097378127248
6.755538244603956,-8.954489753725085,0.5222825798946342,-0.03159469839582622,0.002906038212990234,0.6647947605766691,0.746351968809052
6.762913155847015,-8.902060041803992,0.5205521836143241,-0.03141371038359661,0.0030275791699477003,0.6651682009917572,0.746026321929278
6.769207227145321,-8.849326979333192,0.5195136251382024,-0.031706331922842085,0.0029986869218631153,0.6654094115572349,0.7457989289941448
6.775589710161284,-8.796683816549805,0.5184157026199099,-0.03213365390263419,0.002892217743173608,0.6656866542489593,0.7455336055835927
6.78939236631399,-8.744325329880885,0.5181061390658908,-0.03198962306812732,0.0033137179813267988,0.6675685978551648,0.7438533684079379
6.795235601720677,-8.691485146171011,0.5170601936533714,-0.03219645209707989,0.003482064896158532,0.667737718775629,0.7436918822990605
6.801828157293743,-8.63849163058315,0.5161092373456846,-0.03296763046436694,0.0031568992387210784,0.6681684814683186,0.7432725328443879
6.807904559371326,-8.58561456145826,0.5141570405169338,-0.032921446204487455,0.0029191368207088075,0.668379002227568,0.7430862443661924
6.815940503575665,-8.537833628729558,0.5140869389767557,-0.030554753391881826,0.0044187704819579,0.6693111011571637,0.7423405840755424
6.820317189193531,-8.4847287372291,0.5112840521268183,-0.03086882542265845,0.003427770947009922,0.6691608171630258,0.7424682889132768
6.824231775634454,-8.431446903631487,0.5118349493782386,-0.0323724179484849,0.0036836839617146295,0.6687071601472832,0.7428116783792319
6.828819307072788,-8.377668992291843,0.5142196866484587,-0.03356865042312784,0.005304924111187168,0.668355672265011,0.7430650730349206
6.833780216531604,-8.324788267385202,0.5141433853180484,-0.03416073030490959,0.00592508083731412,0.668196579222914,0.7431764726943505
6.8377574460391894,-8.272558298411433,0.5103738837161025,-0.03367538068353461,0.0056092699205382325,0.6678045806330032,0.7435533153299828
6.843452182480496,-8.220189738837192,0.5084329134090009,-0.03336127697772077,0.0054992447129715875,0.6678040459068535,0.7435687939303014
6.848522775269987,-8.168529039452451,0.5060588936370207,-0.03313100908162218,0.005538350562227261,0.6676578963920935,0.7437100228416661
6.853693093999624,-8.116896197439019,0.5040083579205561,-0.03302982225165497,0.00551738015297456,0.6675677575460098,0.7437955990104371
6.858708662050139,-8.066037471654695,0.5026004418007659,-0.033302107995698355,0.005532580511132579,0.6674217727443545,0.7439143282306079
6.863020917473542,-8.014511734984453,0.5008296639027989,-0.033403390051173806,0.00532956226104622,0.6671467032682851,0.744157973660465
6.868107588249322,-7.963847907842848,0.49786957138819243,-0.03309843331432179,0.0048319872784761625,0.6670553712229601,0.7442568690700895
6.8738016157284125,-7.913129914317404,0.49544067853732265,-0.03262002779033394,0.004679451759994828,0.6671297152353262,0.7442123260897562
6.879510954000602,-7.86196643563839,0.49265408766424557,-0.03247542323515861,0.004184806842335537,0.6672895371165074,0.744078295642978
6.885176882572466,-7.811588811442071,0.49034089048339347,-0.03225388070115738,0.004024076696163618,0.6674411023592592,0.743952862637906
6.890222607730021,-7.760912455084535,0.4889611588239955,-0.032650793547460075,0.0038061816644978604,0.6674390532074352,0.743938536248827
6.895745536670568,-7.710441847149189,0.48745096954964495,-0.032572168775070444,0.003930313724453821,0.6674166613601125,0.7439614190310745
6.900569507228749,-7.6598653712299924,0.4866745247022912,-0.03310772028820117,0.004141723060047331,0.6673357698911856,0.7440091953205253
6.906217793716292,-7.609377348541989,0.4846902795660668,-0.032784898800512524,0.004442582525633097,0.6673948267269605,0.7439687898436121
6.911267038346893,-7.559449364790327,0.48291708160793334,-0.03303233264090033,0.004031969603274267,0.6673228973741828,0.7440247082475353
6.91456885071759,-7.509340802880534,0.4801753909161519,-0.03249331188580661,0.0036989844342714727,0.6666247675841159,0.7446757229955482
6.917613412554836,-7.45894610619758,0.4764995068700504,-0.03211536592550977,0.0028363933438693063,0.6657602001951638,0.7454689290572787
6.921511964270632,-7.408196221048005,0.47447530525395454,-0.03183167195637995,0.002727342233124648,0.6649769697229851,0.7461802235267001
6.925032949673123,-7.357214889014061,0.47199660770263563,-0.031589490108362116,0.002793832391926996,0.6641963810163395,0.7468851770122623
6.928390514828167,-7.306706446449265,0.47199071373265244,-0.031330937460992636,0.003763387691603899,0.6633614789828371,0.7476334338159729
6.9333272892634135,-7.256649814926438,0.469843459017409,-0.031210151934631895,0.0036947325553653696,0.6628305377920114,0.7481095795707317
6.937235612829525,-7.205448997496734,0.46774863627892227,-0.03116681562546332,0.0036675785979607403,0.6621235317140959,0.7487373390046742
6.94318422597945,-7.154672212333687,0.4665598893041203,-0.029997845737261736,0.005082955678081486,0.6618552441193816,0.7490139628660332
6.94898525884396,-7.103470803954667,0.4681085076365501,-0.029486184140460666,0.007672564835164837,0.6615928834157803,0.7492439848018304
6.95498633130124,-7.05241005451562,0.46644346283834803,-0.030324267969742604,0.006969076177797151,0.6616641189235187,0.7491544922191563
6.961369547392003,-7.0017863403909235,0.462364993155278,-0.02925169011618796,0.006228913514055367,0.6617319347838073,0.7491437636291877
6.969398869234192,-6.951005988850455,0.4559150358487898,-0.027537937535827783,0.0048157722439757045,0.6622960499551912,0.7487205206181661
6.975653515993445,-6.900423533174106,0.4523762277326666,-0.027337234776405553,0.003821290501180767,0.6626384994276472,0.7484305508376587
6.983755242015497,-6.848612087061101,0.4511872065676714,-0.028154501544850326,0.003257018062332736,0.663480158699584,0.7476568699378748
6.993505531872126,-6.796466075539007,0.45046845115539647,-0.028191212773911168,0.003693056968834569,0.664764212152479,0.7465119962108433
7.003268025910235,-6.744446966725978,0.44966751720726617,-0.02787920785677272,0.004382559567889262,0.6663893905938219,0.7450696085066849
7.014353227811485,-6.692427700705979,0.44796540847995914,-0.027026457691767387,0.005084169181477256,0.6684020708723365,0.7432915832550242
7.024358709630291,-6.639926581914288,0.4470300139596688,-0.027637601468403005,0.004763765593191227,0.6703494631386017,0.7415153848178371
7.033689735099096,-6.586678015652001,0.4454878309872363,-0.02784563811829283,0.004632400449191762,0.6720958338186918,0.7399259027692264
7.043566066381129,-6.533183547432762,0.445583601737078,-0.02897589085895558,0.004640755995561478,0.6740658128530499,0.7380881662529443
7.052063373048975,-6.4791053661924,0.444381234005796,-0.029649666379966324,0.004522809485568475,0.6756434167893116,0.7366182314824592
7.060087612403284,-6.425321669116145,0.442263507800325,-0.029951065559898273,0.0037955379355018473,0.6771462861312914,0.735228822097587
7.0671960423778275,-6.371756043178769,0.4372007939803848,-0.028738905427811084,0.002570317874056679,0.6782526382703912,0.7342621051979235
7.073215267123977,-6.317426968669347,0.43205138791202957,-0.02787867476719775,0.0009078445918873776,0.6790614320841621,0.733551309148057
7.077886383230323,-6.262217117836378,0.42900753644988043,-0.02698543497140678,0.0007684883503139866,0.6794467732537222,0.7332279868221875
7.083462999529577,-6.206767776271384,0.4280999066073714,-0.02619777897168439,0.0016600833244826653,0.6800376977995419,0.7327070647361481
7.087553661342094,-6.150371330606325,0.4273008238188105,-0.0259365922978881,0.0027673659964079097,0.6800894651817024,0.7326649643897778
7.09157875920154,-6.094267730295815,0.429438322962473,-0.02656519364085369,0.004567752491874604,0.6800860135654577,0.732636627502753
7.096139614287569,-6.038433352619475,0.4306706775873934,-0.02717719920135028,0.006040211542731042,0.6802884850893239,0.7324155311309736
7.1007049695556415,-5.982062727283714,0.4305054934355206,-0.027927502934395963,0.006497300476130076,0.6804999171028859,0.7321869397069666
7.105211860933502,-5.926130717207636,0.4290568276037483,-0.028765995795332254,0.005986062641779257,0.680678978869243,0.7319923578330633
7.109142502749139,-5.869789638314046,0.42810147524581854,-0.029248072641995443,0.00617179101979917,0.6807867442962175,0.7318714744057832
7.11307701229842,-5.813644044299653,0.4262409358313173,-0.029922475959785963,0.005597149930871272,0.6809546526926807,0.7316926084850705
7.116085470416769,-5.757487520293257,0.42392788006202675,-0.029962861353219013,0.005111574461804922,0.6807599354609607,0.7318756928041569
7.119930614812136,-5.701539314010277,0.42080986309793733,-0.0300448769149936,0.004056556659689027,0.6807797030157381,0.7318605484500743
7.1232719279086645,-5.645117742281793,0.4184614038076102,-0.03036169987973403,0.0033151932795524685,0.6806098463320924,0.7320091725137735
7.126367395586714,-5.588720379845491,0.41642244290572883,-0.030076692995945953,0.0032878643953780386,0.6803494964290866,0.7322630303114179
7.129748788909274,-5.5322751217751795,0.4153943206505972,-0.030364813657368366,0.0032877905088054492,0.6801555175415536,0.73243131758643
7.133042456880467,-5.476173834171526,0.4134058970314225,-0.030063254605325187,0.003364308548144697,0.6799350561799143,0.7326480681506986
7.1371657123161985,-5.419813640611896,0.41168236691554183,-0.029923310156491037,0.003455175705444025,0.6799561426964935,0.7326338067199886
7.140502770144042,-5.363945518465924,0.40987218726620567,-0.029814488389747935,0.0033474842596640255,0.6797373189362944,0.7328417744208323
7.14417727336037,-5.307507021536873,0.40801607083936187,-0.0300045350276223,0.0031012373079090717,0.6796269800658332,0.732937424093392
7.1483584127303015,-5.251176829398061,0.40756265185016405,-0.030449856585393113,0.0035626120138317536,0.6796207887640324,0.7329227235493011
7.1519297338009435,-5.194994341449912,0.40639457670619894,-0.0307143290447791,0.0035078265524379703,0.6795359977648443,0.7329905591012119
7.156571500275317,-5.138492525341751,0.4035231492586746,-0.030358243104345525,0.002992099144048512,0.6797053744296728,0.7328506321024526
7.161231008086141,-5.082617141307878,0.40159300930672526,-0.03027720918908491,0.002836145456966918,0.6799458092929898,0.7326315287297661
7.165453186275279,-5.026242136187113,0.4020786298704171,-0.03130011166454697,0.003344842144900076,0.6800948111405969,0.7324480764152915
7.169632500129076,-4.97011038551498,0.40214876535541233,-0.031981718654713,0.004035025396250792,0.6802044039792013,0.7323133731582728
7.173760096059093,-4.914266625856456,0.4011525094024577,-0.032562142561771555,0.0038715962397163997,0.6803867862041972,0.7321192179640916
7.1779508148205915,-4.858137481488576,0.3985234088582015,-0.032332954081619084,0.003493795990948389,0.680484503309731,0.7320404292867476
7.1814248744690845,-4.802133479513846,0.3965292747164142,-0.03272023545939851,0.0030257238106191227,0.6804337367025862,0.7320725116378153
7.18346407121728,-4.74584870803097,0.3960471747223657,-0.03448925131657518,0.0022480504973849944,0.6798794705894747,0.7325089364759817
7.184799656574471,-4.690123290626916,0.3929955096107056,-0.03546835972847755,0.0005080855866263221,0.6790561229665649,0.7332288289429514
7.186110664032367,-4.634685737656902,0.3872779287553758,-0.03514550555096969,-0.0018541020607980895,0.6781771319674604,0.7340552706888219
7.186308485807358,-4.579097630995893,0.3805375998120466,-0.03463222780773521,-0.004841644281998488,0.6768585553734343,0.7352820271092266
7.187138178024571,-4.523569922954135,0.37804974984257456,-0.03492333258115059,-0.005836425568910721,0.6755813125739509,0.736434785873587
7.187915318198812,-4.4671582453409755,0.37868636195703154,-0.03539484608371354,-0.004753924711061864,0.6741597988654062,0.7377216196053251
7.190125650938819,-4.411011927584583,0.37990587294241696,-0.03579840120120381,-0.0031386067432281665,0.673010731754406,0.7387592292264004
7.19215419992315,-4.354258227788534,0.3801048535168299,-0.035848932213062325,-0.001890635429044654,0.6717676681073779,0.7398915264328847
7.193825161395889,-4.298216521120263,0.3806611690323969,-0.0359583275451539,-0.0005535080859657181,0.6704161234706154,0.741113299446342
7.196387614647394,-4.2423480655794314,0.37981911814507896,-0.03598608485964791,2.2415316613501314e-05,0.6692330179302199,0.7421806899812371
7.198567789374206,-4.186511462558348,0.3781691833331049,-0.03641350842757712,-0.00018644586408149254,0.668042757471302,0.7432313818398452
7.202532039272272,-4.130323760829105,0.3751976763002052,-0.03568973840318755,-0.00028110999987604837,0.6672723875395451,0.7439581379444639
7.206453115204961,-4.074426407692529,0.3708544669513838,-0.03477414888220014,-0.0013250724364515987,0.6665028888108104,0.7446898038382677
7.210899098289316,-4.018804906349423,0.36494830850833093,-0.03285195746620899,-0.0022573011526815017,0.6658386097436011,0.7453687663102321
7.216429888775512,-3.9624891459893945,0.3622676848928572,-0.032166578938325925,-0.0025155526939974085,0.6655333980925278,0.7456703557507229
7.221975872132162,-3.9066026975787107,0.3613944234801929,-0.031734955460995806,-0.0016522657562714651,0.6654367277492402,0.7457775174776219
7.229225507132712,-3.8496150776256846,0.36240705859318156,-0.030640335937799745,0.0007890682965700927,0.6656234593149452,0.7456580707453799
7.236308097456007,-3.7933854125141506,0.36141864241391675,-0.02981919242237696,0.001962024782679361,0.665870352512691,0.7454687354140399
7.243394549648404,-3.7363395133339186,0.35883599867733196,-0.02870426728775011,0.0023970983712001885,0.666129985378117,0.745279245764335
7.25090575107818,-3.6794844674418576,0.35843483967118406,-0.02828898817804575,0.0036600665332240457,0.6666269351958333,0.7448455320344561
7.25821173184942,-3.6219563938506933,0.3616368651110846,-0.02919118528408417,0.006086143865179374,0.6671821663482103,0.7442975191738384
7.267705655119839,-3.564616985305146,0.3637445423966206,-0.030206669586033578,0.007969884503326134,0.6682165077277282,0.743310653224432
7.2763371639355325,-3.5072041069209567,0.3607117741457313,-0.02889888925266273,0.008187815132543824,0.6693363566987776,0.7423521122835804
7.285620057774239,-3.450463451291095,0.3519043918487744,-0.026009728107514736,0.0057930866146322,0.670759452167729,0.7411961283856656
7.294129913759354,-3.3935994022954223,0.34414056026891227,-0.023544874218983,0.003998065417229714,0.672010159990376,0.7401567383165221
7.302180386820709,-3.3355535404169823,0.3434582554310359,-0.02367486727086267,0.004616645245958146,0.6731617166446356,0.7391017978474895
7.311390209817612,-3.2769316246312927,0.34649354095485574,-0.024835591879455006,0.006594353580776045,0.6744974714343921,0.7378298411316749
7.3190895081336045,-3.2182214768148856,0.3462044029079686,-0.025887169596599518,0.0066138477480502614,0.6756106698146109,0.7367742942267823
7.325762961870115,-3.1597512560443684,0.3440313911800294,-0.02630296730039328,0.006147036211454021,0.6765142679334404,0.7359339749399629
7.332497636207015,-3.100855882072012,0.3435426254679616,-0.027135268989520334,0.006223870770876808,0.6773146631866807,0.7351664997991634
7.339386927730814,-3.042029782729075,0.3431217350190514,-0.02733049064397143,0.0070379165232180374,0.6781345860121749,0.7343956634982682
7.345668424877062,-2.9829347411705385,0.34147720149745975,-0.026983092700275928,0.007498225493413932,0.6788362714993595,0.7337554133977494
7.352422876084683,-2.923366408533454,0.3382324777164776,-0.02595317717427502,0.0076095922225531245,0.6796361121385736,0.7330506639282048
7.358774454161605,-2.864104929852826,0.3356582236762753,-0.025262349591629103,0.007713972460609524,0.6804334327332924,0.7323337056814289
7.365079515084251,-2.8038166233876503,0.33289881341966177,-0.025057647671825105,0.007169253314245466,0.6812328222505774,0.7316027294921367
7.371776422477141,-2.7421283169030857,0.3308470002655688,-0.025045374342216722,0.006997904864638516,0.6820355275158941,0.7308565426174719
7.377887165581545,-2.6815706850223524,0.3309836198202316,-0.025916882378252112,0.007572862138706364,0.6828769288124249,0.7300342960988929
7.38436311921032,-2.6193871899507486,0.3319674818229196,-0.02698281077195997,0.008601571790891969,0.6838684742329203,0.7290554552191627
7.391425112446791,-2.5593570920718993,0.33015257515745794,-0.02722991937668394,0.008520136294745968,0.6850722195047693,0.7279162011868819
7.396499704554306,-2.5008121193482173,0.32738309122546694,-0.027327108611320792,0.007898179842488815,0.6859721374840776,0.7270715651606134
7.40141216042887,-2.441036878238868,0.3251399617257173,-0.02734829982104092,0.007609595032402582,0.6866434878400826,0.7264398540532365
7.406036621857611,-2.381727551431995,0.32310969957323726,-0.027658136854848383,0.007149014425048889,0.6871735929027694,0.7259313927751542
7.410701502308584,-2.3222221007678616,0.3215927587255577,-0.027866478053894153,0.007072923076036036,0.6878276241201403,0.7253044758237372
7.414913835225845,-2.2631938955723396,0.3207002339157592,-0.028341159596046772,0.007173056367483229,0.6883355576102717,0.724803076736893
7.418514753105557,-2.2040650164631734,0.31989138598299527,-0.028348257152832058,0.007629046893208023,0.6887416921849916,0.7244122197129546
7.42340350504508,-2.144968195704049,0.31757749863016294,-0.02752430940881014,0.007969963904180439,0.6892925816199243,0.723916167536687
7.426719551186002,-2.086348188917863,0.31472417991638996,-0.027748941884058128,0.007112904082627976,0.6896480023620699,0.7235779381099179
7.430430960620747,-2.0277570726211236,0.31155333229904913,-0.026838711538745497,0.007234642684154562,0.6901215108443233,0.7231594865889389
7.434593158963132,-1.969900422587326,0.30779025192015563,-0.026676287468418425,0.0059039794964266075,0.6906660389526017,0.722657560656622
7.438409726457869,-1.912265723423404,0.3014685603462124,-0.024145748252985412,0.005100839341030618,0.6910558160019195,0.7223799834693395
7.441429258650274,-1.8547649954239767,0.296884286239984,-0.02296402947195906,0.003944513252109531,0.6914599867548299,0.7220388978052839
7.4448791715907445,-1.7978493401307245,0.29563333550201454,-0.02220641293546423,0.004773830864490448,0.6918266122166012,0.7217063395594947
7.448610851689886,-1.7401622727857313,0.29872752384285317,-0.022892743431799017,0.007005761980042526,0.6924380624354225,0.7210799978955553
7.452471811968981,-1.6834371807037942,0.299750202695656,-0.023441090910634517,0.008294940510522767,0.6929377165862632,0.7205685454996443
7.454918304529493,-1.6263960313389845,0.2993515562516462,-0.023966977241354614,0.008502392163737294,0.6932677426582298,0.7202313049504212
7.458413449166147,-1.5708148203203154,0.2979224814909418,-0.024224249519623806,0.008301263587794663,0.6937615021611323,0.719749421205707
7.460620909050945,-1.5147326753200867,0.29785718940638084,-0.025479904733718046,0.008150711515694175,0.6941012934264391,0.7193801141804843
7.463525936634065,-1.4594594925918358,0.2989019752757801,-0.027348985859972075,0.008164447443159676,0.6945535809407463,0.7188746082573979
7.465496768570186,-1.4046669379780559,0.29879619906517996,-0.02847917295728918,0.007899384797177259,0.6948479992729124,0.7185491003828693
7.468451520522325,-1.350753860214274,0.2963164086382495,-0.028520211312068465,0.00733272353879645,0.6953317703937067,0.718085350332501
7.470493198563276,-1.2974843934237954,0.29426096777172145,-0.028852645795768468,0.006741372647264707,0.695635757414437,0.7177833773774601
7.47316268839549,-1.2460528940863262,0.29368405089471333,-0.029879684853839943,0.006343055484833151,0.6961611240636235,0.7172354430362596
7.4766377989891994,-1.1947612133753083,0.29220422817156877,-0.030195689165737862,0.006238097756379624,0.6969026078301175,0.7165026453892789
7.479292986192771,-1.1446645338099093,0.29223539446636704,-0.030845916643606582,0.006565427371180133,0.6975624384776516,0.7158296413386211
7.481490489626783,-1.0957011967413453,0.2906502695974891,-0.031253593282682006,0.006077648010295273,0.698075724275551,0.7153157033781898
7.484291941246668,-1.0471550558956126,0.2898101374744323,-0.03133326198862416,0.006089551644645409,0.6987771537548694,0.7146269086361383
7.486669237973429,-0.9993989083776857,0.2873679388276924,-0.03157801575311501,0.0053215659714905385,0.6994430663458332,0.7139705287663705
7.489391483668738,-0.952793270433449,0.2854225127337142,-0.03121487100322603,0.005156524561602705,0.7001297191785996,0.7133143795290611
7.491998145387773,-0.9064840521269741,0.28381988971880356,-0.03103036331791065,0.0051265051108734866,0.7008643623556332,0.7126008529141798
7.493778036803506,-0.8619523767338748,0.2821766471094651,-0.031068628084306396,0.004800792279154029,0.7013744839113663,0.7120993715440002
7.494637839981153,-0.8175787927615604,0.2815709353889114,-0.03191323309295938,0.004429411135193276,0.7016219685648298,0.7118205815623376
7.494752761410106,-0.7743879779928642,0.2807683254364036,-0.032676168153353814,0.003915855601887746,0.7015796830984597,0.7118306693276896
7.4939680665020525,-0.731949117916094,0.2790842268698306,-0.0330935119802568,0.0031018572599328486,0.7012044739456732,0.7121850009671833
7.491747903876833,-0.6903537961538122,0.2771796102824864,-0.03358924958807377,0.002081434746793607,0.7002071716949774,0.7131460966615893
7.4884829649968605,-0.6495654114677529,0.2746939894673519,-0.033635342077455596,0.0011844299625995021,0.6987796910247129,0.7145447519357414
7.484105645590954,-0.6096193620855905,0.273176533456958,-0.033643720040167184,0.0007976408435959672,0.6967998902955406,0.7164756795208692
7.478183237705418,-0.5709800324982424,0.2714550176382091,-0.034010787012865695,-7.454339282364748e-06,0.6942940619100326,0.7188873341216467
7.470015908132269,-0.5313787417869521,0.26917746471628945,-0.03412261449540285,-0.0006581359088373237,0.6909167349730695,0.7221283021598887
7.462146517738893,-0.49347566695330136,0.2669147313675535,-0.03357398421308175,-0.0007384946711042839,0.6872294390111986,0.725663789985344
7.453194973051152,-0.45582909695452467,0.26533700964514306,-0.03314886924717254,-0.000654112899240227,0.6831009462417738,0.7295709884039124
7.444142286467134,-0.4187932944576338,0.26252495003245935,-0.03200437941246599,-0.0006130074063557318,0.6787699006159604,0.7336530281630174
7.436197792407086,-0.3816659106504874,0.2617798545159693,-0.03142432286576027,0.0002300324150172688,0.6746161603787589,0.7374994904811359
7.428888513469564,-0.34472392707436117,0.2614420291074122,-0.030747097927626674,0.0014849064950378172,0.6704691452538583,0.7412985434546255
7.42176182956806,-0.30822192781280033,0.26207259121348514,-0.030198976773533646,0.0030067428375896116,0.6663224382706622,0.7450458959969002
7.416111731565162,-0.27286161700545053,0.2614002145143969,-0.02959253347269287,0.003857057434001681,0.6624920553176401,0.7484742393017616
7.411263800904858,-0.2375438872428216,0.2596654472237909,-0.02775872847687349,0.005175766750042123,0.6588465481851118,0.7517472220567096
7.40770484015278,-0.20189894208119852,0.2585985878408601,-0.026417997092663507,0.006175573085579474,0.6556122261793778,0.7546102098214894
7.405818684499687,-0.16783684882310435,0.2577410525060668,-0.025389401001679503,0.0072280039189451676,0.6529156318634446,0.7569704736065475
7.4067313393204754,-0.13455679485313088,0.2575723856411152,-0.0240094375010546,0.008893490552523973,0.6512077775517549,0.7584674600437221
7.40996535581761,-0.1025878445804762,0.2585037458675137,-0.02263728797082211,0.01110471465592506,0.6504332658626986,0.7591447720596435
7.41539781660314,-0.07084139183787419,0.25849332247559875,-0.021312998427397,0.012914256542212624,0.6504129723908577,0.7591718716975981
7.421742147751134,-0.04048209683466775,0.25776103647805115,-0.019932620747570646,0.014222951322864691,0.6509419881417083,0.7587324462545908
7.429261855406599,-0.010993123618697087,0.2574429776061975,-0.019287023477160967,0.015073821672941124,0.6521433356339212,0.7577003833577273
7.4385421394688604,0.018018037335282955,0.2570515195167262,-0.018578002622381438,0.016114655007636692,0.6537708458295297,0.7562928398467125
7.446273158406992,0.04598228320053943,0.2572355726698441,-0.01806516702484441,0.017231380872161202,0.6553123783046202,0.7549453058073741
7.454946431983501,0.07264094180097258,0.25818808989409137,-0.017611942441499107,0.018697717143214398,0.6571268464539,0.7533422470361031
7.4630926499309505,0.09818924973505738,0.25853074555407723,-0.017288258960334448,0.019726813697939393,0.658896312356331,0.7517762929895114
7.4708547867562505,0.12346240246116036,0.2582315308537473,-0.016709739318291474,0.020629691594608198,0.6606354175615488,0.7502373255312451
7.477954248509464,0.14701196051490073,0.25783752026647655,-0.016598703461500247,0.020926849517843123,0.6623218751346635,0.7487431403337037
7.485958290039607,0.17000954684588998,0.2566515259116766,-0.016139771561179964,0.02112464418658285,0.6642290423513711,0.7470562553329869
7.492320107085665,0.19162309866310334,0.2545452031438076,-0.015512718301275494,0.020644297526822123,0.6657907323423339,0.7456915442864874
7.498625292502451,0.21198991026971736,0.25152863282291893,-0.014762713549454727,0.019635087720071033,0.6674118322915613,0.7442835297623897
7.50425882580829,0.23143071075281862,0.24840507476698992,-0.014287109251985368,0.018428291900637658,0.6689551068025422,0.7429369555628821
7.510136334966758,0.24942626887542918,0.24739729594545246,-0.014180505340282989,0.018025689279749537,0.6705189690619829,0.7415377859963892
7.515772591820012,0.2661711702344527,0.24581274476126236,-0.013751218375099497,0.017665944237461356,0.6719441538240135,0.7402633746865573
7.520186724136975,0.2819754014243694,0.24422455460454806,-0.013619206170357868,0.0170221968542105,0.673115261922898,0.7392162087045454
7.523869433411009,0.2967324597001273,0.24290281073726894,-0.013646157959839488,0.01634010112221591,0.6741985848539949,0.7382432231495146
7.5283305374983795,0.3106318016661418,0.24229023886968695,-0.01419460003604959,0.015623406509398285,0.6753508922204715,0.7371944092389979
7.5313705817386305,0.32320566637015413,0.24233691496290927,-0.014784187374069512,0.015131315432247631,0.6761962769612156,0.7364177219307514
7.534192978633923,0.33506260978938895,0.24169482053223657,-0.014794653657962042,0.01480590906577982,0.6770356926877138,0.7356524972548911
7.537055016653823,0.34640419990179083,0.24075706401256214,-0.014480853100846071,0.014606745434776964,0.6777980416521163,0.7349603924633948
7.5397143976491625,0.3568725434284876,0.2393189020946498,-0.013934129176314194,0.014163102066124332,0.6784956823575725,0.7343356535394732
7.542833175749873,0.36731126605542186,0.23648862348891259,-0.013238742601636343,0.01306340962180618,0.6793437119268728,0.7335844959491913
7.545504489264238,0.37740289441382213,0.23499646228915133,-0.012674732719548857,0.012701030066135013,0.6800250756724583,0.7329692638841047
7.548151033100523,0.3872504137765198,0.23417111759388073,-0.012158237122698052,0.012826228559540645,0.6807242585653926,0.7323265267933603
7.550700352036523,0.3966210416188425,0.23306584191912785,-0.011533307675627914,0.012710886571946139,0.6814348739371028,0.7316774908901115
7.552782675817864,0.40632824649051447,0.23109149845548815,-0.011272616134171153,0.011719560658272083,0.6820945292839508,0.7310831780351055
7.555674556079939,0.41563076648323216,0.22934916573606223,-0.011147368846009913,0.010858595548085792,0.6829584561789009,0.730291445781208
7.5581293491547346,0.42485773406106486,0.22918023234590112,-0.011040575957707351,0.011024497672334611,0.6836833126770471,0.7296120061356186
7.560190135138201,0.43508599114466584,0.23037606527530324,-0.010794336485079652,0.012093353788906282,0.684210293757748,0.7291045901861308
7.562815091408009,0.44456138616741514,0.23084436038170209,-0.010513944253223587,0.012781879179952282,0.6849468441924977,0.7284050306538451
7.565623660451185,0.4539120914217052,0.23091149218178164,-0.010338775379064013,0.01320137473825147,0.6857414225646985,0.7276520660506185
7.5683970679407775,0.4636897068050063,0.23116859429798886,-0.010373009276310867,0.013503278003099346,0.6865320929379471,0.7269000985434383
7.571217442934929,0.472865149456948,0.23098446042351284,-0.0104534627265597,0.013534365745290178,0.6874178622507183,0.7260607626462711
7.57388911114222,0.48300701741774144,0.23174028038981254,-0.011315431384499003,0.013271845001628061,0.6882216368266646,0.7252908500670232
7.57712928808076,0.4924680783156261,0.2309688421033101,-0.01244174460591661,0.011848119912486074,0.6893395098982826,0.7242346698334235
7.57995553499697,0.5023725537164503,0.22724817882540438,-0.012636825253937478,0.008992368279061396,0.6904287324599805,0.72323414918871
7.583799089527384,0.5136573215246814,0.22289114813162936,-0.011910967821688724,0.006679037594724507,0.6916829256297323,0.7220721919608221
7.587734352621788,0.5256189045511739,0.22036930185992265,-0.011259251496139353,0.005676036900903771,0.6929460763480698,0.7208791449349349
7.591533795572491,0.5384161974615236,0.22009070867117164,-0.011636988629903438,0.005272260249730757,0.6941996852291964,0.7196690783584128
7.595204239497607,0.5521279995564699,0.21992801993280775,-0.011521122231567055,0.005263322071586977,0.6954478372639579,0.7184649406237293
7.5985441003379135,0.5665332778740559,0.2181412134833074,-0.010875413351402139,0.004806072494952561,0.6966626151191396,0.7173003768993922
7.6021618536725075,0.5818993531670968,0.21552145849623106,-0.010078598517356988,0.003990364528472272,0.6978574795392889,0.7161546013757728
7.604993745504062,0.5983657524556931,0.2126186379253494,-0.009985912943455388,0.002249382540195363,0.6988309896649512,0.7152135923455875
7.607477514097833,0.6157545007106178,0.21119207660730654,-0.010516317631858303,0.0007358723946473193,0.6995836229926505,0.7144729627798021
7.607336303422661,0.6345337703203646,0.2086304764842959,-0.011153149123033381,-0.001326176607775356,0.6995294808533211,0.7145154591972286
7.606816469987707,0.6548088665608747,0.20808557297814878,-0.012204382871770891,-0.0026887251423604363,0.6991992629250889,0.714817597087998
7.605300452125025,0.6761272175736814,0.21025532579956918,-0.013377515221786774,-0.002162609226501898,0.6986848629523789,0.7153012197453134
7.604230415627297,0.6985888068329698,0.21420594150916017,-0.01450677255152774,-0.00037663744879070114,0.6982120028462362,0.7157439513804899
7.603620570758442,0.722050515516877,0.21831141811878707,-0.016782607324827493,0.0006997207643312516,0.6977413977620189,0.7161527631886744
7.601770361147753,0.7461593756515996,0.2216402367933199,-0.019062638932276346,0.001303693299666828,0.6969998208617578,0.7168166738629007
7.601975789757332,0.7716989785288515,0.22756201291560307,-0.020950160530281002,0.003803314311095253,0.6968136793279055,0.7169360709747076
7.60320945883287,0.7978209321752963,0.23161760978357027,-0.019619815881194033,0.008537465158457061,0.6966810284212063,0.7170618841312132
7.603932969605959,0.8251264970511489,0.23149966050497106,-0.016460634506347525,0.011992429246863133,0.6963811675688079,0.7173830823095506
7.60549377270325,0.8530385097284412,0.22940733185468287,-0.013776371037301217,0.013881731152040248,0.6964271254684132,0.7173609894747027
7.607332411068231,0.8801354915416117,0.22632574076285794,-0.013847472199137392,0.012241294248469294,0.6970711767536141,0.7167636901985152
7.608602306908124,0.9097692936540296,0.22339227119139937,-0.014035916927467041,0.01074346249401291,0.6974566572271009,0.7164089442028773
7.611527444514641,0.940968422201768,0.22300877389002782,-0.012895688861024828,0.012381187090363845,0.6981459279808645,0.7157322711067141
7.616927225633231,0.9727520430335648,0.22589553097895543,-0.0106760663573672,0.017430261457926456,0.6993503710422323,0.7144867238012117
7.6211436690022065,1.0055507326383362,0.2267992912259813,-0.010738184827715224,0.018644744744409837,0.7004601219314169,0.713367131440876
7.623519891956572,1.038040402539694,0.22274590939560923,-0.009701083980213535,0.017251274234534607,0.7013017563794188,0.7125897406177241
7.626418232076693,1.0727203744475249,0.21271783470929506,-0.00791034111416611,0.012646341682616405,0.7025392120428898,0.7114886969182914
7.628454558767238,1.1069893778732984,0.20042537079351685,-0.004809689202047905,0.0077270166836280315,0.7032374289593561,0.7108968162096293
7.62903503087104,1.1423852147068123,0.19483932086314515,-0.004001253481579044,0.0050945121379426285,0.7034020318610985,0.7107627021366277
7.629384983505237,1.1790674727716657,0.1992363314554909,-0.005064825133275798,0.007464229323991489,0.7037048686017868,0.7104351234020942
7.629857462286416,1.2167572378334675,0.20546973625905807,-0.006717758174873681,0.010558702647279667,0.7038616648323281,0.7102268367449007
7.6319775397851295,1.255354149576513,0.20968563894194925,-0.008075155380035592,0.01256509989003492,0.7042828488432041,0.7097623423018619
7.633130719166874,1.2953234444891821,0.20625284823482293,-0.00861409095553675,0.010107097873885057,0.7048391707622141,0.7092428314287412
7.634274548336105,1.3354631108998327,0.20107727569496248,-0.007832367941793802,0.00769895398036727,0.7052794528903003,0.7088443171795886
7.634741032658693,1.3738949143532468,0.19891868982809247,-0.007202492036098725,0.006984192761221853,0.7055871492245693,0.7085521377274646
7.634607344645095,1.415131070205331,0.19902456306822186,-0.007939296754889894,0.007164890747035561,0.705732166542929,0.708398010701363
7.635943101408371,1.4573509764968975,0.20232657111008856,-0.009590975326115414,0.008108973743758538,0.706123373614193,0.70797741343745
7.6376909930747985,1.499226116268431,0.20529507836851835,-0.010763739265522595,0.009282310399152567,0.7065779694483363,0.7074924345377642
7.636751022285305,1.541911421654953,0.20726239803967772,-0.011257544158603463,0.010511425400014434,0.7065442721421398,0.7075012062660044
7.640827692782359,1.5868961328864741,0.20691069927677663,-0.01222050545595745,0.010593257801959823,0.7071472797512541,0.7068812919448874
7.640259801392136,1.6324697447749923,0.20669828479397706,-0.012271157856666527,0.011169215403643464,0.7070383192013274,0.70698055465726
7.637098399259635,1.6749638946335983,0.20471180157880964,-0.012511418147736273,0.009611178035798019,0.7063561551357764,0.7076807679790263
7.637245195968767,1.7217663728094155,0.2005617800534496,-0.01135599093981166,0.008681343539964661,0.7061493284696329,0.707918641090129
7.636171464202926,1.7668054239555713,0.1984019397698389,-0.011457549459474026,0.008032141556904132,0.7056562150258616,0.7084161862804114
7.634743037796881,1.8130742569983336,0.19991817874463447,-0.011723851837842367,0.009321148339208187,0.7050666652703899,0.7089828373462774
7.634031624301274,1.8602093453359174,0.2004337996649197,-0.012493058016823363,0.009631514589506387,0.7045827005310082,0.7094465394998809
7.632686651137412,1.9075139487948491,0.20037044682134253,-0.012413235680532571,0.010211158306144238,0.7039581996601768,0.7100595042782002
7.629282264442885,1.9511685163766304,0.1999923325878179,-0.012862702759750688,0.010141913635712615,0.703146892954172,0.7108559206318336
7.628271777233194,1.9988848470859955,0.19937778987403432,-0.012257747484973233,0.010531257609471687,0.7027251109821292,0.7112779177284867
7.626100215545623,2.0461339927722477,0.19864285578040275,-0.012216384309567263,0.010574346158684392,0.7021541962805496,0.7118415651704453
7.625275152225,2.09415634715806,0.1957324352907578,-0.011536084673873372,0.01015307212423212,0.7018924672283432,0.7121171308462337
7.625291264009648,2.142419794743218,0.19583756875321212,-0.011868508898172593,0.010360867697432389,0.7019531700874353,0.7120488409448119
7.628551752168538,2.190937257045629,0.19669712054601873,-0.012219095710473275,0.011064629251344292,0.7024150026927245,0.7115767071105705
7.630486591353545,2.239509997101806,0.1960911344602012,-0.013190194156790605,0.01030435858553645,0.7029429327794589,0.7110492882374009
7.6327323399199205,2.2897596129443283,0.19237451439432895,-0.013037599332601053,0.00866773049082288,0.7033851737471577,0.7106364634300831
7.633947648558578,2.339747775034416,0.18973144247427065,-0.012168445588464737,0.008174011063859331,0.7037230086487689,0.7103231755755386
7.636364436447627,2.389897129402678,0.19075511473885687,-0.01319304983315236,0.008367198609255671,0.7042363943822425,0.7097936514986646
7.637445204482185,2.4401814400536646,0.19250000241970078,-0.015065798668700543,0.008295648376639042,0.704598312344373,0.709397934426574
7.63873430571547,2.490330860852699,0.19262827926235548,-0.01534919915994295,0.008688759106177123,0.704828849611533,0.7091580803245936
7.63752012485412,2.5391055021301687,0.19197875644518048,-0.01471360974760425,0.009687204750344321,0.7045277204824417,0.7094577833199839
7.636856332022405,2.588686048745343,0.19243032711142005,-0.015111617532440827,0.010286464705273337,0.7042716981210744,0.7096951463006386
7.638127006199478,2.638493589469274,0.1927913294899799,-0.015364942878846252,0.011041404171907571,0.7043975355656115,0.7095534485558099
7.638774285577537,2.6880757754460602,0.19112626974719826,-0.015157284744110133,0.011034955056804723,0.704454071626728,0.7095018972020861
7.638685589429395,2.7354843289770034,0.1901833568607021,-0.015631868068501302,0.010296036679193373,0.7044677965307418,0.709489068381656
7.637537716576007,2.784677765482734,0.18854426627158194,-0.01606981192849517,0.009162306278623935,0.7042399032169744,0.7097210513257406
7.63842858506576,2.8344937162518073,0.18268661901364514,-0.015503149124081744,0.006696197509555208,0.7044445371089109,0.709558100372818
7.637050466398036,2.884233150705117,0.18158840603534365,-0.016427776608304263,0.005244175748602508,0.7042092940846494,0.7097829842649023
7.636643195975066,2.9343367856582447,0.18548673930724657,-0.0190839144239326,0.0057443006855721675,0.7041948839740594,0.7097269594044268
7.637834097119946,2.985283546228047,0.1919439670603218,-0.021543795615015616,0.008704690299369378,0.7043749862669698,0.7094476672292006
7.63844926570619,3.034303694077046,0.19870461964734432,-0.02423098207101417,0.011364482280730559,0.7045371717911976,0.7091622507125921
7.637772154005015,3.082783930709784,0.1958255598061438,-0.0246187107651586,0.010062622715410304,0.704404411881604,0.7093004131970748
7.638250232528027,3.130967782594441,0.18740928124327816,-0.023287175334120395,0.006680324956020761,0.7045196784901244,0.7092708077681721
7.6375202688581245,3.1787565477984625,0.17978712629393723,-0.02070021490669593,0.004463392516871367,0.7044124108701074,0.7094749814426626
7.638045978249365,3.2289882747122016,0.17255196711750465,-0.01816574552315113,0.002947759590790617,0.7043395919107674,0.7096245783359497
7.63779138375382,3.2782884705403736,0.17322806135472568,-0.018435625460423426,0.0036208272062571716,0.7041413310844492,0.7098112413372152
7.638821560218164,3.328800311552296,0.17256966086920933,-0.018257941464082928,0.004102012133353513,0.704329682486532,0.7096263112149684
7.639577076902127,3.378482021317332,0.17458947116324985,-0.01792264640867553,0.006308265606671659,0.7043729960984054,0.7095756933434564
7.639603569646018,3.428937406500941,0.17352492931890673,-0.017177754430010232,0.006930485294047049,0.7043323179348712,0.7096286911893614
7.640629789548461,3.4792432282062,0.17236433108107763,-0.01658961774459172,0.007059968498402158,0.7044715498738435,0.709503204264975
7.639838768870802,3.5276976527974995,0.16905388564405932,-0.015371814644467761,0.006634481685378186,0.7044297114666083,0.7095762704358397
7.640243971133858,3.576424011037946,0.16671397822675793,-0.01482257958564799,0.0062305500076861985,0.7046815741519411,0.709341478215457
7.642582715021505,3.6270552226887283,0.1691840118544583,-0.01469917792062528,0.00845076782834758,0.705305757192924,0.7087004346017508
7.643579922077069,3.677061652955949,0.17258945753180122,-0.016213123400965517,0.009939933481513244,0.7056050554007284,0.7083500687649035
7.644474866660413,3.7279109615419035,0.17412153303534206,-0.017312555911342058,0.010899404167765444,0.7058221637869116,0.7080935904730155
7.64400505582976,3.775914727481287,0.17047714060401553,-0.01614896423091895,0.010053780767144012,0.7059140997027735,0.708041963370234
7.64560072235729,3.826812215491187,0.16415576773438545,-0.015561342290438823,0.007012693476823887,0.7063752673209076,0.7076317074101934
7.645727566979274,3.876664476545974,0.1612916822257442,-0.014708581073556541,0.0061587908423956245,0.7065561699793934,0.7074772713025748
7.645117111046334,3.9270562034557717,0.16217600983473535,-0.016115282941818406,0.005729245867746313,0.7065823272972547,0.7074241079391835
7.646181749640899,3.9753474509197027,0.16529743516773543,-0.017238728822974017,0.00791098247030235,0.7068558922799008,0.7071032283081354
7.646566704019004,4.024688328576754,0.16921254702793842,-0.0190242070190393,0.00901725029821027,0.7070868770717006,0.7068132098519524
7.648010435065393,4.07424125941276,0.16810782939611002,-0.018575306182244667,0.00909966307331111,0.7075527457536551,0.7063577474239234
7.649174002762761,4.1240000138519415,0.16313529373466462,-0.01794568408362704,0.00741326619747935,0.708005152850942,0.7059402781619472
7.649259745290693,4.1733397719420795,0.16154501879737815,-0.018964747845216894,0.005838541042524266,0.7083767040753608,0.7055555954520731
7.648840092503248,4.22377452670616,0.16001992024982314,-0.020103252390872753,0.004264824682683078,0.7087563769401165,0.7051539427374066
7.651200319205553,4.272757448354725,0.15993460739792642,-0.02027644800451067,0.004358813643601795,0.7096013248978283,0.7042980999454609
7.6526671437420815,4.322712669317128,0.15616147417866788,-0.019283018176905777,0.003238341520946804,0.7104691985499987,0.7034565989730269
7.656184458350006,4.371982824599314,0.15635853444319814,-0.019283380378124496,0.003952893320593463,0.7118577039216837,0.7020478060424903
7.658194762613,4.423025939571585,0.1533001622135748,-0.016743084525406262,0.005026919517915892,0.7128269445017564,0.7011220490595772
7.6610131448213865,4.472748136740106,0.14989923820595763,-0.01529226188424813,0.004307579028669708,0.7138414084853044,0.7001271430819251
7.662485649653145,4.522756793982238,0.1450268288926373,-0.013688838094749684,0.0027574279603248333,0.7147736995439014,0.699216415758339
7.660396851109764,4.573578957186029,0.14316729766462988,-0.013579038322457068,0.0020322041589977942,0.7149760902494203,0.6990140886446349
7.663737868185631,4.623638282118428,0.14770269085191323,-0.01539148232341626,0.003197943949797003,0.7162605663367941,0.6976558337418616
7.663781826463197,4.674167370096329,0.15048655596112503,-0.016623357363302664,0.00454690883525823,0.7168984965731727,0.6969645218029074
7.663206958180648,4.724993760337762,0.15299091013909916,-0.01843100537022181,0.005534021533726423,0.717566249652891,0.6962243611180786
7.663412801289396,4.775958515995495,0.1538663674790932,-0.018871876928999765,0.005999326324015061,0.7182805376921875,0.6954717406881578
7.666629714402162,4.825927138300645,0.14935172248140516,-0.016851234682293832,0.00540964431901406,0.7196168323895572,0.6941458050100394
7.66417549299963,4.8754785372867016,0.14269444475260507,-0.014591285367304528,0.0037468092234863234,0.7200710438290098,0.6937367943310191
7.664587892487878,4.925449023613076,0.1404695124445352,-0.013640692610628117,0.003289216968374402,0.7209901746971705,0.6928032175787804
7.6630495530440665,4.975885463105976,0.13925461940158002,-0.013602223133522424,0.003062109183184943,0.7215334277786299,0.6922392178389244
7.6647061275321295,5.025195930590504,0.1429302221819304,-0.015063312211585597,0.004160126920733166,0.7228039381476232,0.6908764317835698
7.662879910423942,5.07295045745999,0.14326941570266705,-0.016267047972548628,0.003953379223687403,0.7231110655554264,0.6905288813879636
7.663483681330705,5.122200704395318,0.14253324366909137,-0.016591699924026943,0.0035501897009159104,0.724221800687766,0.6893583021796074
7.663722466348816,5.172060895398646,0.1424375916168925,-0.01675325867576448,0.003578342381120001,0.7251013639780036,0.6884290435300209
7.663488044411655,5.22171222265759,0.14123642103733047,-0.016283390798692014,0.0037767453392903564,0.7260380819382435,0.6874513019578172
7.662130298065587,5.271590455479746,0.13985205256378563,-0.01576581823767518,0.003656045719059183,0.726732787718961,0.6867295989361105
7.661898130426601,5.320951118180737,0.1365483382861612,-0.014692427818731008,0.0030543357519396395,0.7276379964288793,0.6857971756068743
7.659780876967977,5.370499274196316,0.13616072784918565,-0.014733213758024707,0.002936905352282412,0.7281888881699192,0.6852118279284954
7.65857803737033,5.420796393831525,0.1351713281830489,-0.014408980327174756,0.0032106268191415487,0.7288350638674101,0.6845301529264508
7.656959201218584,5.470535541300911,0.13530993808707148,-0.01428743247789612,0.0036177441448906854,0.7293998262486705,0.6839288544138473
7.655850363370802,5.521643513467946,0.13279711838759756,-0.012429675861368335,0.00422208466508795,0.7300694155438152,0.6832469033009883
7.654349575861551,5.569921412924915,0.1326676259372528,-0.012126990567161268,0.004981206005165605,0.7307289287792645,0.682541844435394
7.651637746225726,5.618900568290548,0.13516836374100816,-0.012735484201321211,0.006585331694878497,0.7311082237940509,0.6821108455902071
7.650374367292164,5.669803650256393,0.13623279796857535,-0.012990830711845078,0.007351326558628118,0.7318307439228638,0.6813229405328689
7.6472782816816345,5.718798431116761,0.1335868320341711,-0.01239933772567084,0.006700168541676314,0.7321592832395877,0.6809876205180213
7.645568504107948,5.769208742039833,0.13066900220923028,-0.011962155945529811,0.0057154381251839975,0.732787924164935,0.6803279550388804
7.643346341393208,5.818095322043184,0.13080854937888642,-0.011739247121139119,0.006085441125243505,0.7333089448456891,0.6797669942452069
7.638839461508042,5.867682916230796,0.12969491467183758,-0.011254638761413673,0.0061395774616002366,0.7333673550598659,0.679711694944478
7.638379304917055,5.917127788518616,0.1279100845412895,-0.009981214420844835,0.006538302929837011,0.7342842981918069,0.6787372021430167
7.636117183823964,5.966144848217237,0.12704917006553007,-0.00963485422145381,0.0067475725375398254,0.7347559957527116,0.6782295125088821
7.632831516689263,6.015833148019297,0.12982477394025538,-0.009764272430251731,0.008833550024003855,0.7349673895874631,0.6779746075065266
7.629472702387953,6.0662537877090354,0.13054919990233982,-0.008719278745342358,0.011070740139666772,0.7350130668421142,0.6779064844898031
7.623350692610609,6.126289044951609,0.12990755590953285,-0.008452031069765678,0.011372310695966135,0.7346853159073058,0.6782600579271791
7.619546851473925,6.17701476478956,0.12570714014453843,-0.00806954711628437,0.009231032299569624,0.7348529418879706,0.6781156220644637
7.614893503700978,6.226671226470121,0.1221705248839926,-0.006678200488450671,0.00833754750185425,0.7346502759593375,0.67836189900427
7.609340689077607,6.275544311098118,0.12124970627781786,-0.007423792017613874,0.006900104118373454,0.7344055932958957,0.6786351854602007
7.604363223950011,6.326081615605336,0.12239950646277986,-0.009517309004594571,0.005793414382254442,0.7343049327530288,0.6787283161051585
7.6012151725013455,6.376226555518253,0.12375006902356245,-0.009825811175726512,0.006969916395066699,0.7345772251580985,0.6784181416111698
7.596668314542404,6.426390724406406,0.12595925628909077,-0.011064870985413242,0.007593443198661553,0.7345191023867242,0.6784553115053775
7.593557686885571,6.477038896453196,0.12726361517905316,-0.012009402554646751,0.007831968268081222,0.734858533651195,0.6780688727351264
7.590480155601733,6.527971456184972,0.12685009925750368,-0.012112621934859978,0.007854135962630768,0.7351886063123395,0.6777088685416665
7.586703373640489,6.5784644681095745,0.12466443106217717,-0.011804002968629124,0.007031279023488589,0.7353644941899267,0.677532505400646
7.583993453804212,6.630852098770403,0.12196181675508022,-0.011313024050559535,0.0059231041846536,0.7358303385564114,0.6770455297896162
7.577880301505665,6.680618723549962,0.12102160125548167,-0.011758617205888415,0.005207922559433077,0.7357380306213844,0.6771441247437978
7.572862202431349,6.730395335419586,0.11989828066783392,-0.012136052154081551,0.004490251691268621,0.7356750240171578,0.6772110509848027
7.568993881677915,6.782202140827691,0.1194961052979302,-0.0123207755551911,0.0044535032126754946,0.7357515116443232,0.6771248720644111
7.564229108448972,6.833318380831568,0.12042679995735206,-0.012697780994814872,0.004857270908050016,0.7357451435043226,0.6771220442208468
7.557612437011697,6.891455958548133,0.12074890373132252,-0.013344044774036645,0.0048644022742182266,0.7351690391213042,0.6777350139889742
7.5534849454434605,6.941904620370792,0.11971261276855927,-0.011953527953472546,0.005991302584155307,0.7352614298705618,0.677651716353028
7.548742411704605,6.993497878683155,0.12099498595630198,-0.012559912165270828,0.0064197381965365044,0.7351670532707543,0.677739216185327
7.5452529769213275,7.044740786519505,0.11627451306270364,-0.011166976661660413,0.005737284853037337,0.7353773647094012,0.6775415184612084
7.541375005572807,7.096855411283592,0.11192312575584218,-0.009658300266640605,0.004432631487918121,0.7354338127779128,0.6775132403892266
7.536942937022725,7.149661405681538,0.1112248479958895,-0.009889260193674013,0.0037164171824078476,0.7354987693856465,0.6774437003435717
7.530979626485929,7.202005007954879,0.1146862899033092,-0.011582741838965151,0.004598054079426615,0.7351534706676972,0.6777861352772878
7.526968125090411,7.25137163433533,0.11638705309410025,-0.012388745225186067,0.005089893333098351,0.735271024887012,0.6776408466257915
7.522467578309449,7.302799545627703,0.1157705838845966,-0.01116057530940295,0.006343486093258108,0.7352185574969011,0.677708560715823
7.519673858665221,7.354418723272804,0.1154229986907207,-0.010202038189266753,0.007412886516664814,0.7356857048206806,0.6772056751800392
7.5169619761709745,7.4062011919806086,0.11525765079992303,-0.009414326882107507,0.008642467878469713,0.7360246001590549,0.6768341585612458
7.513579253953746,7.45637654853507,0.1147548131225804,-0.009059679193766589,0.009127545978867828,0.7364462249498323,0.6763738407156976
7.509575468929403,7.507978939548352,0.11314248446947195,-0.00847177964015409,0.008703167726057155,0.7366017174926108,0.676217730634961
7.503912837181779,7.558191335267322,0.11226119391565037,-0.008555596220188253,0.008264870515856577,0.7365334620976123,0.676296500759613
7.499795027257466,7.610225155135435,0.11439315865643174,-0.009250009474590147,0.00922759408312132,0.7365884633870152,0.6762150091785022
7.495406211191265,7.659349166134795,0.11872319229733685,-0.01102808415801575,0.011120637900492702,0.7366672628399409,0.6760739825285637
7.492239198455195,7.712068762423176,0.1215658487539959,-0.012198320924863821,0.012632564894729007,0.7368330455919946,0.6758466396778884
7.487618284389303,7.763373442635624,0.11618395137084381,-0.00962931373151487,0.012077020608517204,0.7368709888362611,0.675856914032938
7.4829871787334525,7.813625885565678,0.10520816076845407,-0.007183447601675911,0.007056639052763338,0.7367713203231243,0.6760670424194415
7.475298611170758,7.861403723837984,0.09871442389100926,-0.005246388072062595,0.004191339658612474,0.7362106460256862,0.6767191428604166
7.47074357800798,7.913007658154646,0.1010176987060753,-0.005853055935250871,0.005339360371857493,0.7361973203790089,0.6767205631304039
7.466492567831798,7.964478080900033,0.10915398419327793,-0.008284673963389572,0.008850445113032656,0.7361988824461724,0.676656664546018
7.460548245749138,8.015414497936993,0.1162837808573336,-0.010332768129283597,0.012336459464195563,0.7356726388621284,0.6771460805147189
7.4565890645354225,8.065717383047138,0.11872122259742035,-0.011896972657466892,0.01294132952292798,0.7357944659893021,0.6769767120971494
7.453702667349603,8.115672396169124,0.11429506632779862,-0.011422598083802,0.011374063735240246,0.7359668870641343,0.6768256025504441
7.449678508791435,8.16429641253496,0.10609607561336176,-0.006530764456838394,0.010310544148827636,0.7360473255155299,0.6768200434246675
7.445196947422075,8.211863382794876,0.09675200838572628,-0.0021559614229638064,0.008334542865573228,0.7359184174488941,0.6770154825778414
7.442760445068084,8.261379944164409,0.09595555779911003,-0.0008792746351076791,0.009496907999156026,0.736594224205281,0.6762676789847116
7.440104341785494,8.309887656360857,0.11075115072444852,-0.005255472344650348,0.015899069733467597,0.7369955802938094,0.6756900894000569
7.437185171425356,8.35864217169494,0.12432202776702717,-0.008503596201271663,0.023065339530196582,0.7370903963758493,0.6753468909149752
7.432350341728863,8.406900498330826,0.12726832205067495,-0.011195553103893887,0.02300578260571677,0.7370139261533404,0.6753931253981542
7.427436761185021,8.454558031306831,0.11992983502591947,-0.00981838961904121,0.019978288160488546,0.7370169413808662,0.6755075672281348
7.421936248216131,8.500040505897195,0.10651371631588358,-0.006849562543429595,0.0139075282673088,0.7370022530845735,0.675712479967557
7.419237592218419,8.545854347413377,0.09601471119874017,-0.0033618296192112606,0.009879302880220158,0.7374765919312299,0.6752920516222327
7.414807043291344,8.592386039156619,0.09332637206238648,-0.0029926248347054278,0.008232664982001016,0.7376209266546359,0.6751582162259443
7.411494613261938,8.638792939557835,0.1003076501054112,-0.00575105657846459,0.010573685292801758,0.7378285114159632,0.6748808957140203
7.407169437719194,8.690687862274373,0.11007510065449022,-0.010080407900486211,0.013376438618180338,0.7379535802535231,0.6746435842581882
7.4021776302847915,8.73627469122361,0.1166454740379641,-0.013327918334032603,0.015071219477222505,0.7378174966127364,0.6747003383528131
7.398943685030889,8.781675444798992,0.11533302725242223,-0.013370140295311023,0.014955745217055672,0.7381400086178314,0.6743492419557822
7.396545552126415,8.826784695388923,0.11258448727247838,-0.012524249362474609,0.014411654821815181,0.7386017291036694,0.6738716014712854
7.392369386960018,8.871326145534065,0.11083470550379548,-0.011628843743928896,0.014644984873028887,0.7386489108427425,0.673830897560497
7.387905345439993,8.915099734357359,0.10622091856848659,-0.00999245823116149,0.013555791811941878,0.7386836049628942,0.6738419144366649
7.383802449752126,8.959471309618802,0.10034049022918845,-0.007923586586092265,0.011885776764162961,0.7386766822090959,0.6739085260052525
7.379321348709277,9.003285122360431,0.09807112978669963,-0.007221218889855973,0.011581606675738657,0.7385247217293228,0.674088250965107
7.3733929013281765,9.046806449792413,0.10027358223961169,-0.007912785440228763,0.012719060921976916,0.7379267802888126,0.6747145102568549
7.367082271419805,9.089411540992856,0.09937770393776502,-0.008317189463688935,0.011612949216515834,0.7372744172426446,0.6754423653379804
7.361946156845553,9.131744480947798,0.094721122590391,-0.006997988738831037,0.009838871851470534,0.7368531303128115,0.6759450443859109
7.357945806891343,9.175148778105664,0.09113901463303176,-0.0063042490809183185,0.00852119772358111,0.7367307944692485,0.6761030784154697
7.353636103987255,9.218079952089118,0.09346341747875875,-0.00785739476018173,0.008497139383358228,0.736715555791212,0.6761037340985226
7.350932684028557,9.26092918168816,0.0952081285495443,-0.008427214229344684,0.009351675941386993,0.7370773382629296,0.6756911548467667
7.347807731117988,9.302481568499484,0.09663040333879369,-0.00902299153789259,0.009924046917980192,0.7373712522670474,0.6753545320683761
7.346754338293232,9.344505697342525,0.0955008990515207,-0.00905560104134254,0.009333399246248939,0.7381244663957205,0.6745392170922226
7.342907062992817,9.38353364508977,0.0924858084988962,-0.009245634923698485,0.0070035185832452275,0.7385158104172678,0.6741363760177354
7.342444073744715,9.4241159010086,0.09198654346697044,-0.009846167672189095,0.006083496448447903,0.7397262343081402,0.6728083883200637
7.341309441228685,9.465929729176919,0.0926538927381193,-0.010388753923057213,0.006259147350297957,0.7408474001121,0.6715638707268111
7.340978260959654,9.507287158760798,0.09567165373764874,-0.012090349190599679,0.006568342401528527,0.7422502968150869,0.6699814756033511
7.340975908198568,9.548284565786007,0.09682508741612739,-0.01140741449397162,0.008772959520986768,0.7436722574515422,0.668389479272971
7.34238941255174,9.589967268220413,0.09816511083208479,-0.010739108502593171,0.010791513334263413,0.7454135045484181,0.6664284869550218
7.342174161610123,9.630088229210306,0.09543454229758197,-0.010231550107425751,0.009429204499716501,0.747126584362766,0.6645361305208283
7.342374263236537,9.670106553443594,0.08883034505087517,-0.007452215531480933,0.008015907560028257,0.749009668757586,0.6624686453592594
7.34496560904935,9.71169451432823,0.0868187502666462,-0.005687364716413898,0.008592205148184547,0.7515333375182595,0.6596146483652748
7.344625971584475,9.75154324776634,0.0887274237325566,-0.0066105241347393625,0.009364909264646101,0.7533001948131383,0.6575769366235137
7.345386498058944,9.79112095021627,0.09510656857039779,-0.008817363735509032,0.011503093354883254,0.755531269420247,0.6549522391543825
7.346295681296536,9.83142403212511,0.09767423358647331,-0.010219671877287282,0.01224829480832064,0.7578349229373988,0.6522513027128806
7.345702773746893,9.870982486039571,0.09591074486337181,-0.00923890158389844,0.012449017217537231,0.7597847832070495,0.6499898036285428
7.345424156520454,9.909909954619584,0.09101428070080964,-0.007886979778275186,0.010665954058099605,0.7617865271739498,0.6476923038676672
7.343795371149748,9.949449802688877,0.08780787479111041,-0.007887577449165059,0.00838861397752002,0.7634952414814579,0.6457108021191487
7.338962675330963,9.987480332581413,0.08741566157446945,-0.009515956365518823,0.006444402243015552,0.7641759653664159,0.6449054325440732
7.3329510453170315,10.025817209047371,0.09096036465780077,-0.01293331156818247,0.005193553360696729,0.7645344078747489,0.6444322423318126
7.325177167930019,10.062949644749567,0.09313650080942004,-0.015103054562260793,0.004469937832681021,0.7643019290381907,0.6446661807920818
7.317892997055164,10.100333553995025,0.09430617555688237,-0.01688921542984982,0.003257809443683568,0.764132494305361,0.6448299524981596
7.310573413469755,10.136882141178896,0.09469726165989023,-0.018173071679915515,0.0026202146615342437,0.7638621529033124,0.6451181918167302
7.302418254477646,10.173092306885307,0.09582797373039043,-0.0187524086017162,0.003376205707913682,0.7633431390144438,0.6457121694384859
7.294805324258769,10.209546027158664,0.0980301811439146,-0.02109746622735561,0.002570805567703837,0.7629255090296718,0.646136965569083
7.284111736959441,10.244422186980266,0.09395204809185387,-0.021175482990768466,-0.00019874335155967057,0.761683073694,0.6476036363312864
7.273277003860146,10.278271869476427,0.09253760057174176,-0.02253504675644328,-0.0026337984937964513,0.7600570983155288,0.6494601383929569
7.26057187434345,10.310367697882468,0.09120280399781389,-0.023553720387576017,-0.004372910199526933,0.7574871314767139,0.6524103981509641
7.242939629693593,10.343850450660115,0.09199188620541066,-0.02527103472917726,-0.005345371362279075,0.7533956843179902,0.6570599246940265
7.22647248886153,10.375040426686773,0.09238262087054927,-0.026453069837952904,-0.006050563406247092,0.7492310971968503,0.6617525132065425
7.2097480500537605,10.406075338917951,0.09140660126017452,-0.026168263887567392,-0.006023240436134178,0.7449398642957885,0.666590987444917
7.194414924405342,10.43766984644786,0.09028380672809266,-0.025595296167578843,-0.0056875782472024855,0.7408479417528128,0.6711608451280633
7.179101863452527,10.467798530014724,0.090934155464379,-0.02574028872896367,-0.005016667178314675,0.7366109654126684,0.6758080929182331
7.164693242771545,10.498640290272053,0.09076470412216331,-0.026242741902567934,-0.005246032211249576,0.7324373019396846,0.6803083229046223
7.148978138109992,10.529114729577989,0.09107470748842772,-0.02707808352107291,-0.005390462788030227,0.7278955404978891,0.6851319527314141
7.133388496883704,10.558249755954941,0.0911254915159434,-0.027615408805805024,-0.005299894351763593,0.7229722325988343,0.6903046052227875
7.119207955414264,10.586918168045473,0.09161575485938656,-0.027501287221641416,-0.004532330918075979,0.7181733177430932,0.6953058590732571
7.105427524123968,10.61670698468691,0.08999043831723252,-0.02698445336519975,-0.004702266491816432,0.7133441204807459,0.7002784421619268
7.091152410876089,10.645738891311138,0.08949336714212563,-0.026694532692117544,-0.004294389928779726,0.7082413049622355,0.7054524804077678
7.077816219921126,10.675552463428822,0.08804295679872887,-0.02604526532006089,-0.004137108259693358,0.7031791649611081,0.710523463004273
7.062935102905575,10.702895402464254,0.08589462756288446,-0.024974561915106726,-0.003968296381930902,0.6977185389840566,0.7159255163184901
7.0508782163788055,10.731003687997445,0.08493853274688057,-0.024195643246321945,-0.003403176414258184,0.6926099138909806,0.7208983930847683
7.034179909820349,10.757454966134185,0.08263204327262219,-0.022634812720903074,-0.003610699102290828,0.6866377919495521,0.7266382650895449
7.023819759198357,10.784462614394863,0.07970807073154074,-0.021438903573659074,-0.004050632948861054,0.6817840630143367,0.7312280436626674
7.011207619992673,10.811096496156669,0.07841226375154076,-0.021225242803334696,-0.0044691295215142654,0.6763728169313882,0.7362400060385842
7.000184918135058,10.837300737797495,0.07746661508211661,-0.02026375105437629,-0.003825341231539814,0.6712054431898419,0.7409844687049761
6.991388152991046,10.86348396990416,0.07869256275122005,-0.020233367862040774,-0.0029360923944739196,0.6665088776595318,0.745216685460169
6.9812617280575955,10.888994165286267,0.07991480840241394,-0.019776860520865473,-0.0015237100357233697,0.6614909482365551,0.7496907868339102
6.974663901009462,10.914359494497544,0.08024729439345979,-0.019654860221358254,-0.0008022997798077463,0.6573062452440427,0.753366806063248
6.967285046640795,10.94005224351293,0.08073827056229099,-0.020180825345113992,-0.0009464495294027016,0.6532279381513909,0.7568917284675332
6.963139073685724,10.964415581022452,0.0793254037156732,-0.019076135620422333,-0.00047454329962205087,0.650121531138986,0.7595905872129562
6.9609929794889585,10.987911628004367,0.07893900555995081,-0.017689194633483864,0.0005080238115313505,0.6479273949520484,0.7614965090181641
6.96278642471149,11.010319222687782,0.07926467850457364,-0.01646637465613134,0.0018108595483513929,0.6470186457163947,0.7622941924654774
6.966427401510487,11.032575822200988,0.08006905454759483,-0.015956783129261902,0.0028643475564863173,0.6469523346511231,0.7623580914888224
6.971671194838284,11.053757458396126,0.08104572505361407,-0.015616115984560159,0.003883402648562965,0.6476120226249225,0.7618003141309725
6.978032491995776,11.074505166108448,0.08152383380661199,-0.015610974684648603,0.0041547707915775365,0.6488417757723792,0.7607518490531606
6.987102113952774,11.093977295600366,0.08126190363098296,-0.015146673578578523,0.0045177722388971804,0.6512227630739862,0.7587220028538423
6.997950144066849,11.112580858311354,0.08205860730146064,-0.014963236227258234,0.005207599907562927,0.654477934970581,0.755915082805713
7.011559988668266,11.130261778939532,0.0827479923904626,-0.014249733899185187,0.006408818370481369,0.6588382478678533,0.7521223472323685
7.029068846123857,11.146947267957394,0.08325876198370885,-0.013647060523886893,0.007137808993660051,0.6646645455992697,0.7469831789851247
7.049089570999052,11.163082538619223,0.08307003874337937,-0.013146766426531498,0.00745577788533628,0.6715922899049991,0.7407667490158013
7.0690955473189145,11.17920888740708,0.08266557296078414,-0.013340022208982942,0.007215601598966843,0.6788210366978761,0.7341470986166405
7.092108120679622,11.195059151711067,0.08371687167300212,-0.013345653543283188,0.007838295775284776,0.6869915189259004,0.7265005719803448
7.1168641658593526,11.210576676075926,0.08412132133403505,-0.01274411335154761,0.008944960705380808,0.69595442565214,0.7179171298344473
7.145702914459144,11.227179378835915,0.08612691189420163,-0.012468481491504141,0.01062762347659232,0.7062888490549863,0.7077341555493364
7.175325404569767,11.243396927460429,0.08655872460278924,-0.012906151278113258,0.010701699569548093,0.7172332043521653,0.6966315025283305
7.207085566175913,11.260726551634479,0.08739132512781023,-0.013533240487977325,0.01057272329360574,0.7288409272414264,0.6844676657761591
7.238458993052584,11.27902130285652,0.08610431776361516,-0.015195083558576525,0.00798940239144296,0.740589419562196,0.6717384706993325
7.272083571753019,11.297989752451484,0.0847996014464174,-0.015093415039049792,0.006766800958593818,0.7529973157232825,0.6578156692038916
7.304678617090843,11.3177248862772,0.0798595180621211,-0.01446745389744635,0.003824067257022817,0.7651234960137043,0.6437096358579565
7.337039785925322,11.33882366952135,0.07745595748107625,-0.01328330585600506,0.0033235330527781773,0.7769847080250792,0.6293705239463524
7.3683176155745445,11.361246141735764,0.07724721739136609,-0.01357054806584191,0.0027610993691441275,0.7885328903132285,0.6148366308466605
7.3971298661668285,11.382761394524785,0.07712887999664275,-0.013604657874912326,0.002598228852661916,0.799296360228288,0.6007773985819891
7.425136751172486,11.405466373711285,0.07755801334525447,-0.014384183326921708,0.0017891210858762077,0.8098397633652625,0.586472019529353
7.45138855977184,11.429366416553766,0.07735432281096344,-0.015929503938474185,-0.0004088964803205836,0.8199815114615161,0.572168153136771
7.47610991973305,11.453062100124454,0.07661176994175828,-0.016746842302494545,-0.002645766124019632,0.8295961670652182,0.5581063698588629
7.500276656274156,11.477090556482569,0.07668369665364327,-0.017968439086962752,-0.004842560140307361,0.8388985538812292,0.5439695767207736
7.5236774589573185,11.503527075510826,0.07855931313793496,-0.019845916147199622,-0.0065573867166070455,0.8479698377632336,0.5296322368949395
7.544918832824623,11.528695388786817,0.08245042598442964,-0.02272424484994309,-0.007663237331088945,0.8563670204639706,0.5158104563027445
7.564813959619376,11.554928260758397,0.08620128877686595,-0.023505042851314484,-0.005695852037434354,0.8643683130116311,0.5022773066906848
7.5852480590383475,11.582209177894052,0.0868482278968421,-0.023521990063272876,-0.005735337845910676,0.8723822844103205,0.4882243071485008
7.601314137152429,11.607475216414079,0.08510819227418054,-0.02354211285328182,-0.007696254630781256,0.8794516587751355,0.4753433667432509
7.616863060319606,11.63413424219338,0.08713627455011341,-0.025049858175319076,-0.008759476787436845,0.8862257776057401,0.46249286411226115
7.6277452201216995,11.658388609405424,0.09027454366107435,-0.027435733241630757,-0.010162405270344297,0.8918944062792892,0.45129631749802696
7.636213779499947,11.681948786612958,0.09023633124753516,-0.028652184432535286,-0.012344224309648332,0.8967758901510138,0.44138382884730215
7.64290320445004,11.70433191216748,0.0876241436538141,-0.027973814831703536,-0.014116229584145882,0.9011965225347983,0.4322765498360239
7.6502635423670755,11.727468921826233,0.08481115490306301,-0.02641155627591856,-0.014713609330696733,0.9057376333977619,0.42275911024110086
7.655031301587549,11.749704193515392,0.08443281916339629,-0.024663873595713218,-0.011680739139096414,0.9096483851980042,0.4144816821838008
7.657619603900216,11.769939535809883,0.08383899161690778,-0.02352824314211947,-0.010140145879360879,0.912989581730743,0.4071776355342549
7.661134240372601,11.791493031250905,0.08114388294071162,-0.021839946986567552,-0.009704736052679217,0.9165538272258756,0.3991965964742094
7.665097893174121,11.814230787654775,0.07623161802433032,-0.019103163260862487,-0.009293306841204482,0.920290069436262,0.39065955338183245
7.668426477548218,11.836779667511205,0.07046521629926294,-0.015838634663172556,-0.008735766003804461,0.9238794566565567,0.3822558961733259
7.670939874649999,11.859093388077351,0.06727098864457837,-0.01378924605040214,-0.007988694847078986,0.9273537989572466,0.3738461792168526
7.672730766099508,11.881926081741117,0.06739343671566189,-0.013947866482707672,-0.008036222774977793,0.9308527367947859,0.36503980493025084
7.675887485992977,11.907610642301432,0.07054414194414527,-0.015269031003892153,-0.006715120949609598,0.9348294368249415,0.3547050586492394
7.679847502326094,11.935546236408596,0.07483016423920708,-0.016689587231456436,-0.0046638249368472036,0.939084565638109,0.3432490261045207
7.68360388805767,11.964531201430495,0.07843497644026431,-0.01796371286933762,-0.002879371426028322,0.9434841460491492,0.33091792931792174
7.6873412525991505,11.995059453797237,0.07914798829120606,-0.017820884843475972,-0.001145374306636195,0.9479094922489402,0.31803884283864914
7.689928470812431,12.026068082073099,0.07967756491394606,-0.018174008261446734,-0.0012730596541610658,0.9522189930914927,0.3048722246030883
7.691272274016679,12.057358269081,0.08165823531643879,-0.019345546112807865,-0.001423865048819302,0.9563775924878825,0.291488639719146
7.692632768184991,12.091194116261153,0.08261952578812304,-0.019658480074781638,-0.0009342151603970628,0.9606941892045932,0.27691033957513156
7.6938653037299805,12.126388419102884,0.0826269644931783,-0.01932062135825973,0.00043189064902221606,0.9649898943470747,0.2615741095091806
7.692910412594242,12.16216196319751,0.08009729746517937,-0.017978052577215704,0.0017827982560213542,0.9690529134375212,0.24619110759100235
7.69129210097535,12.198745901093782,0.07703717005395852,-0.01645776370972773,0.0026077600157862067,0.9730167946287388,0.23013182781822256
7.687732194953884,12.236580175381023,0.07294369232035769,-0.015184023939624935,0.000550734736497284,0.9768271888606265,0.21348956743599187
7.6816299358376945,12.273569426847729,0.07051560564510995,-0.014684476292626281,-0.0017378291088622373,0.9802769249129903,0.19707485178948958
7.6738844627100065,12.312326898203576,0.07204120711962969,-0.01547203871075888,-0.001323679719066081,0.9835189624256739,0.18013693725312352
7.663227929547127,12.348043162598827,0.07425673545003009,-0.01618321324552176,0.0021616974841518278,0.9861630292143816,0.16497247215439012
7.6497212503575,12.381141175781973,0.07405829566687494,-0.0161296870290269,0.0037636748602840452,0.9883766279070884,0.1511201779305146
7.63401740983965,12.410497115685434,0.07385877149868492,-0.016412265856489073,0.0024560393637651427,0.9901860167002197,0.13876690890768723
7.614695116112767,12.433291387795506,0.07461371883985901,-0.017394809014980757,0.0003103568118908849,0.9913975281628593,0.12972382212527392
7.593144692172046,12.451136494583022,0.07478464443945487,-0.0179385411309293,-0.0005566474627077,0.992193289612226,0.12341139711454006
7.569653151223876,12.466962085453856,0.07513988506732194,-0.018373319284541355,0.000588127043378182,0.9928037351750303,0.11833348743196155
7.546287023734784,12.485236661481952,0.07495901974849328,-0.018307028839193187,0.003953269239293006,0.9935176073807334,0.11212488248426396
7.521415226960652,12.50475504286312,0.07324633967190763,-0.017635630404489247,0.00781276081266206,0.9942704211567737,0.105139309850051
7.495513425242187,12.525894142134307,0.06744208801702056,-0.01548842897223135,0.008253976203231171,0.9951133391031679,0.09716701929848988
7.468077764097359,12.546404412176061,0.06585955842586699,-0.014838415157241365,0.009231760888014253,0.9958555198469722,0.0892545953622871
7.438750082806902,12.5675468510022,0.06492633600988285,-0.015027924265803233,0.009367331400516734,0.9965451208939623,0.0811433431284612
7.406844322559071,12.589626477464952,0.06530758059652353,-0.015765087227125867,0.011669322709352573,0.997148419196865,0.0728718634307197
7.372575644826806,12.607395742454242,0.06761518521489229,-0.017362685024440952,0.01233581160636165,0.9976201796975049,0.06557710655606859
7.337910804014258,12.626648262709578,0.06763846859214517,-0.017977434580106033,0.013371723391349734,0.9980564079650559,0.05814996930270938
7.302120639517019,12.641770108544215,0.06460012728487463,-0.017090872157227904,0.013723320928758524,0.9984003624255183,0.05211818038509004
7.263554066945117,12.65598980376703,0.05994561013498512,-0.015504129986326545,0.012975383501098642,0.9987078902017206,0.04662415944158766
7.224139834032642,12.666670935830513,0.0585376260407342,-0.015313957125340913,0.013853440520726908,0.998871800165609,0.04276321004490798
7.1822189451731395,12.675480258332989,0.05831412111740253,-0.015800223181153403,0.01299453773856786,0.9990015857204725,0.03971539294055536
7.13990152606148,12.683514329733589,0.05805118599802839,-0.016296494521386578,0.012906906881458041,0.9990895791033678,0.037253917966100884
7.097020140004531,12.69071531718936,0.056699225612260484,-0.016329974439430846,0.013364714066030929,0.9991551048642823,0.03526740387280963
7.052695896342098,12.695201351866807,0.0544331388814836,-0.015849850769052085,0.0138021950753313,0.9991915236067737,0.034272079745518366
7.007053529123857,12.700043543444432,0.052803521269997766,-0.015695792848012813,0.013826138113026677,0.999225920352456,0.033317165404178645
6.960547533374546,12.704554430155643,0.05216195120867262,-0.016001418130164414,0.014493906244921383,0.9992376118446328,0.03252806676296108
6.912936292992535,12.709001777901062,0.05165928852907342,-0.016574902017326823,0.015389329424434346,0.9992436141200632,0.03163292360959644
6.863476369433163,12.71293909244446,0.053094176858312636,-0.017720661802137872,0.016534229867927568,0.9992247646171646,0.031023801578927146
6.812856368506657,12.717293248758267,0.051862021836747374,-0.018032671492389237,0.018032246475941132,0.9992156678152977,0.030293661561939692
6.761992246574279,12.723670778211293,0.04889092305526077,-0.017242507643071822,0.018219216586139036,0.9992655500796364,0.028967633054995213
6.709891142697902,12.727464973754888,0.04347166572082806,-0.015351347912773209,0.01866562920078239,0.9993062220412073,0.028337277030685153
6.6551479926820996,12.731484125053862,0.03910037636678787,-0.013917592189202414,0.017671314467117758,0.99936717842052,0.027554652679900937
6.599753899161197,12.73593235687045,0.03794641633784224,-0.014137099358882254,0.01647116205309246,0.9994109624293117,0.026581498900670908
6.544115410059206,12.739831877623253,0.03916835412183062,-0.015309154799271476,0.015842034224256066,0.9994190137664845,0.026005742272238844
6.487783029907769,12.744122619336625,0.04197875739188106,-0.017526048497938596,0.01698113910458489,0.9993812837456835,0.025328424502181833
6.43072357859816,12.748589563379916,0.047142548550473506,-0.02070180671141692,0.01678115600989769,0.9993442307483628,0.024514115459702637
6.373860541509633,12.752726421417277,0.05096421433052001,-0.02355960432949793,0.018790453240446935,0.9992663329652829,0.023635944970196172
6.317667581017757,12.75877430384236,0.04920320748798801,-0.023414341509200087,0.019798846502046337,0.9992822962426582,0.022241079817433927
6.260743567205607,12.762269495286764,0.044768403176238536,-0.02214335132567241,0.019552265266899915,0.9993320037033133,0.02151556607283275
6.203417812413155,12.768210614840104,0.04002291504298583,-0.020551175072654488,0.01929675878314318,0.9994021655238067,0.020014907202541867
6.14743983449366,12.772093593982198,0.03891201398431576,-0.02057543525993636,0.01830267442696638,0.9994429661110674,0.018852562566478978
6.091543411133618,12.777465089745997,0.03810651492672079,-0.02087366293580319,0.01673193588278825,0.9994914579737308,0.017353608099278554
6.035738868605896,12.781237023242468,0.036758528465098195,-0.02119295719492814,0.015515279733030896,0.9995222962327119,0.01628832964347961
5.978870079295435,12.785210717515652,0.036104055652722344,-0.021557675434204775,0.016241321431984417,0.9995214688226665,0.015110446171297167
5.920101327292223,12.789011027111801,0.03470783304141278,-0.021666920326473785,0.015440134423719633,0.999551829104906,0.013721680403473718
5.866572884111545,12.794614654652918,0.03316498794146838,-0.02169668088763527,0.01743611824211167,0.9995384864968563,0.012167281426404027
5.808983619852607,12.797805934419253,0.030893453205586674,-0.02164728807200741,0.017150275305983058,0.9995577027775755,0.011030260859584737
5.751126437546802,12.800192120488525,0.030282069092111286,-0.02197591274520624,0.01705906778064924,0.9995605427008405,0.010235238482538805
5.694908525672518,12.80111560139227,0.03001993077109333,-0.02241336836807873,0.01623296829111138,0.9995702252132111,0.009669434862843315
5.63859550935223,12.802406096397027,0.028515316242266664,-0.022405434441794436,0.014682757774106896,0.9996009566924152,0.008963386563267508
5.580829931263962,12.802928831425099,0.026595726109704287,-0.02207381656824207,0.01364680366093067,0.9996269841672346,0.00850906416155214
5.523880477549526,12.805221264143942,0.0256955296767849,-0.022425309670485467,0.013081098036588756,0.9996320897063572,0.007853328841072748
5.468609584500489,12.80384701925548,0.023737660810586814,-0.022175020863361112,0.0122303458983827,0.9996469440682335,0.008041982438901984
5.410604457561782,12.806809667007547,0.02108271082617108,-0.021570375667214793,0.012510792434641158,0.99966169386596,0.00739598285057847
5.35215638604525,12.807434677040735,0.01764257185385265,-0.020896090279705536,0.012846498857678705,0.9996726349598618,0.007275443392455853
5.296424040390785,12.810492187708311,0.016858214735034238,-0.021290106581396177,0.013398391328644305,0.9996626925811328,0.006459001524530757
5.241106384741653,12.811843463705074,0.017976894155612655,-0.022510634438346045,0.014214530714005578,0.9996279083835489,0.0059387317891019245
5.185295023738214,12.813817182491807,0.017463805352069706,-0.022956421346410284,0.013571610326101696,0.9996306288540305,0.005237359027401914
5.1298817593099715,12.814142483154157,0.0150663724569009,-0.022470899165100318,0.013441571361167857,0.999645296907025,0.004864775385842647
5.07673565240993,12.818517510272443,0.012870239547852158,-0.022230405922445712,0.01213153902217388,0.9996737454592928,0.0033214410482548455
5.024232361835797,12.820060464746406,0.012531340657955692,-0.022541173937619795,0.011700906403311282,0.9996743342470813,0.0024926565908814625
4.970671884381845,12.820652184050928,0.011347922042468817,-0.022801659941832864,0.011660907462815085,0.9996702648965475,0.0018636778912969093
4.916717030767335,12.820061966981337,0.009741244743501909,-0.022574610186756047,0.01146657991378824,0.9996785749995168,0.0012849284350827097
4.863619661679709,12.821083524099516,0.00580478239958282,-0.021273476745611475,0.011563686882234052,0.9997067393997182,0.0004047465080078485
4.810809534174304,12.824152151919389,0.0022120192045615994,-0.02006678540473117,0.011449499114778439,0.9997328684565501,-0.0006520739438216327
4.756919751617794,12.826023053139515,0.0018022830493671371,-0.020342189495996955,0.011619264671193421,0.9997246780470159,-0.0013281308960098404
4.697419295282172,12.824522003405832,0.003582951783773325,-0.021726503483203662,0.010399423933247078,0.9997092211677822,-0.0011302144577569936
4.643047562798905,12.825644221076654,0.004136254394621508,-0.022763020223496296,0.010272128842174443,0.9996868105042618,-0.0016163295221742965
4.591309244962771,12.824820009150496,0.0024332253792183067,-0.022687602215735046,0.009990355387732009,0.99969153564106,-0.001518136017001188
4.539135422442287,12.82402284466914,-0.0017021763339402085,-0.021253119311577123,0.010722685047983278,0.9997156006994568,-0.0014323608154072115
4.487812083537987,12.82421868058754,-0.005063101921498614,-0.020081358409785623,0.010213734575135896,0.9997455079377684,-0.0011554899371790186
4.434432256199733,12.820228126230022,-0.008474310833429755,-0.01916005225063234,0.008710155981749242,0.9997784249876268,0.0003470340979584479
4.382047260881997,12.81615452558336,-0.007492997580548222,-0.020025810050172493,0.007776770475277782,0.9997666876536042,0.0022491881021861637
4.3293654537497375,12.811382114785882,-0.007737197933716189,-0.020183789745099878,0.008433931529119483,0.9997505457996577,0.0045101747826168884
4.277336522094995,12.809368318139889,-0.010975207560585787,-0.0193933019248944,0.009200840264213835,0.9997498303651964,0.006286444980430484
4.226043366222374,12.807639617098367,-0.014031324554139246,-0.018601354969698378,0.011314213469597812,0.9997327492154003,0.007772425061307492
4.174361833981342,12.80489278889078,-0.013259293952469164,-0.019625490413073293,0.012273351928355691,0.9996874216430862,0.009447684429333775
4.120549591234639,12.8030563290064,-0.010630973701998059,-0.0216245754887105,0.013510968898445509,0.9996147531273044,0.010962313621577879
4.067549241483774,12.80241803803975,-0.006628216498092421,-0.02423002839359361,0.011762473742767824,0.9995669380890422,0.011852700697767277
4.012499501914599,12.802307381868367,-0.00262075640142001,-0.027216858416908983,0.00935768295998844,0.9995061504318857,0.012614881391175012
3.962714324206006,12.798907025787146,-0.0016883426443157212,-0.028468300573935092,0.007800838448653003,0.9994653822422256,0.014058949350956773
3.911576141576326,12.797971623193428,-0.008133287712855264,-0.02608550086540201,0.004633786131528518,0.9995392468066814,0.014810852122016547
3.8590730990284134,12.800477221205352,-0.01798651943464824,-0.022271087273469867,0.004132164077060968,0.9996343107940695,0.014770508488410123
3.80960866882717,12.800586550681981,-0.02369111626636984,-0.0196772167491785,0.00644805781282078,0.999672731849123,0.01502206900864995
3.758390367521637,12.801418153860691,-0.025636155051828702,-0.01933466602152315,0.007632386115791933,0.9996692960011216,0.015139752519826013
3.705032402888582,12.803977848724447,-0.0240233472163629,-0.021171948788590127,0.007763778049751312,0.9996335356499252,0.014975478101913004
3.6539069873922494,12.805390931453642,-0.021751238731819944,-0.02289846624018366,0.008025678609989447,0.9995954410465808,0.01483906802766791
3.600805018968836,12.806679240803204,-0.019415852860018123,-0.024995761421690403,0.006688935371642986,0.9995511582517704,0.015097916864259585
3.5497206282973437,12.80641154371902,-0.01873526421077898,-0.026173431163124202,0.005512541386733362,0.9995191803967216,0.015683754950872784
3.497944108611058,12.808158905924794,-0.021062345145782757,-0.025859675996907444,0.00597262613486866,0.9995248008211074,0.01567701395501555
3.4469562974666497,12.809663384313557,-0.025192424303121408,-0.02482257158108692,0.005766635517233658,0.999551672572548,0.015717318399856444
3.393571242250115,12.80965373648655,-0.027163487667833053,-0.02449371122311677,0.006303121673228845,0.9995539087467651,0.01588412214574212
3.3419335493261983,12.813726971308459,-0.029062675149257644,-0.02432408640390859,0.006886911442149659,0.9995667741052405,0.015072567712478268
3.292450576925152,12.81415073281606,-0.030780481966287243,-0.024305544982576463,0.006201175853605862,0.9995759347954832,0.014789832151579365
3.2410360378005607,12.816865860026944,-0.031354884802737515,-0.024895275490477202,0.006159683716633457,0.9995738104769071,0.01394573441924739
3.189170327193164,12.819998580641506,-0.03266957722585717,-0.02513190563307974,0.005922232771194025,0.9995816890673347,0.013029300341150626
3.1401591872898384,12.823390255829848,-0.03171319879609205,-0.025833704046210312,0.007443331591045748,0.9995661479850229,0.012030435557384754
3.0901349932126663,12.8280274290485,-0.033302687012636834,-0.025990883733156982,0.006784560548530089,0.9995821586502337,0.010675231444126443
3.038304138489436,12.829688010206374,-0.03575763264755427,-0.02572634332393995,0.00605810769250548,0.9996013964520569,0.009925363146359407
2.9819199839735497,12.832739561131657,-0.038206246678491596,-0.02557788556828829,0.005867868849411049,0.9996159158651426,0.00890800191473502
2.932931821449343,12.834666669801258,-0.038101190924414996,-0.02581744715255666,0.006033362570247805,0.9996162587234777,0.008025069853499905
2.8804491133791617,12.83822034589995,-0.04104580790565393,-0.025572157031834308,0.0057921929679687605,0.9996325816255377,0.006871908953239217
2.8315244173338674,12.840549760957744,-0.04390416450339174,-0.025161602195169636,0.0046070470505380195,0.9996540469540328,0.006119196361596866
2.7792031283349186,12.84147037912798,-0.04519284851117167,-0.02525442554239688,0.0041250892492338915,0.9996574828544454,0.005486839844323092
2.7301202133147835,12.842558861677544,-0.045541687358558125,-0.025632978175237766,0.004556557740104607,0.9996485241479282,0.005000053897456333
2.687589813608688,12.843378495168922,-0.047403134735645835,-0.025694406534287433,0.0033442029125829646,0.9996532718251921,0.004685635395216473
2.637743138324823,12.843332069109913,-0.04829398612196112,-0.025868545913931403,0.0032372261295057947,0.9996487030247174,0.004775015075182584
2.58553232221196,12.843594827190664,-0.050685828694941204,-0.025596577706041606,0.0026902441320166763,0.9996574008699745,0.004760129913446194
2.535033315311942,12.842471874319251,-0.053101679372700605,-0.02516737889377338,0.002291893245667036,0.9996670898972642,0.005202431379374623
2.488303485584205,12.84127152620903,-0.054592389544827924,-0.02497879990162875,0.0014503327679452334,0.9996712934152797,0.005590229573856101
2.437347540194373,12.840247550306962,-0.05679397571031625,-0.02470310103098004,0.0005360002714548667,0.9996754820096215,0.006197164433908071
2.389929924404454,12.83818813929545,-0.05789794340566773,-0.024879907914694688,-0.00025259015569108325,0.9996633037347017,0.007361983219131458
2.3403783534728446,12.838270012550709,-0.05836062543741241,-0.025332833072545555,0.000251866265740698,0.9996443727067872,0.00832540175921037
2.2919210633394287,12.835318291127123,-0.05850934268590369,-0.02589878895352108,0.00022182386255210538,0.9996150512653406,0.009947665244107643
2.2428501985332874,12.832017349040054,-0.06146957205152637,-0.02554430767601703,0.00034816382187882684,0.9996050561391976,0.011708657037229734
2.194790295996114,12.830058072368143,-0.06309323110111431,-0.02523687398805208,0.0008871878702442512,0.999593875790192,0.01320617818440694
2.145432824862825,12.830394138155613,-0.06600511957975974,-0.024761993166797922,0.0011301174685931607,0.9995933987591862,0.014092486412049408
2.095014088538414,12.827132451968282,-0.0686368570332285,-0.02443635849639033,0.000162152388930803,0.9995745483986085,0.01592399504210574
2.045950078805064,12.82649767608808,-0.07004073925368481,-0.0243845663958279,0.0006615374787632219,0.9995608632166078,0.016823759051947124
1.9980208701532391,12.827488338596758,-0.07229637699372604,-0.024081616116048046,0.0009357708181754703,0.9995588730356464,0.017356741365854605
1.9505889345346485,12.825017233439807,-0.0732968318069815,-0.024271138685532195,0.00040943275590174137,0.9995328363331748,0.018570578887036053
1.9049732668525814,12.82744419054883,-0.07403432994568135,-0.024513259870224378,0.0003357567758486817,0.9995234068991736,0.01876045245248132
1.8595154146040374,12.827318269805481,-0.0749820377008748,-0.024479094742663098,0.0007285186816313859,0.9995145438955211,0.01925955072783834
1.8123286730507473,12.828998030427444,-0.0770570902484311,-0.0240900168790256,0.0014701578407135022,0.999515408582264,0.019658502965834775
1.7647236017914016,12.830596263223367,-0.07882609996798717,-0.023710776508754715,0.0018949399611482352,0.9995188225967517,0.019908236149059264
1.7177575629655428,12.832378595709132,-0.07870362577238965,-0.02442010512300814,0.002008774190716077,0.9995019536736359,0.019886475758347146
1.6699175632933076,12.833623446355293,-0.07920292551710917,-0.0248512179534506,0.002632291149971522,0.9994918977815501,0.019784900415732044
1.624182173828645,12.839195612973278,-0.08035484765849205,-0.025206530989073595,0.0025664273460403084,0.9995122330910721,0.018257909752150126
1.576275377036184,12.845256226689107,-0.08361600261325947,-0.0245344975674077,0.003344296107893081,0.9995663417841797,0.015937585503721447
1.5276363241757687,12.853025487170667,-0.08514246073666304,-0.024518279883332838,0.0036083728686820142,0.9996144326288163,0.012522577629228482
1.4820736801421617,12.86224077567,-0.08703997541189556,-0.024345623897289843,0.004347515787932917,0.9996605088220354,0.008201905346230245
1.4353388473258786,12.871497330965957,-0.0884040608124248,-0.02445488452217008,0.004152281654033725,0.9996852677497137,0.003753723029598473
1.3885806690175997,12.880692150745203,-0.08899709485723084,-0.024928246277446137,0.004454542010992425,0.9996786420763001,-0.0011627378026095659
1.343767847101621,12.890155198404582,-0.08905297178859417,-0.02551949798066683,0.004141671292212136,0.9996450062312359,-0.006438605919560157
1.2959697663651273,12.899764760350164,-0.08951927626231893,-0.02608825706506074,0.0039410661137164425,0.9995813685582452,-0.011872357828199417
1.2501578787915246,12.90914251364876,-0.09229478003997738,-0.025731971252880605,0.0038449919729490675,0.9995097359254194,-0.017417536944403927
1.2033007483303322,12.918965398045454,-0.09655869323236987,-0.02455628132433675,0.0049056354671689105,0.9994141829719643,-0.02332847191746231
1.1581316235177361,12.926808655216165,-0.10044826224656478,-0.02316689440936524,0.005179788232134806,0.9992974764043939,-0.029000274601561425
1.1118324350128646,12.936617275270441,-0.10190756925192856,-0.02316311153513815,0.005950984501776069,0.9990725164952408,-0.035807356007400294
1.065369495277942,12.947600160147603,-0.10153745778762024,-0.024305031963797765,0.006796081741174434,0.9987344929920009,-0.043502674105653484
1.0187433764542406,12.959904904705047,-0.10282338752106462,-0.024538273721968172,0.007581375454180846,0.9983004716260664,-0.05231208909438011
0.9708646980869483,12.972473048884039,-0.10518634681066685,-0.023894395481057304,0.008403748025857694,0.9977738591163281,-0.06169092081801495
0.9240889266531302,12.98663851148677,-0.10808028890273036,-0.02300972560339597,0.008985587051745474,0.9971081000779228,-0.07186965863275417
0.875807018203615,12.996978356195495,-0.11035822869587708,-0.02282519450967416,0.008687226896670376,0.9963676898727858,-0.08157797476591425
0.8276721041082101,13.008939924921915,-0.11075440451198554,-0.023223266755796338,0.00837716481260713,0.9954619928674625,-0.09190177639207137
0.7793254306496991,13.018391244654808,-0.11175100008884359,-0.023427020731532775,0.008025427228977524,0.9944800900877582,-0.10196131883971943
0.7296429674773484,13.02824787574016,-0.11451113112199296,-0.023065927786023017,0.008352337842381888,0.9933328475740277,-0.11264124905649799
0.6778495939484136,13.038561259353557,-0.11657698557733223,-0.02287492411414089,0.00832819207520152,0.9919982639584041,-0.1238822784207766
0.6272453657379091,13.048746042219062,-0.11846583196993185,-0.02252816350885732,0.008942561247243968,0.9905243172609205,-0.13518167042305437
0.5763616965813758,13.05734104580244,-0.12177617620394593,-0.021519796243529253,0.008958952944062664,0.9889045076901871,-0.14671238369070266
0.5243091563892779,13.065453421486941,-0.1246420005187642,-0.020744973191851035,0.008900032313277507,0.9870983326954365,-0.15851596287494854
0.4728329421903275,13.070272203006349,-0.12622534508684574,-0.020597662137610495,0.008746484907892415,0.985218852003066,-0.16983238705423057
0.41952041736632795,13.075871014993837,-0.1265508182334868,-0.021042483144707955,0.008692484338999018,0.9830923276420651,-0.18168961969268949
0.36653374609989,13.080007433385374,-0.1267748772698689,-0.021655153855404712,0.008674386078423248,0.9808234754743292,-0.19349708038471067
0.31294453152348967,13.082471065821403,-0.12715574140078845,-0.022466871168448338,0.009201166133230262,0.9784103611045811,-0.20524066991926598
0.2579908149083936,13.083399313756487,-0.12858374127457922,-0.022874844816047145,0.01072503900567408,0.9758413245932364,-0.21701481510815704
0.2042463222442723,13.084208899048505,-0.13165836711695744,-0.02208180560619528,0.0109628388119389,0.9730904693822627,-0.22910074458137186
0.15128678809932616,13.081717557824238,-0.13301443269117996,-0.022120316605060975,0.010984899712112549,0.9703149767857882,-0.24058028714277732
0.09804379655172613,13.079563921016586,-0.1337089275995451,-0.022433596650726934,0.010567285554517098,0.9673960668840753,-0.2520514245593862
0.045291364934812006,13.072590485722202,-0.1324867792459361,-0.023344572828477194,0.009397245560922435,0.9646472653623026,-0.2623401932392505
-0.008069175109458038,13.064107664045052,-0.1392863343178714,-0.020671794663882543,0.009774602256891817,0.9618607404617341,-0.272582193024973
-0.05985916925854784,13.054447931427655,-0.1417804743696056,-0.01995510848864671,0.009287740369709285,0.9589952130297659,-0.28256628781048687
-0.11260564214142366,13.042716214480587,-0.14507109950276842,-0.018664093821700225,0.008908583620930778,0.9561830927311332,-0.2920379712093743
-0.16436196191234598,13.028431453554482,-0.14472890323060206,-0.019112124581406854,0.00827043457924814,0.9535076827078305,-0.3006483285853061
-0.21537060352806936,13.00955043561296,-0.14788473118588907,-0.017975795376517768,0.008075752514457508,0.9512102953535939,-0.30791334105663953
-0.26317119393355193,12.98746810878659,-0.14848328514331488,-0.01750824228551934,0.00622804175096786,0.9493614450583233,-0.31363597272611304
-0.3095110676948789,12.963461678006523,-0.1485877792105823,-0.017334569604714637,0.004596641721136463,0.9478294425000974,-0.31827303628460335
-0.35410351591423606,12.936767873690856,-0.14982783961512158,-0.01670587679713887,0.0036319891925500896,0.946743402369447,-0.32153484596885196
-0.3980913128094641,12.909159891754294,-0.15048947777013133,-0.016599995170262907,0.0032433938896969765,0.9458456191274693,-0.3241758575782654
-0.4411705487518547,12.879964628019447,-0.15343586727686187,-0.015896793575945256,0.003843494351615365,0.945188805865598,-0.32611446644380615
-0.4851858424472779,12.849073189606143,-0.15568942928775797,-0.015015710415635916,0.004165034172954383,0.9446958075109831,-0.32757748010191107
-0.5272919275577905,12.81764181027264,-0.1579679879000917,-0.013901267781287092,0.003587316448456469,0.9443782729843853,-0.3285476632142404
-0.5711491635128056,12.78451655959742,-0.15829797823594127,-0.014260350601959492,0.003985421522719459,0.9440435925496736,-0.32948816384565177
-0.617195512291536,12.750439201387435,-0.15873125749823824,-0.014137830342697479,0.003354075851219849,0.94381436734766,-0.33015648812757215
-0.6592330713741568,12.718296010548356,-0.15646126939257687,-0.014618695869076994,0.0021808979448245647,0.9437157252068795,-0.3304272618477716
-0.7030281334858302,12.683547934345556,-0.1575242957051488,-0.014473286291062318,0.0017490003184018822,0.943750154419438,-0.33033787141157867
-0.7459715658308868,12.64480196938414,-0.15878300714826565,-0.014218564680575915,0.001760306648795725,0.9439946754283176,-0.3296494987859973
-0.7853761461932571,12.611056081583913,-0.15971124964429073,-0.01375583080552078,0.0010088950388898602,0.9444601456577402,-0.32833641647429196
-0.8243845355780937,12.574371169983877,-0.15838717895431653,-0.014037451954023894,5.1542522532673654e-05,0.94510430809874,-0.32646713954859985
-0.8620771627178383,12.53529987361972,-0.15680098448502067,-0.014322105723154207,-0.0013067510422035994,0.9460655633458835,-0.32365586667697405
-0.8982450584146977,12.498884505724915,-0.15689635652474632,-0.014456000230331835,-0.0016264093154784401,0.9470699383464883,-0.320697548452276
-0.9366613128595167,12.463244406225293,-0.1569254119292811,-0.0146573123122674,-0.001680345800609585,0.9480793004724858,-0.3176916613822021
-0.9727768835786006,12.426840188039659,-0.15757719643875845,-0.01462767221158711,-0.0017800940083071458,0.9491738516781495,-0.31440714977312556
-1.009750009587434,12.388338878153757,-0.1582739094052803,-0.014262773933119503,-0.0020140700875910115,0.9505131690704848,-0.31035017184164576
-1.046579659608076,12.351147078789083,-0.1580300477420984,-0.014318626969960613,-0.002881651703807241,0.9518473300681781,-0.30622431621729773
-1.084267789902914,12.31188801378896,-0.15798661609695452,-0.014806531649247537,-0.002618652955872899,0.9532272643587673,-0.30188026182098543
-1.1232059004906083,12.27589071400127,-0.15729631545674305,-0.015660866901115306,-0.0015079623933102468,0.9544257137536826,-0.2980336020270117
-1.1624812856206583,12.240199019923537,-0.15796010828199059,-0.016121563245250183,-0.0002379849352926067,0.9555661411509198,-0.29433551078995757
-1.2033336305976006,12.206425392101814,-0.15916146913104434,-0.016566077297001842,0.0017384156104874495,0.9564128590570301,-0.2915424404455483
-1.244169885639404,12.175410281671992,-0.1598212425112422,-0.017251800462625564,0.0041195495046146184,0.9568409321785624,-0.2900704019178263
-1.2876122545231894,12.142934505058454,-0.16123447683996783,-0.017328909250230583,0.00512648493305626,0.9571829539361366,-0.28891906127669065
-1.3294027371501143,12.112203673646874,-0.160988759660043,-0.01772081360560903,0.004953212939224635,0.9575101627278649,-0.2878119632658633
-1.3715221427908695,12.082258290369227,-0.16102397553576608,-0.0183038749052008,0.005925080951143197,0.957752345375768,-0.28694999767763524
-1.4157295076018044,12.050408495604602,-0.16184298926968843,-0.018617040120335875,0.007048317960541854,0.9579993975752925,-0.28607842764161134
-1.455992935704347,12.02197477211057,-0.16236461667911506,-0.019018090375837987,0.008378275434614033,0.9581540974990675,-0.285497515930509
-1.4979009379774384,11.99311294909691,-0.16243132779096692,-0.01941735694146457,0.009529592875137325,0.9583201234708707,-0.2848766349110356
-1.5404883963483291,11.965357950754944,-0.1618433809068911,-0.02055486617193898,0.011532928686022004,0.9583214918040788,-0.284718139131366
-1.5821727511439345,11.937076280873342,-0.1639713253242694,-0.020278894794668097,0.012789501182140842,0.958428946507573,-0.2843222667122481
-1.6232121104386694,11.908245535345683,-0.1644624128002543,-0.02048911563780395,0.013640036525587132,0.9585556112846401,-0.2838402520960683
-1.6665063553267334,11.880087546618267,-0.16461646181902134,-0.02109900868754993,0.014285034039128869,0.9585428950368142,-0.28380677023584266
-1.7073337127005201,11.851205400891812,-0.1649178017148425,-0.021634655137911997,0.01502185579450752,0.9586894247969696,-0.2832329005807814
-1.7485477776821199,11.82379896385798,-0.16552480578109297,-0.021968102962611175,0.015557219033234742,0.9587400789506018,-0.28300676108295436
-1.7910639516251394,11.796358074502834,-0.16444179551198346,-0.022978132655086195,0.017118700925689255,0.9587412834890292,-0.2828322837716563
-1.8304645564905742,11.769116997244353,-0.1661945061615988,-0.02267443595378932,0.0169886770056749,0.9588572229436473,-0.28247137651223686
-1.8706969429580926,11.74175474080046,-0.16531825019349267,-0.02315732876588485,0.01713465869005208,0.9589378749660457,-0.2821494367098852
-1.9144407269913692,11.714455410209082,-0.1664910913087212,-0.023341495043139024,0.017235678450656405,0.9588115870553046,-0.2825569792779206
-1.9575409014416407,11.692383649599144,-0.16619196623618926,-0.02421688802663381,0.018131206041748206,0.9582327171387354,-0.2843850628569196
-1.9997050548388433,11.669826394350022,-0.16738962762467224,-0.02420108887171948,0.017956595733582655,0.9576352607317762,-0.286402827858522
-2.0397243663670785,11.650414896390231,-0.16599048651544557,-0.025643334176204454,0.018511470526665182,0.9567625641746678,-0.2891455458242238
-2.078612823550614,11.629600495798275,-0.1666691528706945,-0.025419313668406947,0.018166879788654944,0.9559074187120862,-0.2920014123177827
-2.115880660449999,11.614124234877695,-0.16924380052437016,-0.024713909188846257,0.01917171390631444,0.9547980196174976,-0.29560517627848204
-2.1537506446131127,11.597085306172367,-0.1698418546400262,-0.024677393890239513,0.019885894540485543,0.953616523639501,-0.2993511407115129
-2.1891721814264695,11.580541431596913,-0.1699698242548564,-0.025193060831550724,0.019756718550248582,0.9525434721140099,-0.3027142482212738
-2.222757259162141,11.564248209546125,-0.16876551295098263,-0.02577249954398256,0.01867995785154619,0.9515356429621061,-0.3058868294465396
-2.255822710707001,11.548811356624427,-0.16897928475312796,-0.026033123298102073,0.01893897935481081,0.9504710206169763,-0.30914145306901397
-2.2838733816321475,11.535092992470446,-0.17163600890775932,-0.024640557530211507,0.01758289097145319,0.9495054604758507,-0.3122868533450264
-2.314935362428839,11.520266985357944,-0.17306133787368072,-0.024195588441594883,0.017724421219625225,0.94846247933941,-0.31546687249982563
-2.3421792327689555,11.504757186177805,-0.1730599917782456,-0.024165996279134464,0.017301630645013857,0.9476481894129066,-0.31793012532721315
-2.3702086157011784,11.490945985189716,-0.1732718856884432,-0.024426944781852346,0.017695092935041158,0.9466393986544718,-0.32088011272320205
-2.3986648847804086,11.477837911052113,-0.17373223444030828,-0.024579077794613022,0.017677465156581553,0.9455402588551761,-0.32409409986438764
-2.425709300182537,11.464310238525151,-0.17342657940598372,-0.024991000063180106,0.017719472281603973,0.9444046153329602,-0.3273551373760982
-2.4523489935616753,11.453322960977287,-0.17286464441502503,-0.025499251381038656,0.018121111919783446,0.9429908411682555,-0.3313452488551232
-2.4800448920525184,11.44351306744194,-0.1744860812883564,-0.025169399080815943,0.018511366620564886,0.9412692749917219,-0.33620825654411157
-2.507033867744852,11.436563243943986,-0.17580177963201393,-0.025000017768656662,0.019271519048118056,0.9392084211442496,-0.3418934955849974
-2.5326370113662016,11.430005517297161,-0.17885493983038714,-0.024148389078051433,0.01962885753237499,0.9370686174364886,-0.347755644872285
-2.5618176804779065,11.422550251398535,-0.17942768954565658,-0.023797549580170226,0.019841750045321377,0.9345598768331246,-0.3544542435542799
-2.5908369301390435,11.415611843451899,-0.18196710008112138,-0.023062459856630198,0.020308074441229926,0.9319770413515885,-0.3612125497164785
-2.618098008817988,11.409692245783608,-0.18335101359682504,-0.022808406009537454,0.020595854759885603,0.9292611899786182,-0.36814295774512484
-2.646831960548938,11.402884763470023,-0.18405617782579142,-0.022669352037296905,0.020987983201643134,0.9262868168755832,-0.3755507056101643
-2.6752374814726636,11.399737070913604,-0.18590853201638602,-0.02248470857680678,0.0219246890134092,0.9229217341149727,-0.38370461571517517
-2.704198075317901,11.396538981097182,-0.18716380094005558,-0.022417885349158017,0.022629117951121772,0.9191621287465297,-0.392589276586633
-2.7351702958874435,11.394597052297028,-0.18746678477681566,-0.02281981995399144,0.0230963338551517,0.9147165599334263,-0.40278955231236263
-2.7667252123540145,11.394566809592593,-0.18767506847186155,-0.023068226110743852,0.023015938549047942,0.9098585566960692,-0.41363694974128334
-2.798651483617431,11.394781460938109,-0.18905723994837675,-0.02269110697754954,0.022907241863827435,0.9044802255319327,-0.42529506114726645
-2.829830891632995,11.395968384218676,-0.19117071617700887,-0.021399030266306983,0.02194898827530138,0.8988025255466132,-0.4372806246740062
-2.8621364880974216,11.398339572582339,-0.1924943725765198,-0.020125140582086865,0.020430676910436884,0.8926282739219995,-0.44988036968931533
-2.8907592970965936,11.398284310244765,-0.1927754232004233,-0.018689539858430484,0.01783695058374569,0.8870290053801017,-0.46099033057981437
-2.9180573062207142,11.39676072742434,-0.19495458193566195,-0.016718264876677658,0.0161953925508062,0.8816639678663786,-0.4713033575083838
-2.9448580301903373,11.39705726933655,-0.19970528631274664,-0.01433052350360839,0.016207095611321,0.8760339129161876,-0.4817639919637734
-2.9701164755247693,11.396611029836212,-0.20266888481105516,-0.012570880426656883,0.01627237104343606,0.8705258849221347,-0.49169285205215835
-2.9966535777479053,11.395388972812244,-0.2052172648329076,0.011325550433785248,-0.01636900379660069,-0.8646418067228595,0.5019943650815641
-3.025267959121521,11.394932343944507,-0.2055380161921576,0.011145751585932208,-0.015722755611292192,-0.8579436882831584,0.5133821010943715
-3.056313620656487,11.393606065561073,-0.20341051093882934,0.01152126340523261,-0.014075888512082422,-0.8507361076449269,0.5252782141249227
-3.0857682846539793,11.392300972654006,-0.20233641983062167,0.010697639241363122,-0.011508639150893368,-0.8433095688925002,0.5371983471785524
-3.1163188369061343,11.391173556738588,-0.2017913985234463,0.01013482285734633,-0.009931068984638202,-0.8353862764070683,0.549480159511543
-3.1478669536320623,11.388675109097182,-0.2003546159042937,0.010129506283403075,-0.00887181954790152,-0.8272727178467181,0.5616391800721096
-3.1774594789163944,11.384107334417246,-0.2002096145435872,0.009697876496773982,-0.008044498720049094,-0.819481969740806,0.5729664361895053
-3.2079803403433504,11.379487863370457,-0.20058086223191562,0.00889436912856688,-0.007332541264731673,-0.8111666597250557,0.5847014550603433
-3.2381005766897943,11.374075616208948,-0.2022003936991803,0.007308391816057781,-0.006398061253840517,-0.8027737833516426,0.5962046091428292
-3.2705485556273577,11.365861197842161,-0.20349569087482977,0.006554626186346642,-0.006480889650493322,-0.793882109330118,0.6080018185063666
-3.302182469729612,11.358283056165526,-0.20366606048143576,0.006355233949599314,-0.006532925547337472,-0.7844873643040208,0.6200778287877493
-3.3339566804473204,11.348775113337501,-0.204880328078021,0.0064971463550322775,-0.007637135718049626,-0.775045940831549,0.6318253482361655
-3.365274369761286,11.337475881959984,-0.20606243857814216,0.0063564647049678,-0.008304561941958902,-0.765523658221863,0.6433227537904359
-3.397313141353335,11.324986240656688,-0.2076473280092812,0.00612902790275435,-0.009249687369935679,-0.7554315056122336,0.6551336716433013
-3.4286536150792326,11.31161475817501,-0.21053764809567244,0.0051100554611762,-0.010135675241204711,-0.7451564651037372,0.6667930716331811
-3.4601694420012032,11.29630195132838,-0.21260409401263036,0.004662912798115922,-0.011097916076449594,-0.7346710912263156,0.6783166563450118
-3.491679273804142,11.279539765578598,-0.21373594678266272,0.004112787125022458,-0.011399947522763406,-0.7237077042556149,0.6900001994876469
-3.5226339910802076,11.259983911844794,-0.21522341182111027,0.004403859056875475,-0.012715834517223114,-0.7127387353085914,0.7013005182474471
-3.5526509672101962,11.239253831304412,-0.21716675940262586,0.0033026659252221595,-0.012925205015199717,-0.7016326209609534,0.712413991031514
-3.580995380663882,11.216107374318861,-0.21865608733344644,0.0017552937378706925,-0.012530886859351312,-0.6905792220911768,0.7231460670439428
-3.6088714642988817,11.190071973907125,-0.21796799915352535,0.001084218083267251,-0.01156935214187696,-0.6794101210760662,0.7336667137809368
-3.634058856685284,11.162382884248029,-0.214797205052076,0.0018036375116004012,-0.010226884560380794,-0.66876859593623,0.7433980931689205
-3.6557999652326063,11.134555427738889,-0.21202283389675203,0.0033156719787821496,-0.009808882799111122,-0.6588615833630089,0.7521929370888064
-3.6760654745577988,11.104506101796616,-0.2101731790317518,0.00439691430350543,-0.009803128751495405,-0.6493362709308094,0.7604255115090439
-3.6927257950745744,11.073263224270843,-0.20867676365500554,0.00562285767935015,-0.010085843501596092,-0.6407263577377983,0.7676824760848726
-3.7074043794117597,11.041046844699906,-0.20731533754238107,0.005927897566761937,-0.009535316915928623,-0.6324590000808067,0.7745124614876993
-3.721354625696914,11.0072168282935,-0.20663468936131046,0.00592920901800141,-0.009378328306555554,-0.6238832189226997,0.7814388190020892
-3.736348759590237,10.9704679772675,-0.20727898340762252,0.005573870401018505,-0.009683118260409958,-0.6144671044142618,0.788863338698131
-3.7504767766925355,10.931721086835568,-0.20693814585364156,0.006195232903125826,-0.009681548023647495,-0.6046532651426298,0.7964058738664199
-3.7646410569257083,10.891797789165858,-0.20393682764273846,0.008998608816828,-0.009762504511652673,-0.5942915835741728,0.8041400528656227
-3.7775099115851747,10.849396136445689,-0.1996712289578504,0.011927500955084979,-0.009463714728138605,-0.5837097757092953,0.8118196123698396
-3.7899708367448075,10.806695217468958,-0.19455605495573958,0.016394933891502927,-0.009351601522194714,-0.5727132660096834,0.8195384551641582
-3.80197972222557,10.760706345394302,-0.19269450399561583,0.018562387417755066,-0.009499770440080624,-0.5610632402440352,0.8275102501850935
-3.8128619669476045,10.713121843984588,-0.19504822982015146,0.02057462570196763,-0.011775797935762162,-0.5489055409438415,0.8355481586919039
-3.8218149265735213,10.663068362133435,-0.19919442321868053,0.022264495938256457,-0.015145479025127006,-0.5365698628214485,0.8434261565913789
-3.8296034921971875,10.61532047909969,-0.207244792984544,0.023588426094269428,-0.019983894522813715,-0.5240725242994045,0.8511123429829472
-3.83202307396224,10.567005114204946,-0.20997423817235905,0.023606317469226437,-0.02183474757200399,-0.5127383156053587,0.8579425360572879
-3.8319363747838944,10.517781705333835,-0.2085564568435414,0.0240926350769348,-0.021197335909353812,-0.502209450086662,0.8641503822238631
-3.828100461750273,10.46670560156437,-0.20521318177085224,0.024619885410428723,-0.019735508612296317,-0.49215198617785344,0.869937240197673
-3.819554797254548,10.417921613615052,-0.2017672220168638,0.024744960440631777,-0.018073571021116036,-0.483732187950987,0.8746794811806605
-3.808178635820775,10.368307165765692,-0.2003568865298906,0.024249144216342153,-0.01714024201930712,-0.47619545080265574,0.8788379218774302
-3.7925326695341157,10.320879279490507,-0.20036640528365002,0.022959389520437384,-0.016865161361980567,-0.4702304280626153,0.8820837692829677
-3.773670829537659,10.274540016345481,-0.20063960282840654,0.02108932787038613,-0.016486097356586512,-0.46560444204571966,0.8845880174370573
-3.747982693667879,10.229097617528636,-0.20094889270288707,0.01856772204227575,-0.015847363573686966,-0.4627243137282306,0.886166068435313
-3.721419016240531,10.18484377257944,-0.19920381470130089,0.016938309114378013,-0.014446381957173529,-0.4610867889403779,0.8870757388444884
-3.690115493925678,10.139547338767972,-0.1964293619740527,0.015763595781827535,-0.012932011898767717,-0.46069383491698085,0.8873248864405834
-3.658806486170864,10.096671395176505,-0.19551770366602028,0.015122850940741965,-0.012608750913044229,-0.4610863675746661,0.8871367893325206
-3.628767151283145,10.053808080406418,-0.19736606665356682,0.014163333051034942,-0.013819425239032793,-0.4613355733079959,0.8870050245463122
-3.5955139624091155,10.010577533773072,-0.19822671378085222,0.013733416818108808,-0.014788711186256484,-0.46199374083774153,0.8866535196384294
-3.5646422702612375,9.965446837692985,-0.19685368686478988,0.014018981505837514,-0.014749146418885561,-0.462082494342974,0.8866034697491004
-3.531602336563014,9.91914318666664,-0.1931587683273701,0.01423359847888574,-0.013485919397011848,-0.46250490619594814,0.8863998797621672
-3.496483639197555,9.870314835299052,-0.18936828918934534,0.01418047725919294,-0.011963825819923416,-0.4629304018916609,0.8862004466790916
-3.4619140576645306,9.822611056566602,-0.18792753211917645,0.014130371061335354,-0.011368249802145146,-0.46353989734455125,0.8858904309695002
-3.4255174970441775,9.775749266704787,-0.1857971802294731,0.012916816620808125,-0.010570437396697227,-0.46470222371784026,0.8853096962805941
-3.3876361261561034,9.728005863939067,-0.1872002738111238,0.011839550823005035,-0.011301394422737764,-0.4660276907058476,0.8846187259079114
-3.3531622091016198,9.680055783771119,-0.18799347803152422,0.010646790261400918,-0.011947730514340948,-0.46699638975143065,0.8841143941902478
-3.3162236002185126,9.631811724050092,-0.1900895960059561,0.009444885741868208,-0.0128793597084288,-0.4684214643337631,0.8833607684379418
-3.2778036943821434,9.583014292162266,-0.186357932318169,0.008650020539623835,-0.011315647682018294,-0.47018152269897423,0.8824547912213404
-3.2389978932044414,9.532490738213776,-0.18037708207622316,0.009165942121324057,-0.008751808318728505,-0.4720687766595653,0.8814706309744054
-3.1993163611994033,9.481404584796213,-0.17633377691093255,0.0085373345713817,-0.006741365456451905,-0.47431226124016057,0.8802894643302603
-3.1589054356875312,9.432773898613368,-0.1750030983444173,0.008609226120264492,-0.006616252450368457,-0.4771890301339697,0.8787335883191154
-3.1192061861652145,9.382219161000965,-0.17327340839751493,0.00864727791187253,-0.0065329118683684125,-0.4798567643455717,0.8772799046589367
-3.078810329125703,9.331037410732288,-0.17295958648387,0.009104280634798114,-0.007058996099985983,-0.48258812247416233,0.8757716590975521
-3.040137467536185,9.28020736291405,-0.1699287484042642,0.011038424243471581,-0.007137263114663796,-0.4852653884077155,0.8742680979718898
-3.001176009085741,9.227444437252684,-0.1666504271481266,0.012982911079158608,-0.0068659817440285195,-0.48783616695308735,0.8728116463159524
-2.9610651620546045,9.176541562249541,-0.16505206709686948,0.013401160405824387,-0.00661187068124487,-0.49090454334530187,0.8710851968251261
-2.9212734366688196,9.12444417832016,-0.1652020195149335,0.012968939226181964,-0.007196815358376033,-0.49397374010880246,0.8693503051886942
-2.8849660041602982,9.073889427002392,-0.16668921132165204,0.011920822791036352,-0.007924669547879204,-0.4968384649402923,0.8677249737792946
-2.844410920088338,9.02088900419383,-0.16622674177346397,0.01114498265289924,-0.008039875561416759,-0.5004602722229146,0.8656504300234691
-2.803603766519751,8.966760035467331,-0.16359010796955875,0.011075881564413127,-0.007267932219914839,-0.5039525466126884,0.863629741149932
-2.7639438782000068,8.913140990504239,-0.1605740690356271,0.01160749976689588,-0.006457379685762538,-0.5074047256050828,0.861605484955221
-2.7263068509287933,8.85871548996037,-0.1588962265813343,0.012210498141556657,-0.0064324424883695904,-0.5105011054827326,0.8597663291848543
-2.6884865175877457,8.80296529942979,-0.15649896636241434,0.011673936962752506,-0.005192092232933147,-0.5132617849477153,0.858136993277161
-2.65319125299482,8.747062164497688,-0.1531449219091956,0.01225710738860084,-0.004008987351155113,-0.5155771375657675,0.8567461205409399
-2.6178727701700844,8.690825860473268,-0.14984960959388904,0.012901549216266583,-0.0028217755302010583,-0.5176355316859347,0.8554993018699844
-2.584952029107131,8.63475688704789,-0.1474651058565899,0.013171672229465926,-0.0023107668454928555,-0.5190962730446376,0.8546111541765794
-2.552262021544286,8.577454006349289,-0.1520926687425117,0.014306316101181174,-0.006017508003410007,-0.5200361246369479,0.8540032475655983
-2.521544920606795,8.52184233225029,-0.15899132104693203,0.01315477641288418,-0.009955342684373108,-0.5206055556229723,0.8536379135133739
-2.493206615897262,8.465831506234823,-0.15973980497042706,0.013849387991737535,-0.011134932840532057,-0.5204769713677915,0.8536907688499721
-2.4622833144314256,8.408809119495992,-0.1537286212993002,0.01491394663620306,-0.009386850678936055,-0.5207119505589991,0.8535505457877094
-2.433571093025809,8.351524173720446,-0.1508615958238938,0.014550348251196034,-0.008112943516397048,-0.5208251756574201,0.8535008025464496
-2.4023623676035966,8.294110841641402,-0.14910361460105115,0.01428554533342697,-0.00722580519126987,-0.521406390367695,0.8531582998756455
-2.37226038400658,8.235449503934431,-0.14961074228183746,0.014060601375579402,-0.007649514346307913,-0.5216441462403723,0.8530129975726746
-2.3418158023457543,8.177493504596796,-0.15086938617399773,0.01395617582379378,-0.00910876427125748,-0.5217282964202057,0.8529489019320439
-2.3135904958956455,8.118916775556272,-0.15611780078592874,0.013833552357217217,-0.012328621768559582,-0.521464159594541,0.853071957291153
-2.2823401845714724,8.06069671969385,-0.15712187490558627,0.013630670147799109,-0.01391735833415767,-0.52182190503038,0.8528319879180433
-2.250199912186858,8.003302195137252,-0.1554165458198109,0.013968617405659293,-0.014351031195830526,-0.5224454479608274,0.852437501606262
-2.218130835045158,7.942284499388065,-0.15197625869988096,0.01408047178148476,-0.01332916133009546,-0.5227208231421853,0.8522834176057759
-2.1859368337309846,7.88334334726685,-0.1476826828654243,0.0150756225356028,-0.012638062669207044,-0.523202459411809,0.851981335627204
-2.1562287261835893,7.8237603852281135,-0.14575505119945387,0.0157752403527308,-0.012651137837430049,-0.5231467746005342,0.8520026644261544
-2.1258694214235563,7.764858768826663,-0.14536262544355605,0.01589479328803431,-0.013242004833432408,-0.523391009487968,0.8518414477963718
-2.0962431065696165,7.706778787908908,-0.1451824417898555,0.015408002318590176,-0.013863751771153076,-0.5234918325976649,0.8517785498201242
-2.0667836229676553,7.647784723373307,-0.1437146716128801,0.015446899745192514,-0.014435001195332987,-0.5235412094299478,0.8517380061095903
-2.0358607725796456,7.58718756358512,-0.1416923658172229,0.015837350988655036,-0.013920929999290683,-0.5235925985185553,0.851707800446807
-2.0045817118160487,7.528582248221032,-0.1356004632353427,0.016181958222127146,-0.011977638702790873,-0.5239372006569397,0.851518940467707
-1.9748813067324997,7.4691456590165295,-0.1322512973817272,0.017011031466584677,-0.011059134860481531,-0.5240361650825073,0.8514542992121931
-1.946664929525603,7.409734572079263,-0.1305072372742287,0.017508617055650048,-0.011198043910150736,-0.5234916216698807,0.8517772989858459
-1.9182019937099288,7.350155876552527,-0.13122906551395275,0.017609912970903984,-0.012361957968340869,-0.5227484158854238,0.8522154553272666
-1.8896707932303463,7.291257577336226,-0.13213657250837185,0.017541075588548276,-0.013754557541808,-0.5219873158625953,0.852661936711101
-1.8614658987878343,7.233100319609271,-0.13043310031626465,0.017371345334727673,-0.013782343598959527,-0.5213195068470896,0.8530734202054703
-1.8332124895548851,7.174694956737303,-0.12738244977085644,0.017749206294896135,-0.01314009651732114,-0.5205462779347134,0.8535478223580704
-1.8055947263014658,7.116046298068404,-0.12504534063915074,0.01798520191942613,-0.012655194185665452,-0.519650751302742,0.854095702693159
-1.7763029576957616,7.059680043921559,-0.12387218247942222,0.01721911127418085,-0.012366561018342237,-0.5193230702615179,0.8543150015095353
-1.7452607989565918,7.0024725766567855,-0.12518726473202957,0.015125467271311562,-0.012859700995677643,-0.5193670210253121,0.854320630971644
-1.7129347021019028,6.946068436293881,-0.12412155046776396,0.013455952034801533,-0.012082016608740472,-0.520140216488342,0.8538894096731215
-1.6792233419372165,6.891102271367695,-0.11544146797708299,0.012840570417746711,-0.007692036046723307,-0.5218140223243305,0.8529279418396344
-1.6453213767191974,6.836361038745473,-0.10813985545067828,0.012484160339032187,-0.0036676919072145507,-0.5243451237568042,0.8514064155812276
-1.6088690093680396,6.783449546716436,-0.10916622492556938,0.010088171096564378,-0.003369589291516222,-0.5277340726900791,0.8493430586220156
-1.573725737776202,6.7317820302014795,-0.11402614248278642,0.006578770217551865,-0.005076991895315631,-0.5315564174243455,0.846982120939135
-1.535793054550567,6.679976489166654,-0.11853228877698152,0.00351490728674035,-0.006496771718444946,-0.5362393533164321,0.8440336439418009
-1.4991962908760912,6.626593815036656,-0.11740814045502002,0.002743068293988774,-0.005882521191503588,-0.5407803558076183,0.8411388037695894
-1.4633542002297675,6.57427281942428,-0.10993298129524032,0.003270457079867199,-0.0027527346053689596,-0.5454216700232338,0.8381508954277027
-1.4315524973990579,6.5232659048035755,-0.10515496869791896,0.004130446450748035,-0.0009126877632796887,-0.5496959696223619,0.8353540800001817
-1.401169936956098,6.4728702739471595,-0.10641500424744132,0.003959763150814154,-0.00210575550183017,-0.5535481662704668,0.8328050901144154
-1.3690104342718614,6.418656797377578,-0.1091688570392273,0.0036702956812386623,-0.004513471686284694,-0.5569293188806369,0.8305395078256063
-1.340383878114249,6.363658950330923,-0.10869461783592316,0.0045441205717695315,-0.005656663040255819,-0.5593198255887779,0.8289201895272478
-1.3128538400734637,6.307123324218028,-0.10318792548924094,0.009176094231326523,-0.005859925053794136,-0.5613694188777623,0.8274937103859358
-1.2864026565076103,6.252250160626838,-0.09829795742371772,0.009207454281106862,-0.003575232862944931,-0.5629735852231397,0.8264158578531631
-1.2594088418270364,6.196427660098484,-0.10032769930716168,0.007449312275621779,-0.004510034291189366,-0.5649240776658491,0.8250969416204051
-1.2313738207868141,6.139471506691955,-0.10618115165678987,0.006063162149189598,-0.007652932757199213,-0.5670282660658789,0.8236404668259178
-1.2044186751513632,6.083503079451331,-0.10762925295571468,0.003191004257918105,-0.007470861337541242,-0.5690071091460022,0.8222924724191861
-1.1795012672110357,6.027215331971304,-0.10515384877147488,0.0030512639597769955,-0.006724171939879626,-0.5703594063023248,0.8213620510621943
-1.1569657457972182,5.97104283481509,-0.10078295905427304,0.003979855401305777,-0.0053948641255446165,-0.5711614689351626,0.8208103621886425
-1.1316875703226241,5.912259868138612,-0.09642174618045146,0.005257004635982793,-0.004557350883700541,-0.5719908001439489,0.8202305207841848
-1.111033014948517,5.855128047531242,-0.09248388638093924,0.00598393023711131,-0.003444652527433022,-0.5720894132816354,0.8201621962404604
-1.0880904987519602,5.796715569703007,-0.08819447984109086,0.0046051804736997205,-0.0005253794803823236,-0.5725950796254337,0.8198252138878132
-1.059939429286191,5.74306966238624,-0.08774719154596479,0.0017525126219819368,0.0016356869687295023,-0.5746081481474494,0.8184251553994395
-1.036996615602627,5.690190887661699,-0.09037169275672927,-0.0010389661433114548,0.0011613227979131579,-0.5764862527502781,0.8171053635436484
-1.0093763949091854,5.634369226234769,-0.09943554807794147,-0.004695559912872773,-0.002007205427310845,-0.5790298342475633,0.8152903637671827
-0.9825576440776864,5.579175712932771,-0.10569833372466353,-0.006413924857380573,-0.005309017719447403,-0.5817350148524643,0.8133357545542702
-0.9622240651039922,5.521544076383797,-0.1017891784458444,-0.004837421829594022,-0.0055778021307762715,-0.5836668922542052,0.8119596279958946
-0.932599928785208,5.465229553618952,-0.09702071482183268,-0.002686334069552883,-0.004958145540587919,-0.5872867367185667,0.8093593078550214
-0.9059888791913957,5.4109925664649134,-0.0934458256786895,-0.000993217462422424,-0.004636463311675218,-0.5906448616915944,0.8069177017761413
-0.8797441039763761,5.3550196198037705,-0.09085911872522501,-0.0007905486031258908,-0.00402201420962545,-0.5940356386578257,0.8044282764184332
-0.8540796880843582,5.298108548916868,-0.08708087810698603,-0.00023038449527462324,-0.003508595410518571,-0.5972920758261225,0.802016083057248
-0.8270889214975364,5.242587013025289,-0.08712009420160641,9.860253435789336e-05,-0.0043244526351566065,-0.6011294674079044,0.7991399459545097
-0.800973780415569,5.185336872034781,-0.08603750231213195,0.00011918827237697765,-0.004780126326623105,-0.6046983607339345,0.7964402209470961
-0.777343245855622,5.128041845756318,-0.08540758986900704,0.0004026365091309996,-0.005289597692963514,-0.6077927348101845,0.7940779806217156
-0.7527720815402146,5.06808444582446,-0.08219507209085142,0.0013690684956128231,-0.004951079708354493,-0.6108175400960564,0.7917547328594919
-0.7344156524535186,5.0103419618044835,-0.08060775813136473,0.0023492662923006577,-0.005069768858710226,-0.6129986552327197,0.7900641924205717
-0.7131311555118715,4.953511180562812,-0.0777087758108575,0.0035882934348193648,-0.005126256853247921,-0.6156453290083691,0.7879985278696442
-0.6942386157415177,4.894710575057937,-0.0752535220372017,0.004500662584857152,-0.005287183050286108,-0.6177847756757159,0.786316581239593
-0.6754199712970971,4.83885358864457,-0.07520352001916214,0.0057879996244771725,-0.006605667676441897,-0.6194841762926296,0.7849600152899875
-0.6616110670947559,4.779600792485645,-0.07557738186081275,0.006729727660687896,-0.008581248474815851,-0.6200735533591738,0.7844678769654028
-0.6458733191618203,4.718280026872376,-0.07795960806041324,0.007013686627952679,-0.01081908859707527,-0.6208968022858312,0.7837862759504255
-0.6297538305268953,4.659050299007574,-0.07515119571932438,0.007590240050540288,-0.010433476704559902,-0.6218042965630168,0.7830663785205861
-0.6126023683824836,4.59839227315428,-0.06917009950773767,0.009281523989062589,-0.008749971780646218,-0.6229947539287053,0.7821219918484458
-0.5914394226709097,4.539030070606631,-0.06448086499036937,0.010050525071285359,-0.00717521673823689,-0.6248354636101116,0.7806587914810722
-0.5761945278961587,4.481017298392494,-0.060728224140900344,0.010907876798270552,-0.006858444270200641,-0.6259611716563626,0.7797477679763408
-0.557109030224191,4.423086223750112,-0.060861411152789924,0.010345630680754161,-0.007202329636690376,-0.6275449159512028,0.7784783000774479
-0.5425607768123175,4.364875908715849,-0.05972862611686877,0.010846175855060572,-0.007667348878113992,-0.6285036465661246,0.7776932074640809
-0.5286664076014238,4.307539151081594,-0.05635031450194883,0.012016632927921433,-0.007505538266203742,-0.629276154203261,0.777052637922354
-0.5133216495227654,4.248532828994127,-0.05547451210604104,0.012169889599832503,-0.007128178172294653,-0.6301718963992491,0.7763275424263707
-0.49951405892916534,4.191963144642973,-0.05562076765461327,0.01277703978849049,-0.008012604461418986,-0.63092121535692,0.7757003079279747
-0.48311868487131093,4.132640056194747,-0.05518267743204763,0.011877461211029373,-0.007922525786245171,-0.6319176785892712,0.7749039999085428
-0.46876678459095256,4.0744242481963315,-0.055898410010936594,0.010877994438429786,-0.008059161254219554,-0.6326817796716359,0.7742935341824629
-0.45701173190848776,4.016429214441041,-0.054709150033505516,0.01056840675833901,-0.007786452602175522,-0.6328837594449577,0.7741355419194167
-0.44479031352808873,3.9619003145425284,-0.05187047247514315,0.011650404291211532,-0.007310444619084981,-0.633684267062117,0.7734695124503534
-0.43234743578678914,3.9060195287819464,-0.04830197250115442,0.013281069959261956,-0.006908200195525698,-0.634408630999306,0.7728528910392427
-0.4196004853321592,3.849500517236933,-0.04679577775112864,0.013775301747161232,-0.007043831974918887,-0.63506269303308,0.7723056357384998
-0.4068193391023261,3.791819554785398,-0.04752775835166467,0.013935079864050286,-0.008161736285761338,-0.6355960078416187,0.7718529026250718
-0.39366875481786556,3.736171658673302,-0.049911839859691276,0.013787059317828,-0.009914395651888498,-0.6364310999797483,0.7711466013604705
-0.38029910072209755,3.678800870614886,-0.04917249899956777,0.014563939749266728,-0.010721081538561548,-0.6372212508568015,0.7704687072345425
-0.36804503541004674,3.622450975553725,-0.046704710940018046,0.015024732457241561,-0.010143394748582434,-0.6378956272644379,0.7699094293286164
-0.35503603958914953,3.5659109384566725,-0.0425258149062544,0.0158014820668515,-0.008773987037940797,-0.638767717574925,0.7691873130364166
-0.3447974952035822,3.509276122534745,-0.03967207209261836,0.015446645710201478,-0.007081989905830724,-0.6390327711100041,0.7689917919751141
-0.331141617835362,3.451896717704602,-0.040109740281458084,0.01586943907996057,-0.008123473761272117,-0.6400268377323924,0.7681456983879875
-0.320659321553576,3.395174968174581,-0.042720872615812255,0.014520731438143183,-0.00909486803503238,-0.6404685293789644,0.7677932661005046
-0.3047739906041156,3.3385837787063783,-0.044994802665540234,0.013432039967384585,-0.01004085812483904,-0.6419115423737716,0.766595291306424
-0.2957582032337332,3.282847194198418,-0.04532371464516741,0.013209483777808426,-0.01049837423673533,-0.6422001526962496,0.7663512702104377
-0.2821899000066252,3.226882790573316,-0.04706758811769779,0.01274223828565419,-0.011459637368120971,-0.643405934487661,0.7653333244590255
-0.2698454646459504,3.1717894069554853,-0.04753644775272137,0.01148015692565716,-0.011676514128234651,-0.6445916734141611,0.7643516446855363
-0.25551710742366973,3.1160046985842587,-0.04363693561246579,0.010810479289877467,-0.010016222512169928,-0.6460666786437377,0.7631386849240925
-0.24669033656991274,3.0609540708022855,-0.04162839432188542,0.011454222505635436,-0.009404067600097316,-0.6465993092965023,0.7626858465215385
-0.23388555481593398,3.00617828266091,-0.03939254245408455,0.011741843985878384,-0.008733190343368707,-0.647775455142448,0.7616907652580455
-0.2239972112190467,2.9511394416379657,-0.03790886768687016,0.011547833960680633,-0.009016811788097275,-0.6485003179628659,0.7610733672693876
-0.2093523538797008,2.896118972765599,-0.04144782141077538,0.010716443046956787,-0.010831893911208344,-0.6499003070697675,0.7598667126558367
-0.20067646990320637,2.844145488451594,-0.042454971932835206,0.010689020522025784,-0.012259619285150491,-0.650499604766928,0.7593324132249102
-0.1903871210554985,2.789925007855822,-0.041757876968090524,0.010910252345089811,-0.012823289821782732,-0.6511961861604497,0.7587226485125472
-0.17975257314983517,2.7404135126525233,-0.038829355303873214,0.011436484417538606,-0.012242203548484107,-0.652161789767143,0.7578946590129442
-0.17011473084042106,2.689649911789539,-0.035150641664857485,0.012602816120641288,-0.011970271810946374,-0.652909950918262,0.7572360746835575
-0.16188769447086684,2.6345991308740353,-0.03282631585107432,0.01396939211144869,-0.012140417933535342,-0.6533375836525778,0.7568404486737089
-0.15160092947303322,2.5806063868327023,-0.030598573238816873,0.014416290152393086,-0.01191493130406481,-0.6542155183042702,0.7560768923384904
-0.14099320237916818,2.5279647721498417,-0.029620189404863342,0.014473185813814385,-0.01195657777361341,-0.6550735823351982,0.7553318336507667
-0.13181669843780874,2.473901457892958,-0.029686870345141017,0.014810241036442441,-0.012962760620884006,-0.6557417388581855,0.7547287012585919
-0.1225017642437513,2.422231221436156,-0.031599334895125064,0.014314347459975662,-0.014044552029970013,-0.656388778207373,0.7541562342888152
-0.11384278583225863,2.369749588460599,-0.031222831235576454,0.014423395976607092,-0.014841658489640348,-0.6569544044139012,0.753646210310305
-0.1089221075523257,2.316712104689538,-0.03106655038939876,0.01568147598871869,-0.01585707231642345,-0.6566846430875107,0.7538354697133072
-0.09710700454743874,2.2643341181855483,-0.02783602806677063,0.015660023860651188,-0.014744160889244247,-0.6578899401448048,0.7528068724335224
-0.09010064155314262,2.2131359681625966,-0.026038409005952445,0.01570035444812857,-0.014149802623937904,-0.6580943493721106,0.752638754440372
-0.08140314270627119,2.1642972112303887,-0.025571383149125493,0.015209154600391657,-0.014182327362558813,-0.6587591882849622,0.7520663956379813
-0.07106299906836788,2.111218394781014,-0.023982704665971244,0.014903326992614494,-0.013911822060009082,-0.6597789954617298,0.751183093260473
-0.06634943256830603,2.062015105699618,-0.022489501523007688,0.015513033509826909,-0.014163118512552617,-0.6597129024731344,0.7512240851434321
-0.058287785721249846,2.0120016304890704,-0.0178223675283119,0.01666204203295644,-0.012799734282370362,-0.6601119355599119,0.7508733403136885
-0.04909935017522671,1.9632914881404848,-0.013157620156047156,0.018084608879230208,-0.011347576111159394,-0.660697629876552,0.7503484646591589
-0.04229415829294947,1.9154208791827227,-0.00722585237869533,0.020246470923731177,-0.009700974022937896,-0.6610887843478319,0.74997171209553
-0.034403631357289854,1.8700414559772742,-0.004149176758730777,0.021619070961535702,-0.009181288731517656,-0.6617678409004213,0.7493408082816558
-0.02748217510347961,1.8253474814204347,-0.004642753937369681,0.021892655732282336,-0.00977937385546522,-0.6622359673671071,0.7489116217199512
-0.020967564908502753,1.7815873423654875,-0.006568973402848899,0.02076165864348422,-0.010193544241605224,-0.6626019707480466,0.7486145029732555
-0.013486909357951826,1.7398580603853766,-0.00903320951121489,0.019185240145067447,-0.010702520306974606,-0.6632902068923541,0.7480397659840441
-0.009002951368875425,1.6992425790233416,-0.010857166134290996,0.017738956110626827,-0.011095153766252627,-0.6635279371544438,0.7478588916342715
-0.001454295356536378,1.6594194824888953,-0.013731846844673046,0.016423233296627232,-0.01205462579129796,-0.6640910695673914,0.7473740764213613
0.00338126160650451,1.6174770955621747,-0.014406430422409772,0.0163933495005049,-0.012858729894796092,-0.6641728968109878,0.7472886171707215
0.00778467797506438,1.579712792290593,-0.011557426409015692,0.01709971583708942,-0.01204426304535819,-0.6640483647170957,0.7473970297173596
0.011451871843885603,1.5425085117621387,-0.009043120152593453,0.017496637604666708,-0.011178627992505703,-0.6636512611974281,0.7477539138724197
0.015080410271191114,1.5054450418911018,-0.006744836966344703,0.01811216695826957,-0.010485587208940642,-0.6632887769861703,0.7480708534242193
0.01774123495877647,1.4681355360123745,-0.0044638528414615575,0.019127558182327847,-0.010586119106813107,-0.6627117936189841,0.7485553815862643
0.021890816390118306,1.4336419269391332,-0.005001332137501535,0.01905237603784293,-0.011075337390315732,-0.6625477977318337,0.7486953700754836
0.02626541102705654,1.399637710359851,-0.006497105162924677,0.018179798645493198,-0.011363545807523209,-0.6626172411298242,0.74865129021568
0.03213665203248173,1.3675963128738684,-0.007579314490179678,0.01716210705379644,-0.011994265518313422,-0.6631395673939094,0.7482028604327536
0.03853137878599566,1.3362756307632568,-0.008893487105032294,0.01662323495869423,-0.012621705131449132,-0.6639616107265924,0.7474753173349993
0.0442401530172698,1.3048517032833136,-0.008874110290536023,0.017344884660510665,-0.01358417942701242,-0.6648205622955007,0.7466781272442816
0.05017986693538126,1.274812196600339,-0.00803667381582518,0.01774813253470819,-0.014004599730791939,-0.6656314737522131,0.7459380801310079
0.05429590303269269,1.2450972819441584,-0.00705517101879927,0.019079188937365436,-0.014714698436859788,-0.666175803709193,0.7454054338667191
0.060164575343089666,1.2142795199979048,-0.004854274527199942,0.02017844341147369,-0.01478843224875665,-0.6669062731715821,0.7447215263422516
0.06467503122225837,1.1875330563160862,-0.005317059769169824,0.01999246343068693,-0.015401456488843127,-0.6675320169613373,0.7441532767214052
0.0692922419129069,1.161530860565617,-0.004999623888114049,0.019756363771013575,-0.015475059039241314,-0.6682636449624935,0.7435011180822461
0.07414310158822851,1.13620782961242,-0.004547757196901394,0.01884435219526717,-0.014978269507282673,-0.6689818380378978,0.742888848303326
0.07851734257232953,1.1125012536246217,-0.007709997886567274,0.01815845132982771,-0.01670939340934951,-0.6696365794571159,0.7422788651597129
0.08128962951436156,1.0894560552115802,-0.01258267989651106,0.015972579462500087,-0.018424350401893184,-0.6698338936489242,0.7421104868033073
0.08409316217685397,1.0689940849823587,-0.016032406110966218,0.015044178631255647,-0.020202724769238355,-0.6701078029574189,0.7418362765220778
0.08669956037366294,1.0496622347598639,-0.015293934865362763,0.014568112219412713,-0.019881194708187007,-0.6703257636543438,0.7416575070393295
0.08765562571780214,1.0312187356470752,-0.014765577540120395,0.014933242600874086,-0.020321170371365434,-0.6701215180901323,0.7418228947865488
0.08854593551355139,1.012266271170781,-0.017273035707501935,0.01391330187808234,-0.021154279123009566,-0.6696705073589373,0.7422266171838168
0.08838905270982977,0.9959875208382083,-0.01846145427168841,0.013455237374403368,-0.021846877389645674,-0.668897025276487,0.7429121344863665
0.08679181261855498,0.9795976164959688,-0.017354159743933985,0.012908874074768612,-0.021104091311691366,-0.6674395543357967,0.7442529285722949
0.08185067886636382,0.9631801190259034,-0.018100431969852948,0.012198852114642885,-0.02094846263696134,-0.6650354085119201,0.7464182856880848
0.07871997955563398,0.9481264296271731,-0.015399048990625844,0.012007095657208493,-0.01966751648515096,-0.6627895609294709,0.7484510714190455
0.07061865206085322,0.9326582155068152,-0.013084579886842147,0.012114347182061638,-0.018676050983368876,-0.659045107773583,0.751773899567299
0.0618608647546022,0.9169360531428324,-0.013349435003866178,0.011996385829048214,-0.018788225565869923,-0.6546688786672314,0.7555870161811541
0.052406671743688626,0.902489344459644,-0.013896071425337997,0.012287247651525593,-0.01966237463412526,-0.6499363499657279,0.7596348745618544
0.03988136043626114,0.8863254143569214,-0.015170495292981145,0.012055337206315702,-0.020155171105968702,-0.6439774902432812,0.7646838870545821
0.026040852643486878,0.869597796691443,-0.01451815418845609,0.011773883285191156,-0.01949873447458841,-0.6372063846498753,0.7703565441794734
0.012058466823761355,0.8529342190389051,-0.012442028303018854,0.0110777553038315,-0.017824312312821503,-0.6301975065841114,0.7761511904067812
-0.00015159253093238734,0.836637218070421,-0.01050794025545343,0.009795444784071338,-0.01584752675851452,-0.6238436973184188,0.7813270459331197
-0.008433770152843578,0.8216023680293172,-0.007766363328133907,0.009813099196697312,-0.014155173233326173,-0.6190945306629931,0.7851275775665476
-0.013215324754959151,0.8088470270294701,-0.0027767928585167717,0.010736726185957982,-0.011798151215482616,-0.615958278455686,0.7876172332317163
-0.018057646489845813,0.7988316594462905,6.7532012925961e-05,0.012171416679513321,-0.011075639576045805,-0.6130611038894069,0.7898640786600817
-0.021410691442571267,0.7921590448873154,0.0010149745704346631,0.012395335490110317,-0.010970270199211625,-0.6110946245655534,0.7913844673269509
-0.021868855637410145,0.7879180324021783,-0.0017446486615843443,0.011039365312088252,-0.011376914516977588,-0.6102887284393985,0.7920204279858816
-0.02303086306335722,0.7854817683478039,-0.002295723254628429,0.010207481159291194,-0.01121490066015143,-0.6095159209537099,0.7926287791392604
-0.023178048423014075,0.7850855283708741,-0.0017211047485047037,0.010418418566111929,-0.01109299794534071,-0.6094388179234019,0.7926870277831679
-0.022600414497010807,0.7859691212681695,-0.003938711449365577,0.010101318554842205,-0.012055209666274163,-0.6097229190489174,0.792458590935906
-0.02397604453325916,0.7861722399945104,-0.008108204938269276,0.00954118455848223,-0.014536890385195863,-0.6093786504401839,0.7926886585332099
-0.023349918415799753,0.7863798743634369,-0.012338808960259379,0.00827181633883869,-0.016409203405559635,-0.6094828487395669,0.7925862672405416
-0.022603276289888563,0.7868453849121827,-0.012416206406617752,0.007980904677253193,-0.01618101285269344,-0.6097491714425697,0.7923890611695072
-0.02319225298366409,0.7863211228290597,-0.012007288331516333,0.00797082304800142,-0.015546785670859677,-0.6095079645325565,0.7925874187813868
-0.02328592149976369,0.7862246402474751,-0.010725394313024883,0.008301827998872989,-0.015210926406475042,-0.6095266683040448,0.7925761524098809
-0.022628481160379077,0.7864177152764601,-0.010090285193793597,0.008349009140352642,-0.014905152337034586,-0.6097489075335955,0.792410494288178
-0.02332155647310316,0.786197879202845,-0.009806194249217637,0.008627429404471228,-0.014936179907608019,-0.6095568090180012,0.7925547096700438
-0.022609027390067205,0.7867791604809838,-0.010236980390272835,0.008448175100606475,-0.01507181473827245,-0.6097221121762813,0.792426915454075
-0.02262745884634554,0.7864148026902917,-0.010041441560029507,0.00842940129304377,-0.014948904763202368,-0.6097311421812621,0.7924224869910856
-0.02257303512887121,0.7866902493160064,-0.009259359981385301,0.00861287541241509,-0.014714244493767552,-0.6097260592664244,0.7924288241045891
-0.0228417158743362,0.7865508838685823,-0.009720390862618528,0.008613904330052392,-0.01490339829540166,-0.6097122106504635,0.7924359227398031
-0.02286174233985272,0.7863826023480248,-0.009890988145668647,0.008521632740983432,-0.014923732192020343,-0.6096798444699704,0.7924614443936967
-0.023049625752302683,0.7862125257850563,-0.009894654754104198,0.008542542477159389,-0.014877954857267325,-0.6096545209222378,0.7924815781374609
-0.023169315159113413,0.7862198585567794,-0.009819438338241865,0.008569439051427163,-0.014887411882978398,-0.6096098202053158,0.7925154889184607
-0.022789478944751806,0.7866013913443894,-0.009665056465204686,0.008596677337208309,-0.014866095782838892,-0.6096781259212708,0.7924630427016436
-0.02293348954256552,0.7863501324899493,-0.009633551786256647,0.008638229585512535,-0.014859571686204484,-0.6096648236150827,0.7924729521389643
-0.023010974119933164,0.7863136903655596,-0.009538153293613238,0.00868812823379826,-0.014848652625059465,-0.609641418313884,0.792490617707067
-0.023098767778883283,0.7863247932284265,-0.009578500390711536,0.008639191862107511,-0.014860421722591444,-0.6096215203092158,0.7925062428042019
-0.023099911284215097,0.7862279254561306,-0.009926289239486796,0.008565533937363408,-0.014933726773221585,-0.6096235379818062,0.7925041087086184
-0.022996538009879636,0.7863967538316791,-0.009575284011201585,0.008628352543055034,-0.01481644333148436,-0.609647010898589,0.7924875763241227
-0.022630739003254047,0.7866123254454506,-0.00946105878231851,0.008602127165217025,-0.014816602494394041,-0.6097205121919798,0.7924312921803349
-0.02282047983302382,0.7864985259710592,-0.009275728288617918,0.00870750103092552,-0.014816135852557578,-0.6096689693342582,0.792469811970151
-0.02258011248328115,0.7867089079460815,-0.009568451770875175,0.008669150924906624,-0.014872827029951885,-0.6097288775472663,0.7924230840358407
-0.022587072260114555,0.7867359196250985,-0.00961776029338493,0.008656382678140635,-0.014900171917964236,-0.6097150722801662,0.7924333277494037
-0.022216723655897774,0.7870964592030687,-0.009616826701811881,0.008602525136326302,-0.014852805387593192,-0.609816446764724,0.7923567952169379
-0.022143934944391958,0.786957811585429,-0.00965433869697302,0.008645842692173892,-0.014908633792214996,-0.6098327091134129,0.7923427516183974
-0.022366982695866844,0.7868553635081456,-0.009845251505080144,0.008579918634454618,-0.014911489649742517,-0.6097778434560697,0.792385647989399
-0.022177591905099353,0.7869687898972767,-0.010102471291208032,0.008561247020973006,-0.014986160435855768,-0.609811835793319,0.7923582903024908
-0.02252080647869001,0.7866768963599187,-0.00922022946637692,0.008696725914141414,-0.014802119476628683,-0.6097399313268391,0.7924155856852015
-0.022482789775261885,0.7865778873994829,-0.009137264917290888,0.008736970311379494,-0.014822562957844213,-0.6097602318988479,0.7923991501806739
-0.022520658582615483,0.7870044971588331,-0.00979049665221593,0.008530502120902832,-0.014863731068269668,-0.6097670006600849,0.7923954126542376
-0.022760444839416416,0.7868541196845091,-0.01011396363333271,0.008532868653353499,-0.014957297992176809,-0.609706813123078,0.7924399562406198
-0.02282776677225451,0.7869323775727003,-0.009474947069720963,0.008681161522228118,-0.01484961451348351,-0.6097150077748456,0.7924340470138983
-0.02260817407008675,0.7868898905913482,-0.009092435314686564,0.008718985890884599,-0.014755183024136996,-0.6097661035990006,0.7923960896414656
-0.02263217757502034,0.7869229383363677,-0.009036010428031954,0.008748175329609054,-0.014757037496437512,-0.6097438129958314,0.7924128872018414
-0.021992075214809392,0.7870469560837129,-0.010402569808083795,0.008385420344569221,-0.014940156098429691,-0.609882098544948,0.7923069527156432
-0.022083511083010876,0.7869723716195532,-0.01014724371889944,0.008486702648914846,-0.014921409950598874,-0.6098563095720019,0.7923260654122612
-0.02277143263978451,0.7868258663815794,-0.008907161170100375,0.008700597718714207,-0.014679109175749452,-0.6097290446636341,0.7924262149875853
-0.02205448077008959,0.7871029365669368,-0.010083926772477311,0.008507095257018165,-0.014912946135818787,-0.6098552567547605,0.7923268223878017
-0.022094176830752432,0.7869578108606954,-0.010112427002973129,0.008461359410309937,-0.014882777111399913,-0.6098494913768946,0.7923323092634225
-0.022689280129122302,0.7869773029773741,-0.008760939596416717,0.008762236526761204,-0.014662223959153299,-0.609737069884072,0.7924196710022787
-0.022030124505466098,0.78696831213497,-0.010063316903659525,0.008493517524551011,-0.014890125387499044,-0.609859441818663,0.7923241706193838
-0.022094378467214876,0.7868658164579048,-0.010054643672101737,0.008524993381273412,-0.014902379597222863,-0.6098433630764692,0.7923359953693229
-0.02284612823915072,0.7867093714419732,-0.008897835883998062,0.008786580732487798,-0.01474038293963967,-0.6096863822083951,0.7924569550114845
-0.022124396233753507,0.7869310507964997,-0.010051906889962575,0.008492664370323363,-0.014900278248599626,-0.6098423962116032,0.7923371049590676
-0.021980321948632198,0.7870390170774573,-0.010078795618810227,0.008515034331500524,-0.014906580945255675,-0.6098824477366865,0.7923059371203396
-0.02200205874849004,0.7869314977839964,-0.01005510098087009,0.00852442315906352,-0.014909844723958397,-0.6098766456317205,0.7923102251805437
-0.022711102382815707,0.7868469402838828,-0.008859019332463774,0.008757286789497647,-0.014694547228394408,-0.6097462882077397,0.7924120409856547
-0.022091721876150078,0.7869617361076903,-0.010191743819152083,0.008398561506420097,-0.014884645282492736,-0.6098488745842683,0.7923334282616692
-0.022181994942849115,0.7868554860143255,-0.01015751709969609,0.008442440492139386,-0.014876664774286712,-0.6098239710442204,0.7923522723308883
-0.022737620607858722,0.7868025106998984,-0.008806750552594375,0.00874271496764801,-0.014660255400192598,-0.6097408184152412,0.7924170477516158
-0.02205849160671125,0.7870282158274599,-0.0101108315119922,0.008480777095284532,-0.014906641730308728,-0.6098635353753503,0.7923208558963809
-0.02244508020160807,0.78693060815699,-0.009302732204978695,0.008681065199618327,-0.014783800684327612,-0.6097914096070609,0.792376499089756
-0.022726882181361263,0.7868632878135733,-0.008730992191296388,0.008821830225370973,-0.01468790155489542,-0.6097438859420758,0.7924133056084
-0.022689642637393453,0.7869480651168007,-0.008792829971878247,0.008791349254261152,-0.014703869318070053,-0.6097431227485711,0.7924139308672273
-0.02271619992238255,0.7868458285845883,-0.008755017289290706,0.008843163499109285,-0.014716008260450672,-0.6097406294015223,0.7924150450490275
-0.02199004269027094,0.7869965167667807,-0.010078844464348813,0.008485058408474414,-0.0149063802413869,-0.6098781780569197,0.7923095293127022
-0.02195968590078995,0.7870477636800189,-0.01020237626984874,0.008453794046065605,-0.014915313438810522,-0.6098919498524095,0.7922991147311055
-0.02199200171468116,0.7870014891886209,-0.010060253467346153,0.008514389313970127,-0.014894491638107592,-0.6098832009340918,0.7923055938864473
-0.02200569726921925,0.7870547427644767,-0.010076437513201156,0.008527550889143113,-0.014924654071688514,-0.6098859881129903,0.7923027304636608
-0.02217838520154436,0.7870063023916795,-0.010292086876103224,0.008506376656241705,-0.015030862411490079,-0.6098155801644131,0.7923551355746398
-0.0231375419278515,0.7866058515637115,-0.009923604021579574,0.008437187219035906,-0.01507754646882323,-0.6095174466586736,0.7925843542689903
-0.022970761727454908,0.7860353813539513,-0.012292035921840333,0.008058004434117253,-0.015757861139932317,-0.6094641535635572,0.7926160563590159
-0.023227630760903617,0.7854376010854431,-0.012088481085320388,0.007952891301716501,-0.015700948972866616,-0.6092776460143894,0.7927616158915284
-0.024356141806360088,0.7843560800424403,-0.01144392515595942,0.0080621373254132,-0.015553586697703832,-0.6088391387117817,0.7931002521937518
-0.025408396387469306,0.7829517593730823,-0.011578661055060127,0.008034612655165597,-0.015626503518997886,-0.608437175808723,0.7934074926317405
-0.026174117816506803,0.7819991607554828,-0.011955644222022388,0.007754422781929815,-0.015534128076787859,-0.6080489681018948,0.7937096578002989
-0.027111176015995025,0.7800206693293644,-0.012162700093860015,0.007589526962782824,-0.015513694261572605,-0.6074594412774386,0.7941629315652372
-0.028871780849492712,0.7781452867617951,-0.01338095274447465,0.007116984027967306,-0.015888321187396665,-0.6066829025406446,0.7947532699946077
-0.032450457988518255,0.7746283669488768,-0.01558036300984339,0.006374726041953873,-0.016747329895077722,-0.6051675607628104,0.7958964201544722
-0.0368935776373161,0.7704499617963319,-0.019064433373843143,0.005205326424625884,-0.017988160108522434,-0.6031646672933991,0.7973968255858889
-0.03817251483809328,0.7662240770259011,-0.02270911261908315,0.003674517044711967,-0.018975163603145755,-0.6011751672625651,0.7988835061422814
-0.045139511955869405,0.758603278997083,-0.022979109492226257,0.0032298784553219,-0.019167811007435632,-0.5974105232911854,0.8016999533960273
-0.0530956261448256,0.7491413413113793,-0.022745415499613314,0.0028605560832595557,-0.01883916871730391,-0.5928721136034492,0.8050711513478231
-0.06351040311696854,0.7372095728466498,-0.022978328530106368,0.002096974640443295,-0.018403275838932486,-0.5869221326855657,0.8094314759850392
-0.07784658800819244,0.7228405656903824,-0.02292560585089337,0.0019216561706047897,-0.01839344712038386,-0.5793420299475359,0.8148747091730227
-0.09362490205114815,0.7054448767521537,-0.023380929502292508,0.0019350139495799387,-0.018550286127484248,-0.5703492312310868,0.8211905276307092
-0.11205694941707356,0.6851699060305002,-0.02152095416875377,0.0030859403934569004,-0.01826669619794581,-0.5598225616434499,0.8284054002547026
-0.13241009483934552,0.6619173977401763,-0.017667138452147374,0.00419345809265766,-0.01694668599332199,-0.5478124762359182,0.8364189802384338
-0.15340274193187914,0.63529288532913,-0.015410129842898301,0.005485796557629355,-0.01623098614592133,-0.5344989286208387,0.8449954712904386
-0.17608029888527188,0.606065629812601,-0.013753665775362106,0.0064356905871820825,-0.015679613785897623,-0.5198299153853635,0.854101630192773
-0.19869708867863595,0.574950172542886,-0.010172702760260888,0.00571210699816133,-0.013439511904190689,-0.5039608166733579,0.8636030615726802
-0.22208268993584201,0.5392534455073593,-0.007618715442300729,0.004758298805751047,-0.011417828028370033,-0.48670710519250476,0.8734776417715463
-0.24584140883640698,0.5015570880607778,-0.005192978608737214,0.003117547578709707,-0.009326684325585722,-0.4680931288717895,0.8836244208479276
-0.26778288428992075,0.4597822173917464,-0.0035187994494857433,0.002102735677162213,-0.008077843618827959,-0.44846431170949946,0.8937617661295181
-0.2897175179377625,0.41470574530883925,-0.001606533077705391,0.0008819345314703069,-0.006720488392382908,-0.42724163932609144,0.9041120698738128
-0.3096991363229236,0.3658674800808133,-7.189045706091843e-05,0.0007993167037787285,-0.005912417724151073,-0.4050487212838134,0.9142756335879406
-0.3270678928984499,0.31593951442669416,-0.00017995404196733365,0.0001269113226494726,-0.005949071155885158,-0.3824299639587615,0.9239653229404264
-0.3413612533732754,0.26337490376796757,-0.0017506580203190073,-0.00013270830398675538,-0.007064804502279039,-0.35933948022216855,0.9331801627628642
-0.3524843404531224,0.20971800317877853,-0.0012566001145480725,-0.0010420547647236823,-0.0067067493027869,-0.3357264501241866,0.9419350701878425
-0.35874432788598215,0.15504311658544712,0.002784835861622233,-0.00012341852837744691,-0.005111602074576687,-0.3122603638865038,0.9499828026494904
-0.36083171484891,0.10025472756097303,0.0066365082298449965,0.000583861523864919,-0.003237228866511498,-0.2891520083463704,0.9572775465443117
-0.359406602479612,0.0451625916999116,0.009523248510247467,0.0015076878325889003,-0.0021510305212682876,-0.2658727437387124,0.9640045531925133
-0.3547098439934727,-0.007923448832875046,0.008604923172361067,0.0004924324753748984,-0.002803047339621211,-0.24315446382090306,0.9699834078175882
-0.3448236039430558,-0.0615331828571557,0.008643142527797434,-0.0010726800988100727,-0.002466179096794786,-0.22064078923210723,0.9753514295348211
-0.3304347414469646,-0.11476941171461752,0.011353393337579232,0.0011768072034862307,-0.0017259024416705771,-0.19885188725438566,0.9800273311949359
-0.31125183366984255,-0.1640675022118765,0.01448740636384156,0.00266219699501284,-0.0006594060995791967,-0.1789701286791809,0.983850687659302
-0.28685736537463935,-0.21175572591517833,0.015009826201651127,0.004419678018714779,-0.0007699265205620363,-0.16017911125713238,0.9870777718331106
-0.2594294611783471,-0.2573975829843631,0.014025357177623876,0.00628890054756833,-0.0018451947231798126,-0.14216773238424726,0.9898208868431732
-0.22965390420046328,-0.3030634316213333,0.012688223301800222,0.011405107888067796,-0.0030827512763667375,-0.12402870796923057,0.992208292885922
-0.19681776184409505,-0.3459169614169436,0.0112114374398265,0.014748522330648302,-0.004030059635363245,-0.10656513058600114,0.9941881689308139
-0.21839401383855517,0.23794329582736742,-0.002567438518273471,0.008065392081172284,-0.00678813584684802,-0.10230127604205287,0.994697602137142
-0.19319124999246462,0.20035088114912525,-0.001645872779993618,0.008015744048891734,-0.006523019437967906,-0.0858338024833096,0.996255868920781
-0.16573044180833252,0.1653798571734556,-0.0020136304674489014,0.008787237268686144,-0.007065923892116601,-0.07028359026779543,0.9974633169958126
-0.13582571137128008,0.13429202016941902,-0.003325285662704139,0.008398682128232382,-0.0079181368826076,-0.05623799701598198,0.9983506608190608
-0.10403408362510935,0.10510825164551821,-0.005444266866974301,0.007381438618941597,-0.009169932938888218,-0.0428727636345806,0.9990111841548497
-0.07025345420774798,0.08058540403528866,-0.005738809221929528,0.005709820806259558,-0.009566278819277976,-0.03129256081464641,0.9994481769559453
-0.034463910122595975,0.05935680228354301,-0.005524969694929327,0.003813067149736636,-0.009759762087065365,-0.02117350338456111,0.9997209070078736
0.0020037404796422464,0.042709594859591346,-0.005406612028979362,0.002233592335732763,-0.010127487579516712,-0.013106745979408353,0.9998603142094894
0.03994975276527302,0.03019759173005016,-0.0053765674822149785,0.0007026322554965953,-0.010569648543405398,-0.006864862536262168,0.9999203277678448
0.07874970892532929,0.0215316222916477,-0.0042631043467679375,-0.0007938292034420769,-0.010549727001054537,-0.0024550775808637776,0.999941019464643
0.13054680453282952,0.009053597664255106,-0.004788197613729589,-0.0025737189932740164,-0.010599153362371987,0.001610919147005821,0.9999392163161622
0.17147582692537955,0.0053689221094368085,-0.0012306277638545055,-0.0035698199571227228,-0.009447862881159976,0.0037165427265553356,0.9999420849599442
0.21314332807483316,0.004349710349053824,5.845729497530941e-05,-0.0044327229595214675,-0.009296324062218832,0.004577670637917922,0.9999364892341831
0.25577391097563895,0.005051329398885238,0.000419401063701013,-0.004680567353710875,-0.009707697483107498,0.004541372374749529,0.9999316162331117
0.2995320363594498,0.0054580651331132945,0.0008070509155876163,-0.00531446440037232,-0.010092310334269078,0.004641828763726623,0.9999241725663652
0.34389203802842494,0.005466133313378085,0.003301962896702343,-0.0045520827323089095,-0.009309357266711915,0.004942056221348849,0.9999340974430467
0.38891571832075944,0.005277681249744169,0.00802233169407308,-0.004043298452250803,-0.007515136799349977,0.005347061570911077,0.9999492900627085
0.435133596536468,0.005025129662316066,0.013732111856697139,-0.0040627538051435114,-0.00517767267023541,0.005794241460533545,0.9999615617159496
0.4816215342845289,0.0045092469838828,0.0176579256933448,-0.0039093838967721424,-0.0037059686690874135,0.0064325687511978015,0.9999648028378401
0.5283589844332075,0.004159288002273484,0.02015691632627244,-0.0036793073493046145,-0.0028805449340429134,0.007018328998556766,0.9999644526481649
0.5747993964862004,0.004860458792901888,0.02202359145492397,-0.003749062973811634,-0.0022289250709666753,0.0073728233059570875,0.9999633052173066
0.6212992691492523,0.003961449123921493,0.024502385394996738,-0.003693448280100972,-0.0014077160599801327,0.00835853454796668,0.9999572551055524
0.6680710773506227,0.0028924450910895877,0.026770973925009958,-0.0034747617711447525,-0.0006872176930017783,0.009289749933214377,0.999950571626738
0.7146896558386642,0.002422228298137142,0.029962292085573335,-0.0033129884781542707,0.000366869300394789,0.010109201986711813,0.9999433441802
0.7611000925720774,0.0015293159674603617,0.031448993858828045,-0.0036699630123140765,0.0005922946184537017,0.011023525104242917,0.9999323315375084
0.8073695047289322,0.0017984644541555218,0.02874229505145326,-0.004182190716181987,-0.0012290719648974486,0.011657793161360182,0.9999225407641478
0.8534940428660871,0.0015857496322398412,0.025757122006168087,-0.004894090096401386,-0.0031361163568949073,0.01248650884839952,0.9999051421594156
0.9001735545890885,0.0009801419837502101,0.027731703661905097,-0.004539862925727986,-0.0026847598656704443,0.013407346505892648,0.999896208025898
0.946921095048842,0.0008252005460268261,0.031711724909630284,-0.005862473455569492,-0.0012096342676469463,0.014233880718556061,0.9998807836041746
0.9930599030075611,0.0019467357394219453,0.035077882322889636,-0.004348168341930998,2.1677946507622153e-05,0.014422153074916018,0.9998865435730703
1.0399643655686286,0.002492707911488999,0.03647692225483948,-0.004935092809945684,0.000266707571639334,0.015052070770347101,0.9998744945446157
1.0857063632219273,0.0030619551021749125,0.035122350516926006,-0.005069410125255682,-0.0007374540378866147,0.015444574060328285,0.9998676018687407
1.1311102267009177,0.004076483120255214,0.03398000672173079,-0.004312795271788771,-0.001723124001399335,0.015533318469273616,0.9998685631204436
1.1762961452954768,0.006072474409173682,0.03313468852433962,-0.004528131732255365,-0.002561950551835119,0.015270172679033925,0.9998698745941447
1.2214951709009143,0.008020918057028911,0.031300863067346606,-0.003638875995333971,-0.0041346112693670155,0.015123018831662857,0.9998704707179856
1.2667629012151056,0.009129000114844889,0.029287519361108003,-0.0030442470837245277,-0.005698397071830196,0.015228600277606766,0.9998631607248439
1.3115403924839768,0.010543691059637712,0.030595586360917332,-0.002240732710052217,-0.00566652632976599,0.015255683115279197,0.9998650534295207
1.3566926077574446,0.01216978229485137,0.036697073096098806,-0.001423772301156893,-0.0031370187677425233,0.015256107483640943,0.9998776837882931
1.4019421496003694,0.013300019894673991,0.045429102600898386,-0.0009241103627578729,0.0006852234042883528,0.01542875196318824,0.9998803141615217
1.4381656750748593,0.014926501999419896,0.04961375270007357,-4.925249323554496e-05,0.002410510799311232,0.015307388198094305,0.9998799341363553
1.4818623579296886,0.01650671873797009,0.04781307944853747,0.0012961971266413435,0.0011492809658828526,0.015252692051516,0.9998821621249773
1.4551857710169505,0.01303062783755149,0.043167619188927905,0.00387726545295707,-0.0006543521834443491,0.015181064148909343,0.9998770280567789
1.5003468153362318,0.014302386098825358,0.038779932923659666,0.003462421228526159,-0.0033287499668854296,0.015285380489662293,0.9998716331584532
1.5451550867049373,0.015627467663558207,0.035328805173457295,0.002799499969435807,-0.005573033246595924,0.015223834994828829,0.9998646584953761
1.5899806626537267,0.01820401760957778,0.03449534572690248,0.0016925099134219967,-0.006628083326921651,0.014991367729372216,0.9998642263031144
1.6351437876588255,0.020618619306762495,0.03826751045169363,-0.0005969652182274221,-0.005410500006536279,0.014521305080188033,0.9998797403979797
1.6803086800386429,0.023052250534783422,0.0423472224348439,-0.0022136441111192703,-0.004038934185765724,0.014200622946421864,0.9998885554560686
1.7245173518971404,0.024479569744303098,0.04513419004222212,-0.0025393798990195147,-0.003246515690848028,0.014143475412561786,0.9998914764049205
1.769141768167792,0.02554093310878089,0.04795771949400897,-0.002440019778698081,-0.002376358850783817,0.014315782367404712,0.9998917297521228
1.8137902308727916,0.026413813069127504,0.04955646885155435,-0.0013232703908383596,-0.0020079121733190737,0.014580322777591982,0.9998908132310574
1.859351426755175,0.02718864203399563,0.05195011958765984,-0.0007180021886262502,-0.0013659403497827667,0.014887012980883269,0.999887989148671
1.903674143286246,0.028534733721581648,0.05455510221182737,4.841529620248044e-05,-0.0005102758836944232,0.015011472899612681,0.9998871918469229
1.9480527642304706,0.02913648001940833,0.05448136045141959,0.0004992458915030501,-0.0010112885682428908,0.015366116070188496,0.999881297755399
1.9918086129462886,0.02919067251551037,0.05202491388181189,0.0009463373517709401,-0.002751292594998651,0.015856890707172357,0.9998700385282364
2.035958348824596,0.030306129177207222,0.050387790911504554,0.0006982266432458932,-0.004118906643495902,0.01607878182580869,0.9998619982745263
2.080155737520539,0.03116274787534197,0.05145965761210929,-0.00012467070587484746,-0.004015450907342163,0.016437588351310994,0.9998568193929064
2.123966206339351,0.03214528578497079,0.057332362054145325,-0.0008610014162217593,-0.0018870924438681204,0.016706552464045073,0.9998582873663918
2.168192767081875,0.03323697478415916,0.06217137198712365,-0.0015673627818086021,0.00014793335654092007,0.017063344887617633,0.9998531755306252
2.211499426590842,0.034094311900539756,0.06489563524211792,-0.0022136392242916333,0.001013343921774842,0.01739105161700058,0.9998457983454715
2.255040364275195,0.035425682044689655,0.06368983397819307,-0.0025363554165985167,-2.80692826068106e-05,0.017572207389572627,0.9998423779957045
2.298562200611892,0.03677465111980656,0.06262920347157908,-0.002082373625355165,-0.0009124895570764314,0.017800353069616557,0.9998389799895786
2.3420915148214414,0.03798862490151872,0.06307028959735865,-0.002183811902513639,-0.0011135286778523274,0.018046631487718925,0.9998341363205324
2.38542787902034,0.03898474098075838,0.06262512973686546,-0.0014864202665719403,-0.00181372270491437,0.018357929859425786,0.9998287262870568
2.428658190080336,0.04008669782725907,0.06342683517561089,-0.0011339451010324237,-0.0017839070291767825,0.018668223186587275,0.9998234950698249
2.472033674175293,0.04093327103553779,0.06519836280001179,-0.0010396941990827731,-0.0013276566922403549,0.018999119376349696,0.9998180849787692
2.5151490376184586,0.042767939850443665,0.0681865683290794,-0.0012501541573003573,-0.00032490426576117174,0.019070693381496334,0.9998173025251603
2.5584235909558224,0.04436142115647869,0.06893342154511255,-0.0012231699318948472,-0.0003884375638975851,0.01901734758206418,0.9998183383445685
2.6013594104337665,0.047318348471686145,0.06873947240837279,-0.0014001211410888394,-0.0008765208415377882,0.018409035776597242,0.999829173398371
2.6439198478720463,0.05030965930739262,0.0681235290844234,-0.0010967178459715078,-0.0016178123394805363,0.017767445983307924,0.999840239339687
2.686720854441002,0.052379728225117606,0.06935901006169978,-0.0004529615933826933,-0.0014339918768465315,0.01742400823194237,0.999847057686992
2.729077049922021,0.055154114394243614,0.0712866049925755,-0.0006772690080057395,-0.000952725554223058,0.01684766638413304,0.9998573782663148
2.7719864029932144,0.05768839171425036,0.07325162066444744,-0.0005166622664099488,-0.00039757371079127964,0.016324604308802608,0.9998665362940675
2.856841142004123,0.06378223004479505,0.07579581644860994,-0.0017606590828882726,0.0002303451582249665,0.014802239760593743,0.9998888609638736
2.899253219015309,0.06721520320403912,0.07331250313604454,-0.002235725708375752,-0.0013876154449139531,0.013891806773111373,0.9999000454658378
2.9409044283885724,0.07007381535260165,0.06841872128229898,-0.0023659062649696097,-0.004445154203696308,0.013030491531962035,0.9999024224358122
2.982267167489165,0.07271191924240823,0.06406385921357069,-0.002216854335605503,-0.00716516370374683,0.012310279537577835,0.999896088804227
3.0238055077102226,0.07487413082209687,0.06402634525790002,-0.002074731231375785,-0.007744818081734688,0.011641279184899014,0.9999000901737891
3.0658617995988893,0.07826074072024589,0.0686022780774957,-0.0026551922505839,-0.006095321303662399,0.010430331564026651,0.9999235019630366
3.1074566881136407,0.08337805393690173,0.07616052698668938,-0.002939052054417675,-0.002839884107218385,0.00840193476235843,0.9999563535463568
3.1492726561406963,0.08717786250508942,0.08313131261913263,-0.0031275287526346496,0.00012624482840190523,0.006803550637689929,0.9999719556213896
3.1903574209340775,0.08983926515297648,0.08374801837499132,-0.0019772304410640112,-2.960883770989651e-05,0.005606251661825556,0.9999823270666578
3.231245851164614,0.0920232535249981,0.07600610512977052,-0.000683623115768006,-0.004224399027336538,0.004691982442069073,0.999979845976393
3.272136545833199,0.09270754789506137,0.06658050376739824,0.0005774194103244297,-0.009509180553601101,0.004359990062699619,0.9999451175172797
3.3129878822579846,0.09411794816948921,0.0613932372655316,0.0005243335354331666,-0.012717387302274357,0.003902516303291508,0.9999113788675277
3.353970439355132,0.09481346690317626,0.06086486427220235,0.0003168763086323272,-0.013852588376212905,0.0037328847210094645,0.9998970351258485
3.3948098823770767,0.09571394478856181,0.06392029309916458,-0.0015548257101329621,-0.013136713986161614,0.0036498450500041506,0.9999058351289046
3.4369254783028493,0.09515655104813044,0.06938682738710322,-0.0012928432256351687,-0.011392205356269544,0.0037776508360826988,0.9999271306667922
3.478918510234836,0.09538966569368759,0.07607015319883446,-0.00356271625685012,-0.008644457327111416,0.003943444228925557,0.999948515162731
3.5208427873546437,0.09659301271449927,0.0837735131936605,-0.004064268001944383,-0.0054717702169277994,0.0038388760360338354,0.9999693999973084
3.5628856127331154,0.09577995565888409,0.0896986931279638,-0.0030979215294950025,-0.0029576633852195894,0.004506482062320674,0.9999806730071652
3.6048739161022585,0.09457022851409665,0.09414976807973822,-0.0037587128289503727,-0.0009297226133840698,0.005425383503908936,0.999977782121843
3.649142923814951,0.09223249128025479,0.09813843922113447,-0.0022430039514192753,0.0015967085219117225,0.006573558062093724,0.9999746080989513
3.6924020710698535,0.09122448992561852,0.10247143635153565,-0.0020600188209485407,0.0031916486197679315,0.007368202370515063,0.9999656447827271
3.736283635024516,0.08921894205310285,0.09893184095788943,-0.0007976349897912479,0.0014571183283973018,0.008464587960197292,0.999962798559106
3.778667089509799,0.0915037575615339,0.09746306970539123,0.0002498860281371611,7.627178727020271e-05,0.008216220442002377,0.9999662184969785
3.8219076653530886,0.09217123128126369,0.08931042431017974,0.00021598669931634126,-0.004343244708004682,0.008415067022073997,0.9999551315970585
3.8674194992294346,0.0931094182365426,0.07927640174158432,0.0012978652213566492,-0.009853834570698477,0.008493686543719486,0.9999145307374753
3.9119369984151735,0.09264610150505616,0.0740939064456447,0.0018892356098599565,-0.013172538271417926,0.008948926445119193,0.9998714096123144
3.9573519274515885,0.09224973372132401,0.07826523282432939,0.0022592905910712043,-0.01174976093632026,0.009264930809848764,0.9998854854700171
4.002889761925917,0.09223200434058819,0.08437700495245931,0.0018034680522562804,-0.009337269482380684,0.009737552684548869,0.9999073626405983
4.048836616550328,0.09229638603012574,0.08993293270436138,0.0021294146718050444,-0.007079693353009698,0.010088455678894558,0.9999217807457677
4.093501394289675,0.09147511250586535,0.09328618430462816,0.0019285095098063468,-0.006144694762474616,0.010815400745928455,0.9999207673870288
4.140029643847054,0.0913751545698409,0.09124859332863855,0.0012914963224623791,-0.007722349199833009,0.011482014038065336,0.9999034209105424
4.186513966359441,0.08986010050234727,0.09160128413611869,0.0011239987943379762,-0.008413926922694569,0.012503176626796725,0.9998857984301917
4.2331758962838855,0.08947834029894136,0.09474658624845399,0.0006610161969946307,-0.007221201890908778,0.013288211048447034,0.9998854109556754
4.280379040301197,0.08863694263932244,0.10152207782621181,0.0005248753397138817,-0.004689996770374744,0.014309415821993823,0.9998864765102339
4.326745840604706,0.08842294406881027,0.1038056744572465,0.0005194309339846533,-0.003924589608879982,0.015342281222191832,0.9998744647385521
4.373281645391385,0.08932734652901199,0.1056801291240888,7.823088416672443e-05,-0.003617120152599767,0.015837963972462885,0.9998680266079791
4.418690459340594,0.0891665488141697,0.1077308293584531,0.0006166216235285608,-0.0035042045415552003,0.016817929528676397,0.999852236619174
4.464890691601621,0.09051879759284122,0.10745004906844362,0.0005788165004688205,-0.004005571709227975,0.017242591845022102,0.9998431455261911
4.513464718446127,0.08939480388525908,0.10796328038818585,0.0007562999135414181,-0.003922455007884286,0.018495233962467342,0.9998209763258403
4.556684026615113,0.0924213536986532,0.11081608283052333,-0.00016000776395144392,-0.003179555102263211,0.01826626789243303,0.9998280854271576
4.603423685436322,0.09311609653583114,0.11350385018805126,-0.0002622525346630608,-0.002697094845854987,0.0187741461121733,0.9998200820956805
4.647881838201027,0.09450193049142291,0.11206224460721825,-0.0007773655199730438,-0.0038311059443813045,0.018702482685061143,0.9998174515639903
4.693910015700472,0.09630601191845756,0.10985668467282553,-0.0008501213005595364,-0.005354665712245239,0.018664380064046065,0.999811109942141
4.739536551195888,0.09739282579756087,0.11323034000200229,0.00019036594699247157,-0.004354873574457192,0.019020895475650668,0.9998095822833922
4.784454756544836,0.0969252745092187,0.1184062491955961,0.00012238672384467963,-0.002226732499395464,0.01969758418226677,0.9998035014332352
4.828553115701223,0.09831489431089704,0.1227624655433684,0.0013006233201362772,-0.00030876636110748016,0.020196371270092283,0.9997951402038807
4.873759493103099,0.09792643701311088,0.1254634314796939,0.0017235939240766854,0.00039731337974236396,0.02116469013392404,0.9997744380356507
4.917226739799272,0.09828766942228784,0.12517353719771124,0.001544327187177663,-0.00027181877751142715,0.021879831355286372,0.9997593769016264
4.961659027480952,0.10030480422250718,0.12313089733737928,0.0006436365829506865,-0.0019620023415117325,0.022233098505065226,0.9997506873960008
5.007396770784931,0.1009187598629537,0.12171841864686822,0.0011407602650162726,-0.003182736511421599,0.022673265639404677,0.9997372132962431
5.050859306019429,0.10585167372830609,0.12292159715566783,-2.156052141351648e-05,-0.003113435004202671,0.021729241843707666,0.999759048997125
5.09479025347334,0.10797517651068797,0.12661938817092241,0.0006595354287685919,-0.002062796670268496,0.021161532476315234,0.9997737226182865
5.137412127585199,0.11194632814340852,0.12904383969835143,0.0005946359312193162,-0.0015198706092185894,0.020397566121969916,0.9997906167645568
5.179606204855826,0.11529234421966358,0.1293832732154278,0.0002209215441004639,-0.0017514654539036911,0.019696732918223353,0.9998044403904532
5.221863797971519,0.11907556004525516,0.12913482457123082,-7.13448767680154e-05,-0.002341516033269228,0.018828103432539954,0.9998199926726206
5.264215846636668,0.1235788580890039,0.13007185801217508,-0.0003904212865976659,-0.0021729351983848164,0.01764708570625408,0.9998418340174301
5.3079455699964715,0.12612840852082047,0.13145557838075447,-0.0010266442061045663,-0.0020361362418855663,0.017138056814477377,0.999850537634307
5.349327583320752,0.13000550995718285,0.1315970976592944,-0.001421527824405139,-0.0022540276940835446,0.016183981217926312,0.9998654856214247
5.389382152829751,0.13211199727489753,0.13055032522707846,-0.002411802573217226,-0.0034190593876763185,0.015766477547230998,0.9998669535821867
5.431236879724304,0.13460423396840762,0.1299889872013137,-0.0014228921810616037,-0.004060182297784919,0.015105760983417421,0.9998766405788639
5.471482734151804,0.1386122702575475,0.12827884932722103,-0.002357828368168497,-0.005356815062519068,0.013973691494181211,0.9998852321212326
5.511905275953286,0.14160133550484894,0.12857470661020132,-0.003627108295748287,-0.005971782278072789,0.013104827424486808,0.9998897178755114
5.551883648752761,0.1440197483308529,0.12612905713309125,-0.0018014115701821857,-0.00781787447864975,0.012378595393771927,0.9998912007034803
5.5923135324846225,0.1469874510911947,0.12927032057810264,-0.000800975500472741,-0.006874400523440037,0.011381518753287065,0.9999112820013908
5.631654788642505,0.14943599504598817,0.13297897887358884,0.00017047938389688327,-0.005588276721347313,0.010706219395330426,0.9999270561555539
5.671347137716109,0.1499330068684639,0.13614767845981268,-0.0003175572965895896,-0.004764331641246377,0.01065324534517428,0.999931847216879
5.711410424424462,0.1533373751331263,0.13315613744297072,-0.0024636083979820505,-0.0071713828850069146,0.00987321702994102,0.9999225035083583
5.751690488033186,0.1543714881845242,0.12685026744117642,-0.005189260538519656,-0.010877697874971986,0.009768666554222255,0.9998796509802552
5.791144791125203,0.15585203821640622,0.12554724547408525,-0.008439050298232546,-0.012268621660349536,0.00983836462074338,0.999840723704691
5.831447002493528,0.15535302084821043,0.12904049417146163,-0.009782730495315086,-0.01124457087819487,0.010576856602287382,0.9998329812882949
5.871737492485026,0.15274695815845385,0.13080642730125513,-0.010484038654066738,-0.011020437802216038,0.012013347606900036,0.9998121383159841
5.9127803964520105,0.1518476309877896,0.1333009753733058,-0.00995118052298592,-0.010295223670753353,0.013088982782259928,0.9998118178807697
5.952846474858288,0.15102815356334345,0.13618306958917392,-0.006031617384537208,-0.0094798232590911,0.01400023079206837,0.9998388607610837
5.993774988908321,0.15077368587097006,0.1415745053867304,-0.004393551460794336,-0.007248356625080651,0.01480736945066919,0.999854434862854
6.034155415044983,0.14986140890932537,0.1491585014296135,-0.00385701116141222,-0.0041234134037146705,0.015791678532167123,0.9998593604014847
6.074852729179744,0.14989970626811722,0.15887307378652338,-0.002015287894528074,0.0006710050315465427,0.016501844495409458,0.999861580984339
6.117880668574302,0.14892830808035062,0.16389495263991874,0.00019084488621064953,0.0028935639079641687,0.017564050400690173,0.9998415359470172
6.159954698221453,0.14907765042952423,0.16248706310306604,0.0020859386936066264,0.0019390586414003066,0.018241339646012756,0.9998295608946817
6.202324770319098,0.1489845240757557,0.15734311839648654,0.0010748149471325058,-0.0010898287270901675,0.019185058372854537,0.9998147763136147
6.782023095329347,0.9979130871292212,0.13802617833561118,0.002256980334090789,-0.0015378388863532325,0.02357902040300032,0.9997182464045055
6.832807398684721,1.000899198059147,0.1348779971329504,0.0012782607065663213,-0.003507420264805282,0.023496250494584106,0.999716957089962
6.884622761575039,1.0044837099300068,0.13334578691393104,0.0011488307491423877,-0.004833189361693838,0.022845902821488243,0.9997266529926698
6.936722632141671,1.0085341932579597,0.1339881627629972,-0.0009124554240161553,-0.0051375449575124885,0.022417417463715485,0.9997350818678098
6.990031274726797,1.0114584929005903,0.133958518731779,0.0012231620844417406,-0.005640403346428398,0.022091715005762035,0.9997392850999453
7.043474378138038,1.0131858003890633,0.1337653094396814,0.0013690579377168017,-0.006403581772247639,0.022402425106053715,0.9997275845694542
7.096838841617647,1.0169758646189082,0.13489426191155832,0.0013568417664264782,-0.006550812898048178,0.021993257641500286,0.9997357376924271
7.1512030348179,1.0194030691849503,0.13707006488750728,0.001115092183170127,-0.006160998108576172,0.021965997493780035,0.9997391136918882
7.205754782412221,1.0223882714256796,0.13975145771426956,-0.0004344162052068205,-0.005612610746872599,0.021687190854415953,0.9997489584287544
7.26010054015504,1.0257685434855062,0.14293698132607968,-0.0010041514749342126,-0.004712875056030311,0.02130932372371725,0.9997613219692988
7.31769865963342,1.0284222594399355,0.14620100873192476,-0.0011295827832120346,-0.0037272232513750297,0.02122877415277813,0.9997670602695006
7.372009647107246,1.031060156490132,0.14745500635134562,0.0006331019305647551,-0.0038027856672464867,0.02091194890320546,0.9997738865681444
7.425963783618515,1.0345674359970507,0.14440312764234595,0.001419855398807693,-0.0060631504331831,0.020455940413314052,0.9997713676991801
7.480584329931542,1.0364028904511258,0.14108467862174276,0.0016218087390858782,-0.008403685213464794,0.02050515995430598,0.9997531094356067
7.535081593658795,1.0389734314255952,0.1456067934673633,0.001398805293942897,-0.006946323183045422,0.020345873926093973,0.999767887476294
7.589968649153137,1.042218477461035,0.15213911092142138,-0.0001227674659546477,-0.004535964801787679,0.020072124824814682,0.9997882395287674
7.643639447229155,1.0451473994554616,0.15583601479463394,-0.0023687120461233307,-0.003464887739040484,0.019706546810729957,0.9997969957768601
7.698103777743643,1.0485535045978263,0.15575098253721548,-0.002578343550930002,-0.004219895915009224,0.01916904907350907,0.9998040230762429
7.751766763403506,1.0503904863369296,0.1577165550263957,-0.0038808413914418155,-0.0039884427093847645,0.019345375613127356,0.9997973758335514
7.8050986264824935,1.0534309768037333,0.1607859423952946,-0.0030601963312908123,-0.003099212916899719,0.019037276920461758,0.9998092842033642
7.858426248856979,1.0552533671748285,0.16075265066739108,-0.003166811877446111,-0.0036902279478380597,0.019359789512951624,0.9998007590769461
7.911977056143989,1.0568603487101158,0.16217994558806148,-0.003033782790365768,-0.0037141354732926728,0.019566559932439793,0.9997970553936055
7.964928563430028,1.0588399614910113,0.16582056103543572,-0.0030854289502534027,-0.002438711289967688,0.019712624600665706,0.9997979570964469
8.017409874189955,1.061921275112253,0.17120147847671197,-0.004343009808758294,-0.0004288087278994052,0.01947142923130238,0.9998008857620492
8.069231916143398,1.0641967919226782,0.17431657860664618,-0.0037935605615789137,0.000601028953934868,0.01933180189900632,0.9998057444962378
8.120274213758723,1.0674307400386078,0.17618031094314746,-0.0034421532942749446,0.001075964323412057,0.018768927080415554,0.9998173472368117
8.170843525286703,1.0712965240330687,0.177549957448486,-0.0028774326398708205,0.0012361821308999369,0.017985131881990434,0.9998333464276626
8.21957039084532,1.0738737922244492,0.17757122252844404,-0.003735376527851674,0.0006066742716166238,0.017493530165636418,0.99983980713687
8.268360222322656,1.0754066358976304,0.1737174518041001,-0.0025361533481510776,-0.0019136442658779019,0.017283949105384038,0.9998455673418252
8.315442141615287,1.07981768818539,0.17171774361340897,-0.004011093547828874,-0.003527643761182478,0.016374983144716183,0.9998516553878338
8.36220737652931,1.0827251685877448,0.1733128336723047,-0.004775648052162134,-0.0033182871658388427,0.01578104192545058,0.999858555625273
8.40820711778464,1.0835441965740207,0.17760904186227716,-0.005305834555217467,-0.001803283507801926,0.015997101271653394,0.9998563350356997
8.453744547975749,1.0852952774130322,0.17800276017405348,-0.00475869882015925,-0.0022232739165577308,0.016007407983738862,0.9998580712689075
8.499194023209517,1.0860080503964449,0.17697689707779918,-0.003079725840421305,-0.0032719383578754977,0.01626032916354422,0.9998576986869281
8.544961814695558,1.0875387435814434,0.1758928234659075,-0.003538217779080793,-0.004184621051510682,0.016374342394189854,0.9998509102189548
8.590000627588523,1.0906315015637875,0.17734919310202762,-0.003834292744601892,-0.0040242686453405415,0.01574698444726515,0.9998605526613484
8.635319050000774,1.091619175276624,0.179302629466959,-0.0026223391857120595,-0.0034081673012677656,0.01584760868409391,0.9998651726548922
8.67986376575548,1.0946059158552381,0.17986425136287604,-0.0019894343177214936,-0.0035003594735025893,0.015299613966770096,0.9998748522173103
8.723919587629048,1.098035307899306,0.18004346015521105,-0.0006255194705521892,-0.0036601369412758095,0.014424567794825687,0.9998890621518893
8.768361748645681,1.099781807767055,0.1801837388584708,-1.37985352531971e-06,-0.003961201512953667,0.013924161744098773,0.9998952020926035
8.81315151916512,1.1033432696204921,0.1814472924017509,0.0014085874768002644,-0.0038365993864870884,0.012877164796663454,0.9999087336734971
8.857590340881503,1.1044665833137257,0.18158047656374804,0.0024598492618889325,-0.004336331727071149,0.012384853077790494,0.9999108721830157
8.902375450955054,1.1077805434202441,0.18259196736036182,0.0021922077654092766,-0.004444789887754958,0.011350327411676395,0.9999233007819502
8.946496970720519,1.1096520724788324,0.18359046192213416,0.0012944295030055913,-0.004721809795632409,0.010762941885368985,0.9999300962095697
8.991449185471216,1.1121381036641205,0.18334889217909311,0.004813534657587224,-0.0051316817007084035,0.00970274796969936,0.9999281738235458
9.036279255801437,1.112660657343858,0.17819591462757767,0.0036859207661998168,-0.008349072667929405,0.009588784214428991,0.9999123773333143
9.080750647375693,1.1137140077692678,0.16955988137038736,0.0036241723966767905,-0.013405872335169025,0.009346121041273681,0.9998598894669747
9.125548579238963,1.1117953885459937,0.16291125368137732,0.005056328106738024,-0.017450787399541267,0.010708131947805705,0.999777597789552
9.169946206566866,1.1087898132573708,0.16283147947373156,0.0050954452844937815,-0.01837082361902019,0.012758759294562615,0.9997368555743058
9.215092034204812,1.1048300751190516,0.16959491256123765,0.003073559479262366,-0.016116586412324403,0.015560793499688731,0.9997443006357342
9.259421748740587,1.0989424115649589,0.17686204824864982,0.0025036667984413307,-0.013595488411291509,0.01961267481473204,0.999712083018802
9.306394286578307,1.0926703641743802,0.18709838444268248,0.0003115446964324684,-0.008984319978400344,0.023676054389672886,0.9996792606730893
9.351924881021187,1.0876086731476304,0.19869084589478803,-0.0023067452455236524,-0.0038872851173209,0.027706993458651144,0.9996058611195001
9.40031859018856,1.0796498326936934,0.20694033270371393,-0.0021004706488966076,-0.000371991771624358,0.03234280779145943,0.9994745587707712
9.442063965933377,1.0811234632633322,0.21156968907919677,-0.0010704067336627786,0.0012976348506447515,0.034758051624109075,0.9993943451588977
9.482923120788515,1.0732446611830329,0.2090081160693436,0.001032553897097826,0.0003847735102639788,0.0385632285332069,0.9992555514575825
9.5283540019368,1.0752833143966152,0.20653598445261778,-0.003488703924692363,-0.0012473443285778234,0.03959108301531394,0.9992090986798307
9.572904653951603,1.0819306805156632,0.20218899304736965,-0.0047775320348484515,-0.0037776650955890544,0.03860073513694208,0.9992361429593155
9.61965968368446,1.0898915958288016,0.2034659532443248,-0.0036304863312320128,-0.003747834523474878,0.036659191195248686,0.9993141996653245
9.664375702651538,1.096475107421126,0.20124214818070132,-0.0013599416588893733,-0.004766217346175694,0.03519879694998718,0.9993680432347685
9.712530255950204,1.1027639247174905,0.20199654793105268,-4.5142012469345397e-05,-0.0051163735722354765,0.03414455236557655,0.9994038056307055
9.764025258709236,1.1073070903751865,0.19949688074402633,0.0026661660128667873,-0.007071959837963486,0.03310377071049013,0.9994233450608536
9.80761392014442,1.112551385804597,0.19516128601840144,0.0029611857938491425,-0.009277879891943026,0.032368067882279354,0.9994285634628729
9.85613000822101,1.1179247177252425,0.1947658417041182,0.0029737225106094816,-0.010491917099251584,0.03137454450845955,0.9994482142294161
9.908735496366026,1.1165312994548062,0.1986289417358254,0.001764523001761376,-0.009669888437714307,0.03024243926085183,0.9994942533591186
9.95766265359433,1.1209470320906902,0.2035171562574843,0.0009619882624283113,-0.007758575124825323,0.029630765905617622,0.999530339218996
10.007836960005717,1.1261557333674965,0.2078525866495115,0.0006893270179122469,-0.006247447238452662,0.028918806808131668,0.9995620036555976
10.059091000490627,1.129764215173226,0.20998448403194409,0.001629047341020662,-0.005594381667942018,0.028548150625648305,0.99957543539468
10.1109535879199,1.1325990306395803,0.21021216827241843,0.0033095128079577243,-0.005929072006877857,0.028299659416658393,0.9995764267422991
10.164752464114239,1.134122335540774,0.2080048599156743,0.004850278938969514,-0.007471473912303576,0.028521203283080672,0.9995534987818664
10.215253552388354,1.1377408206224213,0.20576559499122446,0.004454697496097869,-0.009693468700417988,0.02826243074869459,0.9995436073959787
10.268740818623936,1.1410762158396475,0.20360493972051597,0.005710902289728817,-0.011398070992708767,0.028252637211370762,0.9995195083799149
10.320061903308245,1.1452905949390801,0.20909608240556057,0.004254908722577681,-0.00970618463403014,0.02785097130803296,0.9995558989376108
10.373125423347176,1.149373435682275,0.2159008445787869,0.0030470489225844634,-0.007034358222869132,0.027486970733118534,0.9995927652020296
10.424572427554699,1.151499821919092,0.22226584253197876,0.0034662981869906574,-0.004740356332443925,0.0275574875946629,0.9996029691502093
10.47791126094779,1.1541960728361116,0.2265409608629866,0.0026767168536618166,-0.0034765427773016983,0.02765211427442907,0.9996079779164613
10.531021257831776,1.1572680698514635,0.2281271187295661,0.0022334869657365413,-0.0033345387721784013,0.02761067871218467,0.9996106984411842
10.583670451182417,1.1611687641649793,0.23007313972466614,0.0016398651343402868,-0.002992069777306216,0.027306301492285107,0.999621282329947
10.636420072597376,1.16286677277602,0.22835433149783715,0.0006205986889336964,-0.004704867291199805,0.027618877447873065,0.9996072623799618
10.688851808958534,1.1665198019184493,0.22687376481319732,0.0015263066437019143,-0.006137293258763761,0.027372084716332547,0.9996053095589924
10.739094615572192,1.1688823846581393,0.22536030470603619,0.0013037524757315583,-0.007588619990002238,0.02726670508719289,0.9995985417377143
10.790617484651625,1.1715286262621407,0.22677417643038486,0.0025456946723732415,-0.0077864106082570295,0.027142592717190644,0.9995979976267448
10.843837611384116,1.1737498611583455,0.22978826384114992,0.0041752041375588845,-0.006806339784907,0.027180766281043503,0.9995986460877294
10.888860676027727,1.1725067213209117,0.23852076797243332,0.003948006482028888,-0.0038430746699815834,0.027573423163136598,0.999604594020583
10.943658574395897,1.1831041567590603,0.2414495764618112,0.002851924078787015,-0.002554231327200228,0.02619538672099193,0.9996495079698727
10.992605515763906,1.1835596707986924,0.2414466407425681,0.0017912437956682692,-0.003500164479961998,0.026464376772330774,0.9996420249362118
11.03866200487332,1.187455922775285,0.23908483807096445,-8.017876408476757e-05,-0.005279118553010386,0.02593450596796996,0.9996497017528688
11.089265811181043,1.1925849967084896,0.239184269899693,-0.0021554522673389535,-0.0058253188196712765,0.025332037028506244,0.9996597933231366
11.137324884003748,1.1957068040382326,0.24219832410647218,-0.0027779322081374755,-0.005326969351426551,0.025114019323409995,0.9996665458236049
11.187161169046576,1.1988899998954192,0.24454736411007738,-0.002599537523042498,-0.004674646321899337,0.025088616614998106,0.9996709207636874
11.238946980046444,1.2003951919872977,0.24930346110737545,-0.0018487101831380652,-0.0032647072828082616,0.025534369430677533,0.999666911023765
11.287999687093633,1.2002838795556503,0.25412797835169176,-0.0011895245795989194,-0.001656852747020375,0.026554116409943537,0.999645296907025
11.336988360750805,1.2033393684442304,0.25428792102196046,-0.0008024159213694035,-0.0019005327071303516,0.026870787679838436,0.9996367852886621
11.382520467628039,1.2063755234948503,0.2533252387509369,-0.001277262244396764,-0.003116537755101096,0.02715131584207926,0.9996256574681286
11.427925477484557,1.2081508351020487,0.2538315267720318,-0.001542393163436369,-0.0036908285299886547,0.0275234026558424,0.9996131506338365
11.473740363909315,1.209950283786267,0.25526127703910495,-0.0022858946641415995,-0.0036568465640819782,0.028167260453579358,0.999593920511837
11.51820088805216,1.2113805828066577,0.25804619466556644,-0.0024062266943840303,-0.0028845138446814073,0.02869972414509166,0.9995810256879427
11.562458643880667,1.213337716784253,0.26386975882418884,-0.002208732287263808,-0.000643238155510774,0.0292817822759251,0.999568548110394
11.604415185446364,1.213748299458212,0.27149816593600357,-0.002264807398880021,0.0025163154919423288,0.029895942172300054,0.9995472822026155
11.647190265323484,1.216234176173224,0.2750560200972471,-0.002097380294244434,0.003928776765651903,0.03013920871511442,0.9995357806836696
11.687683507981435,1.2183543634163896,0.2730413187140516,-0.0022078492749480977,0.0025986106414117353,0.03025916310873418,0.9995362651962111
11.729459795300565,1.2200709243203023,0.26846662490414014,-0.0023136634791390233,-8.234039291967428e-05,0.030673544712841186,0.9995267761616947
11.770905144335693,1.222342132851155,0.26445954479557443,-0.0020358763701813867,-0.0022902223301596884,0.03084973878984329,0.9995193369341682
11.811681948642642,1.2239140357249525,0.2640794763814169,-0.0013282553476231113,-0.002709779532146788,0.031128022073313204,0.9995108466058382
11.8521484661018,1.2254589602631083,0.26715197277525354,-0.0012991680131763936,-0.0021388694572382094,0.031579003919958666,0.9994981296139192
11.893482307440745,1.2278508757885598,0.2692545396058623,-0.001380752631479219,-0.0015897551976854338,0.031525715248422646,0.9995007162602021
11.935019789648697,1.2315130517723138,0.26876773647321717,-0.002612492861907316,-0.002093102392181174,0.03102083474093559,0.9995131350508636
11.975757973642917,1.2357528644858122,0.26758603097429984,-0.0035779994869933793,-0.0033853762837084485,0.029957694637694442,0.9995390380942379
12.016128275258588,1.2402057112395355,0.26324278832897907,-0.005576609996230135,-0.00629422506283138,0.02893179484586715,0.9995460150294393
12.056771284145034,1.2440771989918784,0.2595822057430286,-0.00688898466757159,-0.0087273865351993,0.027963084947493774,0.9995471182155891
12.09755043111477,1.2487324900577579,0.25831583023142324,-0.008014038470380458,-0.010045681266350442,0.026861580841049726,0.9995565623336787
12.138667355877375,1.2563046331096295,0.26018785927185417,-0.009290283608464261,-0.009911612082677686,0.025105913516623637,0.9995924894182007
12.17907432331583,1.263066500964385,0.26228459734730647,-0.010454760369522496,-0.00958034060968996,0.023356780484388003,0.9996266189524878
12.220973587771322,1.2675844588235057,0.2659616485019909,-0.010724250707008548,-0.008471855110180277,0.02188865692391172,0.9996670004605186
12.262087925496008,1.2738020269869317,0.2683141209853832,-0.009150091745359357,-0.008048702724578829,0.01996096515980478,0.9997264890350659
12.303391252429275,1.2787656038620305,0.27246703688675,-0.008536368510524646,-0.006654843562699365,0.018404116540489703,0.9997720458568332
12.34471979344796,1.2834651385136635,0.2733218089204401,-0.008156887888223179,-0.00666271043881234,0.01674040962365745,0.9998043956782248
12.385960388691199,1.2867465483546234,0.2754749528187016,-0.007904516586298083,-0.006149987403110198,0.015449960487688626,0.9998304774718956
12.427694546984867,1.2916059184222433,0.27860744328026565,-0.007917171928874507,-0.0049651611008681845,0.013678862840564486,0.9998627657899517
12.469223142302683,1.2953102482220542,0.28313659362794263,-0.008556955257796569,-0.003225060889423406,0.012009116857177328,0.9998860741331215
12.512111334413156,1.3013558853924405,0.283704731197604,-0.009277570829191785,-0.0031543657411224617,0.009898054368944635,0.9999029961863387
12.552947565943095,1.3060352199452576,0.2811557742593027,-0.009923042008096858,-0.0049864366828805285,0.008001983606482953,0.9999063120108547
12.595819512032168,1.3092555406627895,0.2785875553331434,-0.009455107052411451,-0.006580320060998286,0.006373367603679788,0.9999133310907466
12.639801515824885,1.3132870214572536,0.28202354940378527,-0.008258814840936879,-0.005342056195937847,0.004377150322956944,0.9999420477048828
12.684675732667724,1.3185848380142646,0.28682896033955885,-0.007529104601310817,-0.003498538106804,0.002045233638768055,0.9999634467835227
12.728384503679324,1.3206533118787778,0.2829774189166431,-0.005872749818805237,-0.00576323954942418,0.0006575722312855963,0.9999659279144768
12.773590696622026,1.3250830252191528,0.27406958854539654,-0.00567929840133123,-0.010719988377505676,-0.0013406894071674848,0.9999255137716735
12.818901343450857,1.329948365898266,0.27009484363961256,-0.005422683757883003,-0.013482677115064248,-0.0036735011803987077,0.9998876612863469
12.867014432374205,1.3345770498769254,0.27360157425764386,-0.005664536291292267,-0.012295628504444406,-0.005956382542685323,0.9998906194947897
12.913428384506762,1.3380303486527263,0.2828391260584935,-0.005873437895413493,-0.008470690406219518,-0.008010751551906488,0.9999147840788364
12.959424235532195,1.3419399148575846,0.28484977045819937,-0.0062473237830204,-0.008165498866825438,-0.010273480544437597,0.9998943675397691
13.006313998792308,1.3450365317048045,0.2831841519893632,-0.006066625164831497,-0.009747596404121327,-0.012371501682076003,0.9998575496540975
13.053027578811355,1.348999481423778,0.2809833464314587,-0.006236594329587526,-0.01161099862026746,-0.014703853378031546,0.9998050216492417
13.100343613816797,1.3507734114489467,0.27959734310970497,-0.006336602148742225,-0.013144047317926096,-0.016462497046227383,0.9997580056639049
13.147711991875697,1.3532475513597,0.279558072613165,-0.006341146436073901,-0.014158517802566295,-0.018648837280346053,0.9997057258230012
13.196007108610711,1.3562821917940076,0.28123505677482374,-0.006560234891210811,-0.014107212854554775,-0.020814736093083628,0.9996622901139445
13.244982289054741,1.3592584531876268,0.2886173438872554,-0.006734743962830213,-0.011357919185688929,-0.023117846559992123,0.9996455354101734
13.293939572475175,1.3609546263506627,0.2959472963300982,-0.005793877286342938,-0.008562917932528039,-0.025084107987329848,0.9996318810132984
13.343035308473908,1.3622815208523917,0.2999417075852011,-0.005229850553019891,-0.007349613006694383,-0.02710869245966022,0.999591796231484
13.39246185901886,1.3625302414146845,0.30209234170265686,-0.004767678246772392,-0.006952580200652145,-0.028752778611413062,0.9995510017193073
13.442355425358889,1.3633572396300213,0.3034259012877122,-0.0031862173556658348,-0.00703895329742385,-0.030502569825754194,0.9995048235723901
13.491204010718377,1.3606663227273084,0.30087217027159374,-0.001856571461727675,-0.008875293572800702,-0.03102958960138957,0.9994773318399932
13.542493830560161,1.3608977087916125,0.29783212755320915,-0.0023011320036413784,-0.011285378667777596,-0.03214450415937254,0.9994168742045082
13.59387620174803,1.3577371913206595,0.2976724246105503,-0.002582757615496547,-0.012342043544022392,-0.0323559866310258,0.9993968649781054
13.644838807843557,1.35464373124173,0.30058201030722353,-0.0028894772442619185,-0.011629812776651786,-0.032613286718393156,0.9993962014760308
13.697967049348426,1.3527288798842638,0.30644345034714715,-0.0031623902942972274,-0.009853532804101096,-0.03314697254627766,0.9993969097085665
13.750189143840158,1.3503247528584728,0.3085164425500486,-0.002340118999591595,-0.009530128406345779,-0.03347792793600757,0.999391281109822
13.801857519976853,1.347719521100854,0.30846154980463036,-0.00169327396706238,-0.010316501033050027,-0.0336196948225967,0.9993800238172307
13.853504052636822,1.3425665620878127,0.3092750457109661,-0.0010692131722985492,-0.010951953168322818,-0.0330872988647393,0.9993918849742517
13.907123488268537,1.337813986325021,0.3105859487120574,-0.0007296051695246638,-0.011170822311915686,-0.03258028324255587,0.9994064297961451
13.959311626537133,1.3349366499909718,0.31412346502416794,-0.000868483715140715,-0.010398772332234572,-0.03253491131129733,0.9994161287114544
14.010824807264413,1.3307541776535887,0.32081407797128536,0.00029228618415860357,-0.008142037572723086,-0.03213629144832741,0.9994502940868755
14.064259001268976,1.3268827547518836,0.3263191145517741,0.0011617642698120894,-0.006110386307026628,-0.03173974548757976,0.9994768174809606
14.115863371754164,1.3223202183180778,0.3288058971274159,0.0008369850994508941,-0.005569663492153077,-0.031232254727897018,0.9994962883947633
14.167534625408743,1.3203663307110811,0.32771897022206553,0.0021193049180890915,-0.00663631701846254,-0.03116547393016691,0.9994899596439447
14.220144948015033,1.3158277742789506,0.328446810277069,0.0009714902016665759,-0.0074117598967583884,-0.03085590405115898,0.9994958933149073
14.272587611980253,1.3113859570291106,0.3291306284207237,-0.00011597885556459265,-0.008039823721036564,-0.03012612038630097,0.999513768658495
14.3247041140273,1.3075643479289458,0.3303343871957857,-0.0007244309543172016,-0.008331720696122806,-0.02953190547277804,0.999528848401587
14.375238429634479,1.3033660827508564,0.33251182431593973,-0.0006645392097478254,-0.008150514460482011,-0.028939595812879557,0.9995477070779678
14.427138192876006,1.2991129007003168,0.3355976546018321,-0.00102057689546686,-0.007511579065819522,-0.028295971327488165,0.9995708438770954
14.478641642494894,1.2958139653616365,0.33676322084309196,-0.001888428552460201,-0.0077289739290626455,-0.0278952851918892,0.9995791846214809
14.530821438175664,1.29181927061404,0.33908525791328736,-0.002691084217935025,-0.007911934892297096,-0.02698476001817712,0.9996009119710849
14.582537945138544,1.2882978920133408,0.340715387284628,-0.003319537966165376,-0.008048989153777966,-0.026368395610772727,0.9996143730011793
14.63312785362325,1.2846971236367093,0.34346081331043876,-0.003418589478757383,-0.007446444485016266,-0.025495873287133933,0.9996413466903524
14.684516143949525,1.2793437659383349,0.34548653533504514,-0.0029470622762444217,-0.007319975098887222,-0.024496715958346748,0.9996687668347619
14.734522483955763,1.2748144865660427,0.34256478806771895,-0.0024548441086330065,-0.009738648229808923,-0.02346973393934304,0.9996740957508037
14.784563052896214,1.2712486380616248,0.3396784375302032,-0.0008734401308643741,-0.012018690468452383,-0.022441098588815243,0.9996755416336136
14.833544259513278,1.267095636419554,0.3458721136323263,0.0008693070858314243,-0.00992859785573991,-0.021298177881278448,0.9997234930777509
14.883708746468672,1.2635281390074966,0.35851433514439823,0.0004566603171917484,-0.004465221506880462,-0.020448803320698653,0.9997808246033948
14.933687484086855,1.2610984235983504,0.36782682271680084,1.3487569718791515e-05,-0.0004372425637305187,-0.020083546172040116,0.999798210467347
14.983800338067562,1.2587862084120323,0.3708912040611055,-8.936370479329544e-05,0.0006047360211508497,-0.019744050412603922,0.9998048726085589
15.033713802792168,1.2568672191463364,0.36883826299080363,-0.0035144950114420117,-0.0010881873277606788,-0.019526619862003824,0.9998025699271871
15.083007906719295,1.2554517854544418,0.3615260880145268,-0.006661009674541674,-0.005419708287458977,-0.019321759277777545,0.9997764426919961
15.12950392272424,1.2512543665480256,0.35833661575940823,-0.007900052430011534,-0.00773718329299248,-0.018509856705663047,0.9997675297653321
15.178395216741041,1.2511951959518806,0.3602502963533478,-0.009517363990095026,-0.0074574799099801055,-0.018633071460657073,0.9997532808412642
15.22886074025233,1.2476641858833908,0.36611241135280626,-0.010961511316530543,-0.005335028390994057,-0.018257695049486187,0.9997589893781131
15.277537591854056,1.245023527405007,0.3703911460485081,-0.01231588596086146,-0.0038701428295887957,-0.01760774837154606,0.9997616200636268
15.324780819197294,1.2419427914821688,0.3733457961783744,-0.012088083171506699,-0.0030960485597615398,-0.016838683189627116,0.999780347661589
15.372289905956634,1.2389912206964302,0.37327919356769024,-0.012547781102769636,-0.003748695695474348,-0.015877344780319422,0.9997881799114963
