position_x,position_y,position_z,orientation_x,orientation_y,orientation_z,orientation_w
0.05335654739485527,-0.0002920428750848552,0.0013925199609702858,-3.919032501177913e-05,0.002123234103958481,-0.006222382523896312,0.9999783930828395
0.10733835354152664,-0.0016394128318177271,0.0024292692683607394,9.766916158470345e-05,0.0036083271737820327,-0.012673996550357348,0.9999131671637527
0.16010717569637145,-0.0024566683507024393,0.0029426019477906094,8.524938958715381e-05,0.0036357545256967554,-0.02017232003429371,0.9997899013587697
0.21167833800542202,-0.006489779318019661,0.00392627661636223,-1.7804603310560653e-05,0.003199625102638969,-0.02638636044983061,0.9996466981122073
0.26443167275338547,-0.011364703129040431,0.0047240328599626675,0.0004082251940621525,0.0025566358618352046,-0.03382817886802055,0.9994243141947174
0.31550948574735943,-0.014379096180536661,0.004988614811663633,-0.0004753855089569734,0.0014626417513425476,-0.04511222037968554,0.9989807403180913
0.3666339718181368,-0.019751533379484175,0.005871285010680454,-0.001982551543203649,0.0009582417633753899,-0.05792982235631182,0.9983182265747264
0.41332243794950896,-0.027268821357870277,0.007223839075990595,-0.002730445246213259,0.000947676673531617,-0.07224425092978284,0.99738278475892
0.46412490986279276,-0.03623416477107085,0.00840150203686537,-0.0034145543837245267,0.0008684362848645648,-0.08857750951205573,0.9960630524336915
0.5161008625986353,-0.0472532220479653,0.009601768032278421,-0.0033067345191778903,0.0006418704201518458,-0.10557219336155693,0.9944059396386468
0.5665759394696412,-0.060183390057237954,0.010353104348640514,-0.0029961810007696826,-0.00030813046148466097,-0.12202674685731144,0.9925222507980559
0.6174193989465689,-0.07451364982643376,0.01168026334899018,-0.003519410752715993,-0.0012022620447732038,-0.138007100613548,0.9904242564875985
0.6684426411445168,-0.0904897706434672,0.013218584097797442,-0.003710450758417919,-0.00258335319189076,-0.15401116448191987,0.9880587662872358
0.7183892899162856,-0.10811051397949362,0.01468329882347132,-0.0021021487887588207,-0.004966480773419208,-0.16992114730833122,0.985442906844214
0.767329633535555,-0.12776419591728394,0.016462862903562886,0.000682303313787479,-0.007775884195577116,-0.1853086810055211,0.9826493578144596
0.8152715222056096,-0.1493145302921994,0.018030121254855997,0.00402281420969171,-0.010899117818117436,-0.19993791539652692,0.9797396893874951
0.8631949534248691,-0.1722260347845833,0.020083081892216803,0.007425364433888551,-0.013540482000129164,-0.21395999032603102,0.9767203546735744
0.9098363093992752,-0.1965869114016448,0.02232320956820072,0.01165689307806786,-0.01625418980419673,-0.22747036820526653,0.9735795506761381
0.9557460403426002,-0.22112983334386613,0.025042713856664567,0.0136438036589762,-0.021114135364251302,-0.24054583355463793,0.9703121894799072
1.0012593746986895,-0.2484019682073863,0.028676146962799298,0.014935867412556989,-0.02857533828041297,-0.2530199953957843,0.9669235994149685
1.0454740897069994,-0.27466522510503394,0.031799331683588505,0.012606660790534007,-0.036935248982756165,-0.26557727521822877,0.9632993144176946
1.0889570996428846,-0.30164185346840516,0.03671673054887714,0.0109180893451125,-0.04416413523988612,-0.2787222614921971,0.9592936030845537
1.1335490748970796,-0.3318548575657073,0.04155018276617417,0.011242941934256356,-0.04919340898517567,-0.2911837629825807,0.9553353444975252
1.1777844717355577,-0.3634996282433906,0.04725561910207654,0.012272211753074488,-0.051040601686196785,-0.3030974160339942,0.95151259098803
1.220241282820532,-0.39491924951651713,0.05268248711773982,0.014019026171235332,-0.05057460466665336,-0.3147721871242005,0.9477152199885253
1.2636239851788977,-0.4292217952321658,0.058028869682456685,0.016257306121035542,-0.04813839097963449,-0.32535005688394714,0.9442275891481301
1.3053291664611495,-0.4635982781720055,0.06350373930652564,0.021002029637290892,-0.04672619005128009,-0.33462557341364546,0.9409576550177641
1.3464353981629884,-0.49816642841456393,0.06863776563921165,0.022129171104888636,-0.04683788366816239,-0.34178944000178163,0.9383477431216245
1.387710737173133,-0.5343991236664906,0.07402643459636504,0.024060736091876495,-0.048545232194207186,-0.34763823365897556,0.9360620199297647
1.4263127158753883,-0.5685740289889234,0.0792996865468254,0.023873907067324004,-0.04968386321277291,-0.3529358645446808,0.9340223900538357
1.4654558545016547,-0.6032409463607737,0.08455340532611189,0.0203647738664033,-0.04971955620891025,-0.3587241006051364,0.931896054741926
1.5040420343955152,-0.638273864256139,0.0896500282817958,0.02059901023921997,-0.04898841547838766,-0.36456894576431137,0.9296586969866518
1.5416397395599228,-0.6739602812896603,0.09452983679433125,0.021402770765788913,-0.04947633298860688,-0.36951605440289187,0.927659371004385
1.5798914678301306,-0.7113951067386484,0.09958969050912714,0.022495949870471366,-0.05073923904766249,-0.3733314484552158,0.9260362201583429
1.6187407277230101,-0.7488196467357235,0.10466301131759836,0.022376336163010557,-0.052108487795540774,-0.3752085483761631,0.9252040528425532
1.6589732045480092,-0.787497029898595,0.10981771495979142,0.02188921911169761,-0.05336205031363348,-0.37518182219923446,0.9251550979362264
1.701155260711861,-0.8275374396589984,0.11515785614128982,0.022655927774498548,-0.05337399303496158,-0.37336643875073233,0.9258700943821129
1.7432925808821138,-0.8676312540455744,0.12074422232636017,0.022177094014188003,-0.053038438162161125,-0.3699452050568684,0.9272732361591952
1.7868959456770823,-0.9068963375877648,0.12669546713554913,0.02122022667762282,-0.05253994446316247,-0.36637010006944837,0.9287422648219423
1.8323106175078905,-0.9481593653182069,0.132722412311141,0.02048527674496553,-0.052523574321045374,-0.3624805202407602,0.9302846369288452
1.8785162619974396,-0.9890856492673987,0.1387522138468924,0.019312741570227263,-0.0521391057071679,-0.35912372930762276,0.9316322758138558
1.92570815575431,-1.030741399070964,0.14550641237132922,0.01737758499505565,-0.051114799034141,-0.3568438723692126,0.9326026715651853
1.975840899439576,-1.0731657528920868,0.1518866159608967,0.015530204184562175,-0.050024494521979115,-0.3561900235529881,0.9329442833698374
2.024249573966863,-1.1140126629795344,0.15863301130023877,0.014125505539566497,-0.0488433510614742,-0.3567705913723355,0.9328073437546628
2.0751351618280873,-1.1591122176309232,0.1653823713891629,0.013981870152305365,-0.04832430843554488,-0.3571853743982189,0.9326777972753441
2.129341386903988,-1.2073092484915926,0.17174633172431775,0.014130513441651173,-0.048218067206385815,-0.3573315542846823,0.9326250645170048
2.180130253201314,-1.2529128851905613,0.1782185417817974,0.014333322363450267,-0.04779388889022086,-0.357369711128846,0.9326291867427929
2.229285220087282,-1.297317964020302,0.18480525488287558,0.014612787362167963,-0.04721839464226075,-0.3574545506154955,0.9326216452926429
2.2834623933656544,-1.3433204254466793,0.19190067377612552,0.014903023582595534,-0.047109490924055517,-0.35769734087656696,0.932529473299189
2.3326514281668187,-1.3879536360954519,0.19758206825155145,0.013155368949533447,-0.046486039758273666,-0.3577358049049787,0.9325722888304696
2.3881697464713008,-1.4359074572638666,0.204639396982917,0.013112102378049252,-0.04646548974856095,-0.35765690793131655,0.9326041894775874
2.436108533282591,-1.4774380149649327,0.21175166027534464,0.013680853906941128,-0.045894996025184674,-0.35746288808489823,0.93269864670273
2.4884291292815615,-1.524423639815061,0.21815569083276398,0.013052425588758151,-0.0450232330047523,-0.35661196795764755,0.9330758050647986
2.5412081860953464,-1.570930968365833,0.22380433780540465,0.013423526749007736,-0.04427884627492056,-0.3555611696365807,0.9335070693504877
2.5985507225308884,-1.62151904454063,0.23086734593624975,0.014705677859185182,-0.04348826179861273,-0.35390294535873895,0.9341548207343262
2.6483486985344196,-1.6656451381781496,0.23669595986025616,0.014318799629385896,-0.04340184752695118,-0.35272949866823816,0.9346085543566325
2.699614430294333,-1.7088204283633353,0.24374598737313935,0.014826484632477025,-0.043408136272878366,-0.35185133520212425,0.9349313036778782
2.7495297505763943,-1.7522384357428122,0.25037306326134234,0.015516372582690235,-0.0435384398768743,-0.35134186543152673,0.9351056278839599
2.8033404744579586,-1.7985951702031464,0.25613258863056987,0.01418303652200509,-0.044547583042036654,-0.35163104460479794,0.9349705667121394
2.854285598002984,-1.843488192229106,0.2627268376182871,0.013208011953370156,-0.04569722942718317,-0.3532214759980764,0.9343296566298395
2.906719572063042,-1.8883890258096723,0.27019923832866644,0.012750495011186252,-0.04585334335907492,-0.35546199634191555,0.9334782644692845
2.958274897328724,-1.9354964490615665,0.27681318143822553,0.014012546117388815,-0.04509068973648341,-0.3580479674714616,0.9325085162216222
3.008023875874258,-1.9809716825507693,0.2835564467316133,0.015206722171129948,-0.043583895858469904,-0.36093252874325465,0.931448822750773
3.062931232743067,-2.0287829653704526,0.2905484227428162,0.013608541996541119,-0.0427299647112231,-0.3636499725431775,0.9304556197898335
3.111866251656942,-2.074159032852389,0.2963618599210381,0.013556784163992374,-0.044269187643845354,-0.3664318682169525,0.9292922742616696
3.1601512112568138,-2.120308126056129,0.30248584913847815,0.01358770741934797,-0.045146749409516414,-0.369079080131248,0.9282013691523621
3.210126637716736,-2.1659058983404185,0.3089938191673528,0.012865432405859483,-0.045755861579472736,-0.3717328086942676,0.9271222152843008
3.258044576039012,-2.21107286525397,0.3153242166245762,0.011721369367089675,-0.04595288241168009,-0.37377704391128697,0.9263053730257503
3.305207708632839,-2.2562444033536586,0.32093406018031745,0.012980198779215186,-0.04564074340827827,-0.3755556484918583,0.9255843536627428
3.3524590914315877,-2.3026260631249995,0.3280819854813871,0.014333339222330963,-0.04139883217755508,-0.37667070470071706,0.9253106913215561
3.400591902630947,-2.348845194881959,0.33347080967996723,0.016007664766802838,-0.03686777924108882,-0.3778100907594071,0.9250103118682552
3.4473797204568495,-2.3936362790991867,0.33909416313850427,0.017365560233303785,-0.03592342708231064,-0.3789153426969883,0.924570765009468
3.4944512094727727,-2.4390455021684794,0.34400939361359995,0.016146988276151936,-0.03832534411264508,-0.37977769065842576,0.924142497730994
3.540443326766232,-2.4842501724443946,0.34908450535666335,0.015873540237072194,-0.04152752439706717,-0.38028855470108774,0.923798744105439
3.5853850918939676,-2.5290911391958217,0.3544182009231289,0.018842778215673837,-0.043041174165023885,-0.3803190606003772,0.9236610939050385
3.631187799241837,-2.575104231540775,0.3593608001733357,0.02011110371620894,-0.04348907930656032,-0.3800606751360959,0.9237197183309498
3.677787794981979,-2.620951269674563,0.3641654415115805,0.019483969977714236,-0.04202309164449626,-0.37968619601809045,0.9239549932810133
3.723014834880018,-2.66451010366317,0.3695349464796962,0.020039177133592857,-0.03948361975657703,-0.3793709805434397,0.924184581224937
3.7684681438496317,-2.7079431079854057,0.37440392964787517,0.019469150067534233,-0.03614591138717767,-0.37922533531141045,0.92439307586556
3.8152045134586983,-2.7516766835702366,0.3797005634162187,0.015640570431098417,-0.033979685407471864,-0.3791071207431752,0.9245964226663621
3.86198509547261,-2.7958025686737358,0.3841451774583029,0.012151652717358893,-0.03211630640162981,-0.37842994178383527,0.9249927849101576
3.9079320442821404,-2.840639623616658,0.38878900745048295,0.014100575977393046,-0.03210479779528473,-0.3771409779003321,0.9254918350259371
3.9545097686826556,-2.885433712786357,0.3937701778870413,0.01580027314592934,-0.033301288885871846,-0.37553616551049057,0.9260744845679469
4.001157288954651,-2.929412986054729,0.3983746548394569,0.016645359567675,-0.03500053624902608,-0.3726458673660036,0.9271639304898712
4.0478446093714,-2.9727600916209553,0.4029349306059862,0.019019925137017637,-0.035721455662182405,-0.36886852941820447,0.9286001402089286
4.094067108478956,-3.0164658606260364,0.40722409252239,0.022187843060135617,-0.03684608077866327,-0.36406558985250825,0.9303796579802239
4.1420440461266335,-3.058433125075401,0.41138021497401134,0.020356513154715334,-0.036928795736959875,-0.3591313347991209,0.9323339301746596
4.190852227976003,-3.101016390978623,0.41641747400952234,0.019754313450292733,-0.03593230520434975,-0.3533041184832778,0.9346094631497001
4.239426226121253,-3.1421054556532386,0.4208385506097363,0.020598005471613244,-0.03417660361488571,-0.3470156493956233,0.937010048948771
4.2881913511019745,-3.181233306651944,0.4259044232269522,0.020625408027373497,-0.033964270765887476,-0.34151174558244085,0.9390371357289865
4.336498386262613,-3.2186301635294803,0.42975472349246213,0.020374526643949113,-0.033753258444696115,-0.33584722179773335,0.9410909860853168
4.386829173074853,-3.258200778288713,0.4345177565088455,0.020936377019904313,-0.03423489491377234,-0.32953441983932424,0.9432903604160697
4.437218190079642,-3.2971489242229883,0.4397430318454587,0.020393432972570603,-0.0363002478029011,-0.3229758490254065,0.9454908754391612
4.487560981623105,-3.3340714501107676,0.44470650202033524,0.02022497816325477,-0.04099258444775666,-0.31750663097076864,0.9471536865164444
4.5386523713059095,-3.3712570962753876,0.4495679394206459,0.019230599001679657,-0.04352747177936068,-0.3109260749915221,0.9492420696015688
4.590750750604803,-3.4073373054032827,0.4552316731262722,0.018691187575146793,-0.041910487746750956,-0.30536717411891945,0.9511282987227824
4.642275853119327,-3.4424667136985376,0.46113270225019076,0.018560089945247583,-0.03997978486627527,-0.29918502949242703,0.953176512655063
4.694684518008927,-3.4767838719411865,0.4668061349651449,0.016974956348582718,-0.04093616858606194,-0.2944896439105269,0.9546265968213494
4.748407233591161,-3.5120836326439338,0.4733108856758186,0.013826654977856909,-0.043365202648310175,-0.29067911752732956,0.9557373798374327
4.801895620626571,-3.5464487679365084,0.4794439115678007,0.010043744246526997,-0.046131908925650805,-0.2880211183641177,0.9564595130082781
4.8546189143222325,-3.5804735919246085,0.48556926683081914,0.007499150252654281,-0.04730157918032302,-0.2862123974414475,0.956968546778998
4.90597078851256,-3.6122764908291214,0.4924121752921897,0.007879590813608919,-0.047159774729662575,-0.284533434234529,0.9574730223273991
4.959523571936807,-3.646297798679869,0.4992448170929199,0.0075956987724420146,-0.046937011979460326,-0.28197429854220196,0.9582430427282783
5.013905165456373,-3.6798462224535835,0.5058202030216452,0.00637820541064861,-0.045015375330046875,-0.27900964095300695,0.9592114274931853
5.06564155534798,-3.7110944304834526,0.5118729588672715,0.006304987523704744,-0.04334352277960512,-0.2765795466259955,0.9599923704013038
5.120708665051855,-3.744034437910421,0.5187799244389351,0.006088752980501034,-0.041775742894802334,-0.2735807637669732,0.9609221015254665
5.174131984639892,-3.774168907730684,0.5247238387790262,0.0015385824747652973,-0.041342358047383725,-0.2709506129260818,0.9617038090379649
5.229027598373448,-3.8056016575949143,0.5311361013773116,-0.0021070338042155513,-0.041955557132978986,-0.2678664065772568,0.962539810125261
5.282485145524982,-3.8369458491940116,0.5379470938026704,-0.0018236314189438785,-0.04366059815455511,-0.2639720654784092,0.963539918262167
5.335533548689098,-3.8669266192903233,0.5440790589672235,-0.0017184370478128229,-0.045217075857538466,-0.2608446592805292,0.9643197277544152
5.391148819705877,-3.8990099207349114,0.5507944147678875,-0.0012535235094179354,-0.04439679751343262,-0.2571625660717916,0.9653469657610994
5.444905129516606,-3.92844400785053,0.557241313009511,-0.0009860481479858861,-0.04212416014236276,-0.25361893258156243,0.9663860565641544
5.49897777317976,-3.957918533395453,0.5636707323430421,-0.0011009534460011052,-0.0408629199181225,-0.25008797880107164,0.9673598143695235
5.554683664820326,-3.988243009328851,0.5697534459794397,-0.002108223714725396,-0.04263638859150891,-0.2466372347837791,0.968167221990728
5.609338044334074,-4.015828665697826,0.5763187510761753,-0.002396977510068187,-0.043616540698799396,-0.2437979698406883,0.9688417791144679
5.665642070593762,-4.044964642813407,0.5826382619745871,-0.003922003166595499,-0.04417207736916426,-0.2402674287463692,0.9696932553567087
5.721485313482849,-4.071826016989007,0.5891950736438083,-0.004343609242437882,-0.044012426047557236,-0.23718492630579702,0.9704572953503383
5.7752026397469285,-4.098940370500396,0.5957786294653925,-0.00224879034719324,-0.04371981966002045,-0.23305101731297917,0.9714786417400428
5.829098428259498,-4.126392209643998,0.6029340790157391,-0.0012419578438375043,-0.04395257957409679,-0.2292295120404463,0.9723787639626964
5.883298944894596,-4.153231331021077,0.609748544529056,-0.0007870040554859158,-0.044082029008537124,-0.22596007497950174,0.9731383220591274
5.940215133041674,-4.180236396509019,0.615847047020206,-0.002984730253287618,-0.043905751213227734,-0.2222626430087174,0.9739931715720036
5.995506077971418,-4.205544090752533,0.622984106854494,-0.006004965677213416,-0.04252529686015673,-0.21950792606251499,0.9746649655559044
6.0526797207239325,-4.23074906097112,0.6293007180186304,-0.004875113100185538,-0.04272642412804187,-0.21752231402025202,0.9751075511080761
6.1080358269175745,-4.255232562501304,0.6355471125100409,-0.004073504847689162,-0.04288145106784426,-0.21549405504397368,0.975554663354476
6.167258778441452,-4.280793551749829,0.6422079313626684,-0.0032634835802065848,-0.04387583461057481,-0.2129814406982142,0.9760651428197625
6.225766994608382,-4.3069843336966285,0.6485070551381846,-8.947419114431331e-05,-0.04324191412082391,-0.20999954036689622,0.9767447644853252
6.282667277212117,-4.332485546293727,0.6551079917520308,0.003909548415753938,-0.042642790517215666,-0.20739568379476492,0.9773194621824255
6.339785790252085,-4.3577292985423846,0.6610278113972807,0.004820650608668874,-0.0423482747341527,-0.2043215333340955,0.9779755173433939
6.3958049329307975,-4.381213285270012,0.6676482537150248,0.004236463323620524,-0.04320131450565944,-0.2025109465522398,0.9783174386403983
6.4517445384396535,-4.4050406783276825,0.6735954454455295,0.002949218757703105,-0.0439147412132581,-0.2006801017879346,0.9786676071827923
6.5070688132725785,-4.428489040839592,0.679769090818966,0.002000636313978574,-0.0438288833835867,-0.19939663441981442,0.9789361640152908
6.561496952002185,-4.449833652649804,0.6860475308901823,0.0024953049911324407,-0.04316521553684628,-0.1993818059715916,0.9789675280121666
6.61808757357191,-4.473239632579121,0.6917509064867895,0.00363249983594198,-0.041115676541237337,-0.19881301899537107,0.9791678579133816
6.672641898367752,-4.495773332813049,0.6977491463416055,0.0035255934626567073,-0.03846331602429171,-0.19834298411008527,0.979371334390408
6.727662744232967,-4.517794688767292,0.7036882586604314,0.0041239633140440915,-0.03748916609347465,-0.19815522907303548,0.9794447745717029
6.782096063235466,-4.541108701729474,0.7095300074669455,0.0033811358126567765,-0.039611752974380875,-0.19705323815963063,0.9795863903989892
6.837278755368914,-4.563865125577954,0.7151876093357901,0.003255570148030903,-0.0416880046100325,-0.1968778287056236,0.9795359243286587
6.890938154685133,-4.584675008813223,0.7207977892319377,0.0008024579300522856,-0.04087768016954679,-0.1973200922593507,0.9794861630742262
6.946622414307253,-4.607420336034254,0.7272739297370048,0.00037362370635546144,-0.040615739147784456,-0.19685527508879555,0.9795908474130312
7.004043803475503,-4.631001514584365,0.7332226734126563,0.0019265745335846417,-0.040811882808643486,-0.19681079878331,0.9795898130225008
7.058747338989707,-4.652822341265659,0.7393418202972639,0.001021032378034321,-0.04196851892034927,-0.19624416058475191,0.9796559737880862
7.113796030365659,-4.674124332962677,0.7455356518197159,-0.003933134733066498,-0.04244076743475628,-0.19677496540097586,0.9795217842354199
7.167066089729372,-4.694714565887321,0.7514345194330176,-0.007037682735644438,-0.04354122347307872,-0.19658977397016836,0.9794932828461598
7.221568065755164,-4.717024413425759,0.7576595732428779,-0.0057837655949924145,-0.045176334086973635,-0.19650645803608116,0.9794441508021762
7.2751108936558735,-4.738956571413324,0.7638169345579435,-0.006643444162088317,-0.045399529560774324,-0.19652865162978667,0.9794239237189285
7.326948435236842,-4.7591414456648335,0.7701545166010779,-0.006455197021669985,-0.046230035422425965,-0.19578618324650274,0.9795350420049818
7.380125275780295,-4.780305271976738,0.7764373146138297,-0.0023152630121549525,-0.04578271782052278,-0.19495009496119572,0.9797413167819354
7.434492674634105,-4.8033216777333365,0.7827980863613606,0.001421665981799124,-0.04437620388828375,-0.19304123737504128,0.9801856008252338
7.487869250335102,-4.826803845530296,0.7894878218326724,0.004735434389125702,-0.041784113147959094,-0.1915004861623737,0.9805912609994497
7.541766718708257,-4.848935721478764,0.7951038524718941,0.006573793049144588,-0.04191283214717005,-0.1891120526105751,0.981038592884538
7.590267319842136,-4.868119622821191,0.8011524614186296,0.008657138213161884,-0.04439863137345429,-0.18642711602909698,0.981426895500203
7.639888545347166,-4.887702866113594,0.8063405753582256,0.00911757258210743,-0.04601641891256813,-0.18289666992402787,0.9820123050048889
7.69158042641813,-4.906592934120363,0.8117744721508844,0.008046837796359382,-0.04638207193528705,-0.17895299043831772,0.9827307714130403
7.743172683884966,-4.9239543347521835,0.8176945104211351,0.009059347893304927,-0.04421233985639737,-0.1746111385826657,0.9836026295086143
7.795834270906283,-4.942373426404735,0.8233305700035434,0.01065440603228283,-0.04368751069349869,-0.1684940080918278,0.9846764208994501
7.850173094294817,-4.9603793148085815,0.8291962876394887,0.012799346465701529,-0.045231501331084785,-0.1618948754492137,0.9856877429273225
7.903186267399393,-4.976614953897362,0.8346741278858252,0.01127793180234404,-0.04598687800398703,-0.15509157002298216,0.9867647167864445
7.955955169388554,-4.9926353492843045,0.8401983871252039,0.012227251129874819,-0.04604016579007095,-0.14817298095763146,0.9878135222683437
8.00873189066812,-5.007694658283226,0.8464445597277077,0.012794966248017065,-0.046748668843448235,-0.1415770817573921,0.9887400003426715
8.058963225911361,-5.020363493905824,0.8525169759730069,0.010550610441349579,-0.04984673959211997,-0.13512751501827822,0.9895173285038255
8.110088319279747,-5.0323742806701475,0.859090509274123,0.005476422864003909,-0.05401512564705459,-0.12924203677770132,0.9901256840210719
8.161735409095693,-5.044675488411801,0.8655689294640787,0.0032407381370591856,-0.057868662010349695,-0.12244845306133574,0.9907810500427054
8.21300281974181,-5.055916857174661,0.8722342119872946,0.003486188001454459,-0.05812547657109409,-0.11608339735669572,0.9915310948661604
8.264003734731443,-5.066026274890791,0.878947633050958,0.0010385721380322674,-0.05619784111830813,-0.11048733454738507,0.9922868874099928
8.31492283907871,-5.076623524432919,0.8864328468036993,-0.00044642945355113293,-0.05466227290474598,-0.1050053251303981,0.9929681320248533
8.365044355287118,-5.085245339848154,0.8936837694324378,-0.002418352452412925,-0.05764620165655482,-0.10095067886032442,0.9932170092367579
8.415855532638819,-5.09458010506872,0.9008073202838829,-0.004251846531209661,-0.0614410644122977,-0.09742540028358775,0.9933353902701602
8.466693382697814,-5.103874892948382,0.90755730228876,-0.005600906936831904,-0.06279475435225045,-0.09570749668526853,0.9934110531282078
8.51704501768145,-5.113435404628075,0.9148890251539694,-0.006224708375307717,-0.060450628336538414,-0.09569970684750316,0.9935534978716601
8.565141357789628,-5.12216221910548,0.9228279780324438,-0.007582702494036265,-0.05781054644047089,-0.09671574395377322,0.9936027945646586
8.616017063578592,-5.1321462979153285,0.9289913658653179,-0.006166540775727495,-0.05684146906083344,-0.09796038151451661,0.993546568843186
8.665262252015197,-5.14115907376173,0.9355977789867731,-0.005669615365811472,-0.05695908017052768,-0.09981947798363004,0.9933577342137967
8.714347900006779,-5.1509950525944745,0.9424507580905492,-0.0047571141117526364,-0.056973179952762465,-0.1017035688669913,0.993170581597432
8.76513684456021,-5.161114990100388,0.9495369914886824,-0.005256168575557208,-0.05610448179778085,-0.10399944927070973,0.992979739628807
8.815325948156921,-5.172290807717218,0.9560294768317874,-0.0045660369578033886,-0.05635005958265666,-0.10631410510463006,0.9927240933184319
8.860781233780603,-5.179958013878648,0.9621468585553901,-0.006559509184189373,-0.05519825947106216,-0.1100202862020845,0.9923737493805765
8.91228621849674,-5.192226320799435,0.96921955437665,-0.004326125517281506,-0.053985206864874534,-0.11234219212340567,0.9921925762377065
8.957129205912754,-5.204141407343178,0.9748789734883669,-0.005370286601235144,-0.053790296474971445,-0.1143933093154078,0.9919636766783296
9.002353668106146,-5.214877914179156,0.98092315013189,-0.005261267728370037,-0.05445786255501626,-0.11700642024542177,0.9916229894914133
9.048371086405306,-5.225833879154674,0.9875152358371699,-0.0058428804299039214,-0.05535126252902466,-0.1190274294745482,0.9913297008905023
9.094241738848416,-5.23562979584693,0.9933077015165788,-0.006396055598987891,-0.056756992035197046,-0.12059139394185699,0.9910577439562538
9.140721223336577,-5.246655195789359,0.9994073108759538,-0.005288050961191582,-0.0574584954006418,-0.12137851364049522,0.990927752552434
9.18358964590593,-5.257637213493265,1.0052675986920532,-0.0031590772276442716,-0.05677494103413192,-0.12064191015058809,0.9910661713817891
9.22973094874591,-5.268724557274995,1.0114696861781707,-0.0023298772463396012,-0.055121812297337126,-0.1186956461219981,0.9913967465786153
9.273940721709584,-5.277755872531102,1.017736869138827,-0.0017854876040857394,-0.055139685079261966,-0.11543713375010496,0.9917815797339293
9.320720524240238,-5.287865517685721,1.0239362979852742,-0.0008703772743099764,-0.05561319066718493,-0.10993626678792352,0.9923811971271763
9.36623779998107,-5.296981263103858,1.0298645202909777,0.00041318381828536706,-0.05590754658346532,-0.10288515762169766,0.9931207533013958
9.412312026999672,-5.305278456255721,1.035664716075013,0.0004393422602457656,-0.05472455476644984,-0.0952532886708773,0.9939476005661292
9.4604251856407,-5.312366507803217,1.0419252028994979,-0.0022980996186826746,-0.0521050989892745,-0.08759997510150974,0.9947894289414301
9.506548966092673,-5.318733925123728,1.0475809460080643,-0.00282401266878304,-0.0490320591081725,-0.079667868517935,0.9956108194144743
9.55152160809179,-5.324893461488579,1.0529547101454475,-0.002581919501356373,-0.04540270315476419,-0.07079355766650151,0.9964538147837373
9.594894651177746,-5.329419156039093,1.0576408805559774,-0.0026987874882174138,-0.04174637170802423,-0.06218461272450226,0.9971875561744342
9.638586945305367,-5.332402537696792,1.0625848504357718,-0.0033584169500296772,-0.03860034441675324,-0.053955433343409916,0.9977913322198604
9.6824960609936,-5.335764690955966,1.0673117190528056,-0.0038132066199633974,-0.03713513729166888,-0.04475607645886836,0.9983002253383033
9.726403719206614,-5.337673569687119,1.071352489950151,-0.0032631051180378435,-0.0369175853335393,-0.03624785361682357,0.9986553614111356
9.770906022883795,-5.33952812350517,1.0755007401335943,-0.003970032182929586,-0.03652704268624076,-0.027319535878639067,0.9989512800631299
9.813786794217936,-5.3397217226365745,1.0796883698063038,-0.006383829737769351,-0.03542676858977989,-0.01951889749224201,0.9991612567720688
9.85690660525072,-5.339875216583252,1.0835779270436836,-0.007250499917965397,-0.03355432015493383,-0.01221494051249888,0.9993359476872382
9.899903105035635,-5.339830159019919,1.087269382797209,-0.006088236201950194,-0.03180132200727226,-0.006137509441073716,0.9994568243638879
9.943252925117111,-5.338866545509576,1.0910219769837344,-0.005402200715155306,-0.03139303681002662,-0.001045251690020765,0.9994919723252291
9.985196035592098,-5.337499337167918,1.0951189052865082,-0.00813901563483834,-0.03290928242327089,0.003950181510439217,0.999417396049315
10.024770011551984,-5.336494645933674,1.0984744345999689,-0.009945052101803603,-0.03624452056187274,0.00881543639546023,0.999254582160043
10.064329525413303,-5.33473024722274,1.1024617887153845,-0.009976174836256497,-0.041206773131244136,0.01352358397560529,0.9990093047483862
10.10442678354304,-5.332778267418193,1.1058094450578828,-0.007228273877457771,-0.04459710021806129,0.01765296922379567,0.9988229127105664
10.145072651030343,-5.330819472374127,1.1099166345127962,-0.0072327487778679886,-0.043506704855889616,0.021066270372095235,0.9988048235965447
10.186490754778944,-5.328164090023541,1.1136581756555284,-0.008400357430211261,-0.039450059805649494,0.02424393168661818,0.9988920660517071
10.228018662020002,-5.32457059757654,1.117861728284808,-0.010900495220235602,-0.03373696541120568,0.026285357965508932,0.999025562988884
10.269607563244818,-5.321729836644806,1.122141329219609,-0.010984664832520231,-0.02939445421135206,0.027393971150118497,0.9991320628366732
10.310649823710555,-5.318521146512055,1.1251700551905763,-0.009626786982305765,-0.02978629626890175,0.027662546809544327,0.9991270591416814
10.350824800477,-5.315124480794451,1.128095004615382,-0.008018021594459293,-0.031226217448202476,0.028095608265993704,0.9990852165324269
10.392830145025458,-5.312136464543092,1.1307006179980439,-0.006500831234757553,-0.03153895218703008,0.02887643837386852,0.9990641566057882
10.435504393398478,-5.309129725989874,1.1341246280630122,-0.0074727345618034804,-0.03012462608266302,0.02980297065415871,0.9990737991839534
10.477660582374497,-5.305210462703183,1.1374878150151702,-0.007483035165237855,-0.02804159421841327,0.030961953550765742,0.999099102119399
10.520212318889051,-5.302023150976824,1.140491252981585,-0.007637926566204956,-0.02579509460211246,0.03244191044549548,0.9991115035304391
10.563875670616902,-5.298532606005104,1.1441902779514468,-0.006569331827197886,-0.024184210652745862,0.03495704219344458,0.9990745598474121
10.609314686595585,-5.2947794740074565,1.1464105841442156,-0.006090051624003943,-0.023542565497253923,0.0384001477612044,0.9989665100046766
10.652130618476624,-5.289854380270915,1.149135492548961,-0.005971600115602584,-0.022136734718195245,0.04210434634405247,0.9988501091702061
10.696312454059434,-5.285879972268083,1.1520311363212197,-0.004471903965987347,-0.02142239562082428,0.04749291086780807,0.998631815440745
10.73993607534403,-5.279697494321743,1.155002603963247,-0.005780383399999597,-0.02244238883765088,0.05300247023231297,0.9983254359341046
10.783728352855103,-5.273363964371336,1.158121344607503,-0.006250532427285362,-0.023986754108281796,0.059022161759132656,0.9979488675544017
10.828493398405813,-5.266265471202947,1.1607151305043875,-0.006908149612170278,-0.02551310499772963,0.06502878059375695,0.9975332666767907
10.878189160239579,-5.259387504571626,1.1637468304078933,-0.00637450160280845,-0.025888291607599794,0.0711540012094432,0.997108951907153
10.922722165149107,-5.251219774174214,1.1668080557552472,-0.006344832607070432,-0.024233132889829288,0.07697898926287017,0.9967179904210661
10.965808360750191,-5.244070143707889,1.1698385795348916,-0.007293459780418529,-0.02318302947366457,0.08291778437337903,0.9962599970891531
11.011449875059222,-5.23469485591764,1.1725462492799927,-0.008402366040537507,-0.02272625163194206,0.08870998846530093,0.9957627513178231
11.056679570395293,-5.224586720004169,1.1749847154255741,-0.010267029937187734,-0.021615707437998226,0.09349415226045842,0.9953322023870014
11.100469249361874,-5.2150615225309735,1.1781435691572302,-0.012541359453169679,-0.02134195584670659,0.09717676217427636,0.9949592487458209
11.146461213443732,-5.2055353469727725,1.1807930269901306,-0.01302831995106626,-0.019765149924143684,0.09933404503504269,0.9947725172679636
11.190012416941498,-5.195754515614876,1.1829689156590888,-0.011698361062223427,-0.018138452850088915,0.10037047428069759,0.9947159906466322
11.237193959254792,-5.185027815042218,1.1856479057500389,-0.009729368082721186,-0.019079684990071087,0.10007686538842835,0.99474917898602
11.283590938917396,-5.17488005870762,1.188073240311212,-0.009261511652305576,-0.01974931079254889,0.09931896706356709,0.9948165259658768
11.330005880875122,-5.16471219236288,1.1905593669161547,-0.007105508225769095,-0.020782551820728086,0.09874345947699918,0.9948705081088198
11.377700656656195,-5.153870079676068,1.1930808346743547,-0.005808381884967414,-0.02027788391690673,0.09828366080507256,0.9949348739415874
11.42612967130356,-5.14407672495887,1.1956573841795408,-0.004335282838886148,-0.0176820191129145,0.09789140389090069,0.9950305575322285
11.475110287315191,-5.133894374697676,1.1982929242156612,-0.004035243437224636,-0.016174127907675973,0.09733530924871449,0.995112028847932
11.522183576130537,-5.1237129100774945,1.200879539293056,-0.004156309818306095,-0.01503649407008832,0.09625872037196631,0.9952340923069065
11.570430799107715,-5.11400692501756,1.2030719611066383,-0.004534169643537497,-0.01501465064941554,0.09547521089290607,0.9953082409442701
11.619420546130407,-5.104168007268635,1.2060548152972608,-0.0053568302355687615,-0.014163268421948571,0.09439581700004399,0.9954195770443609
11.669266554979334,-5.094440861757146,1.2082795034313456,-0.005526041302980589,-0.014875845364375036,0.09353280021397722,0.9954897227223811
11.71743956461189,-5.085275877781495,1.210915630586367,-0.004826386541050976,-0.01672827637936489,0.09293731815761654,0.995519726977376
11.766728562303246,-5.075138230316211,1.2135403428021716,-0.004971108327184277,-0.019867026091372062,0.09266505130909078,0.9954867065299878
11.818143301763106,-5.064609035527656,1.216112866331983,-0.0060336633829364585,-0.021425698361097485,0.09202558484013607,0.995507827169034
11.867551346188655,-5.0545998497424405,1.219332120410499,-0.006439672588626576,-0.019450060406393545,0.09131062902555469,0.9956116725247535
11.919064026470966,-5.045287289121107,1.2225457244170492,-0.007388115208831225,-0.017534309222105082,0.0908383223891557,0.9956838699460463
11.968020887880668,-5.035196880294618,1.225045341598694,-0.009590265040338278,-0.017872284287798412,0.08931529847373608,0.9957968624704154
12.0171081002115,-5.025314335144698,1.2282048897467917,-0.010934809753670442,-0.017315177382215684,0.08688303107196105,0.9960080128590626
12.06636660338626,-5.015887736359639,1.2307054756463494,-0.010745103987862043,-0.016893375049331326,0.08336693869020616,0.99631777469413
12.114039674831364,-5.007866706178826,1.2334343200676798,-0.010239581768395392,-0.016819102171351748,0.07883612761025666,0.9966931054559343
12.162300943266898,-5.000393202063217,1.2365061855952222,-0.008418730957621887,-0.017694527614768266,0.07378677434858952,0.9970815136735197
12.21380117082934,-4.993803507404311,1.2389511060726939,-0.008393971648167997,-0.019630088162637054,0.06869755290956765,0.9974090718053947
12.26165055385566,-4.987505075219586,1.2426097824519786,-0.010312710949979528,-0.018485066860459948,0.062463539955418326,0.9978227531678097
12.309447853690784,-4.982249155789839,1.24420235406786,-0.007141348967933843,-0.015558603719488574,0.05724161221238257,0.9982135655899921
12.358091948784068,-4.976978120101187,1.2465566070344645,-0.0051790339632143715,-0.011827582325004504,0.05312127974525135,0.9985045934350838
12.40765926738306,-4.97207657205008,1.2487204288413145,-0.0047227240647230405,-0.009056845341095012,0.04939168967620336,0.9987272492850437
12.457215235922229,-4.966623906609224,1.250575756079816,-0.00739625350796318,-0.008106705984689695,0.04710509301213077,0.9988296559500719
12.506817651487966,-4.961194323376314,1.252279657341239,-0.007318145915295812,-0.007176615560154423,0.04559886499694782,0.9989072521436806
12.55644223935726,-4.956542932884662,1.2541597655939105,-0.00662634023086319,-0.006974001071928265,0.044778763876528786,0.998950608806691
12.607236401385777,-4.951304889704161,1.2556842841652465,-0.006312126979569608,-0.008151837696982004,0.04419376442461074,0.9989697692715058
12.658377078018596,-4.9455652055731125,1.2571422605941738,-0.008136199024502829,-0.008834903168649861,0.04385220334895365,0.9989658313001777
12.708857836064736,-4.940494054138902,1.2588796007680934,-0.008375749848791884,-0.008509919172964264,0.0440652977130978,0.9989572989757116
12.759869997800905,-4.934100237498073,1.2612351946454954,-0.01014408021559601,-0.00742989652395279,0.044687936590061754,0.9989218636910584
12.815769125084941,-4.929391536550947,1.263155445853891,-0.008595821157962018,-0.00665433672623468,0.04591664184577156,0.9988861287938369
12.867286960499184,-4.923588653467524,1.2650124119449888,-0.007393194362548181,-0.006419253113488487,0.04677255118638208,0.9988575757592709
12.917445646315485,-4.9173156768058774,1.2661964580731304,-0.007119982718381226,-0.0060443052435435116,0.04798443214826236,0.9988044207836789
12.96868220227596,-4.912468604865483,1.2678402411970708,-0.007908298531792743,-0.0049654628730343596,0.05066873675696596,0.9986718566889755
13.019886494545956,-4.906502727876598,1.268910111855532,-0.008727958635034058,-0.0030762506761906477,0.05357035986478763,0.9985211956661803
13.069839460093183,-4.900618863355859,1.2705547002541868,-0.009583987196058888,-0.000740023826506425,0.05624327724264318,0.9983708253426684
13.120865440044895,-4.893446133253116,1.2719547238996576,-0.010349836978865332,-0.0002059814371401201,0.05821024779354924,0.9982506754825369
13.174710436082435,-4.8859872527829395,1.2735758943970197,-0.01322250460361095,-0.0018276706849690984,0.06057643710993089,0.9980743016246295
13.225113281497464,-4.878529992739733,1.2742817363221421,-0.015749987483868137,-0.004372898293238724,0.06280297164257542,0.9978920878142253
13.275572402372324,-4.870828931173159,1.275647535727666,-0.017878890602737958,-0.005302619329734377,0.06524258300961416,0.9976951666211626
13.32764595274561,-4.863429402266897,1.2774778764444292,-0.018906826159409716,-0.004678196768238941,0.06778917459155558,0.9975095373668146
13.379047853237115,-4.855154740320213,1.2789676543248847,-0.020224636049337715,-0.005829548526891897,0.06955196794154725,0.9973562579690662
13.430496372619505,-4.848011620622955,1.2804825094968226,-0.020357548728980546,-0.007137321583431217,0.07202788468447661,0.9971693029031448
13.481475012654737,-4.839029695765527,1.2817666186184518,-0.020339233892945844,-0.007211860513345214,0.07414290278161222,0.9970141104495506
13.533815688426944,-4.830189399717832,1.2835244185545065,-0.020340330787976008,-0.0062470445315904585,0.07639650022435249,0.996850455588844
13.586748999415732,-4.822511740418424,1.2849799025751185,-0.018067610019730933,-0.006714644581153359,0.07930951808244682,0.9966636747628429
13.636475266984865,-4.812931834232262,1.2869227500528746,-0.016999449165079394,-0.006796907586974893,0.08127694294068008,0.9965233942076486
13.686553036596901,-4.803182743391227,1.2879216389015609,-0.017785508570583954,-0.008177335873433864,0.08307287208166945,0.9963511938372124
13.73431795698108,-4.7929294360207635,1.2896755366122186,-0.02050872611814796,-0.007203638516379757,0.08486355165880602,0.9961554564268128
13.786271167300365,-4.783169406588929,1.2918092544609747,-0.021973550106419378,-0.0062428364018859385,0.08748723295627459,0.9959037001074811
13.838121407794823,-4.772649626048482,1.2935700020158487,-0.02078099953773639,-0.007856243651654816,0.0895135694160888,0.9957377975850165
13.889880577481481,-4.762867486299804,1.2954087418636622,-0.020149263847689933,-0.011428348199632548,0.09174746328316928,0.9955128340868589
13.940352813448602,-4.751633870018134,1.296753241833681,-0.022979501490950627,-0.01415188750370996,0.09337438221641621,0.9952652346588413
13.992033964823353,-4.7397034081667115,1.2988795939204731,-0.026434524826908952,-0.01259477171688082,0.09464554057823817,0.9950803051703261
14.04356556415563,-4.728936068323629,1.300807825345088,-0.026772329985155486,-0.007279405734836612,0.09585724102883407,0.9950083634729503
14.095619954756163,-4.717556015882941,1.301529157473405,-0.026080629615533694,-0.001546279793874903,0.09610865220950689,0.995027906850775
14.148600468386363,-4.706161782165497,1.3025989576761932,-0.027360292862806314,0.0026509823582482554,0.09706941893428579,0.99489793992055
14.200384359596397,-4.694811568399368,1.303983585478699,-0.028171671478263268,0.004132303606520519,0.09786966421442757,0.9947918480811362
14.250833363317057,-4.685316447229502,1.3046076723962363,-0.027653391858406453,0.0017118591955303686,0.09997054883132898,0.9946045682960402
14.301262793377738,-4.674090683097507,1.305051915690684,-0.02697781870585254,-0.0014202258402070693,0.10233401188437669,0.9943831921664985
14.351189993805246,-4.66251461763236,1.3059356504728805,-0.026843730234227866,-0.0037924729579597903,0.1044541117708357,0.9941601329755575
14.401529801037583,-4.650502776117344,1.3070330936464396,-0.026259673890779753,-0.004978967199921806,0.106710612767829,0.9939308244905244
14.453358156029118,-4.638692608490319,1.3084922742584242,-0.025418139219395546,-0.005853191245951527,0.10912088275645589,0.9936862124357874
14.505144142447415,-4.627093124018298,1.3092650920924704,-0.02468879490850232,-0.005292308949768915,0.11161446187375759,0.993430755426744
14.555146302919269,-4.615239850706444,1.3104604454328475,-0.024643734886818494,-0.002858835930258305,0.11328989191367704,0.9932521904749112
14.606576875717623,-4.602886082816503,1.311549423252412,-0.024001880099124517,7.873788848907977e-05,0.1150240767875459,0.9930726856067298
14.656563873832946,-4.591629120197863,1.312157960988439,-0.022861943228030205,0.003110794606467779,0.11671131423459115,0.9928978382184456
14.705537097703811,-4.577745802798969,1.3126595249190274,-0.023209702947640125,0.005534462507904002,0.11728316376928213,0.9928118400943762
14.755898571219818,-4.565250360225949,1.3124760361277907,-0.02301223322793146,0.00879011102113911,0.11807340537928726,0.9926992658472521
14.8067225461144,-4.552101389382437,1.3126406874728183,-0.023287981739728174,0.009325012274390096,0.11898389867864936,0.9925792476402999
14.857171237202808,-4.5380488342490235,1.313120329353997,-0.027639395917065917,0.00430177409410198,0.11970668396931863,0.9924151692542642
14.9067444909871,-4.525015579654669,1.3139356048854616,-0.027576171837735742,-0.002330718638350246,0.12030057376370405,0.9923516911095964
14.95526642362583,-4.512242026045235,1.3145339244919265,-0.02669151461313937,-0.006266643973387797,0.12070239621829269,0.9923100433367252
15.007135607640983,-4.499239137823565,1.3155640446978198,-0.026372910216259295,-0.0048262466090760545,0.12088862163976564,0.9923039390544023
15.058603917288146,-4.485575885749665,1.3165786250418474,-0.027133330311948194,-0.0020078612195266873,0.12092705912081786,0.992288456684094
15.108175016228332,-4.4742023666398545,1.3171582338545427,-0.02558159350633215,-0.0013461702533978162,0.12206913191973914,0.992190961756637
15.15905721501463,-4.46135743362585,1.3181447591732525,-0.0244818438686014,-0.0017898238870949232,0.1224876090948242,0.9921664213209288
15.20874860531927,-4.447437998287718,1.3188266994860163,-0.022357028846176918,-0.0012741030507121885,0.12301958109989196,0.9921515676044348
15.259500384087016,-4.434543184605822,1.319757978722599,-0.02225230423214104,0.0011503363433835257,0.12396178991623683,0.9920367929937941
15.313487698877752,-4.419611685470434,1.3207377374147953,-0.02365535894406084,0.002257724982725262,0.12454506079421102,0.9919293585955076
15.365711842851772,-4.40330858115288,1.3212212395411527,-0.024659573030882426,0.0020524613951389205,0.12464568163391428,0.9918927107697839
15.417466572582496,-4.389393347033584,1.3219435256740404,-0.02390630485311003,4.370191093778231e-05,0.12544493205407448,0.9918125074731431
15.466132517693005,-4.376140106135328,1.3225801513961777,-0.02382171273829878,-0.0008804745524269007,0.1263048992155439,0.9917050112128307
15.523324219925328,-4.360088271301107,1.3230787366717163,-0.022455523496370592,0.00018207864095405374,0.1272218926041945,0.9916200441866329
15.576274061301685,-4.345210919714956,1.3238443467252772,-0.022601851851835,0.0016380808048602263,0.12903747504280225,0.991380754027252
15.627004200488445,-4.330427702964526,1.3246930993425465,-0.021845691391989684,0.0030743446209837615,0.13083654966449096,0.9911584699302609
15.677898737645425,-4.315958267149046,1.325095709546865,-0.021536472199914277,0.0026193663492354506,0.13320775792912645,0.9908506593694618
15.729267360313896,-4.300787970605898,1.326073202596957,-0.022019114653486414,0.0019434713682015795,0.13543815472662124,0.9905391953789886
15.779238200114246,-4.285757740991198,1.3268161609467692,-0.024123601364192938,0.0001764414570606313,0.1379057964993727,0.9901515090850556
15.828420236865787,-4.270817434765196,1.327445250168343,-0.023391922265232765,-0.001876820135700291,0.1408055161168039,0.9897591091781313
15.878835110726628,-4.255081800842968,1.3280659549335887,-0.021649032592235263,-0.002731322654015696,0.14487835655788803,0.9892088340391232
15.928708608188586,-4.2401413087758435,1.3290549904246411,-0.019731048805461518,-0.0026731004389631855,0.14995988053115678,0.9884915636963579
15.979544788745923,-4.223807516789787,1.3299548065497024,-0.016925653204502452,-0.0018687638026982166,0.15582755875676452,0.9876374797850929
16.03002671580143,-4.206047415866342,1.3310654157691633,-0.016049809360942063,-0.0017716536126306294,0.16300352874964846,0.9864933366550473
16.08095386075353,-4.1867588822091095,1.3317498939400734,-0.016733231618239,-0.001023230030183916,0.17054278287707492,0.9852076520828039
16.129703480458847,-4.167583892734906,1.3326101402897912,-0.01687053861085491,0.001532066211388186,0.17804395840651432,0.983876715294505
16.17875632456907,-4.147114658211784,1.3332363023519918,-0.01802287497744401,0.0033861200504961835,0.18502543495794632,0.9825626219383035
16.227651670016414,-4.125703347935092,1.3340276700802054,-0.020927881743371207,0.00339870689650475,0.19103085333474323,0.9813550233825393
16.27610205119962,-4.104190458558907,1.3347436633886787,-0.023533328240618337,0.0016526490378345885,0.19587947211133436,0.9803441641025618
16.324359081318438,-4.081918848713059,1.3351311270007216,-0.025779487446863595,0.00017297855911177666,0.199246102553354,0.9796103180898192
16.37195433546006,-4.059561313929354,1.3358714631194806,-0.028614723909772165,-0.0008130606341906712,0.19994961591384783,0.9793879110219249
16.42213833247372,-4.0373870922822945,1.336884090412962,-0.03236293715714448,-0.002693467524185028,0.19799824387700038,0.979664271138611
16.469072799183,-4.016271198877231,1.3377992725097823,-0.03544308946115058,-0.005609882847041704,0.19362364895809275,0.980419400861575
16.517780521663344,-3.9964407549174834,1.3386356577466412,-0.03645284966276795,-0.008405820539129317,0.18823895537600552,0.9814105355093726
16.566545875229952,-3.9790231121448683,1.3399758536228532,-0.032943129432088075,-0.008728707097050247,0.1824593179876374,0.9826225925115682
16.615710963231034,-3.961338798731239,1.3411766213088878,-0.03181423487222208,-0.0071458756468540585,0.176953596691682,0.9836789198065621
16.66450183856107,-3.9437132599228177,1.3429382779498364,-0.03315859127113224,-0.00720611520568713,0.17136472238042355,0.9846231359754979
16.71439040312093,-3.9253266105894467,1.3435056974547486,-0.031863740114684035,-0.006655214877343719,0.16596819906293644,0.9855937149825323
16.764268061471864,-3.908149025561455,1.3442005749060275,-0.0298780720370524,-0.007577761785351302,0.16108833999145952,0.98645852614941
16.81241536535483,-3.893210263766666,1.3462479788646076,-0.028236870685612002,-0.008112837031125225,0.15648184821289168,0.9872437863003435
16.86240039060921,-3.8770094439232947,1.348016464783659,-0.02911715608140032,-0.009166347698923992,0.15236793585771966,0.9878523050269461
16.910697759907663,-3.860414016682493,1.3490400271460956,-0.03053401443085234,-0.008539412044390468,0.14840053938546172,0.9884189464553628
16.96116228155534,-3.8443372241473925,1.3504367311189553,-0.03248684604666543,-0.006318451616409278,0.1453266809181447,0.9888300295559243
17.005798829929393,-3.8297030596414636,1.3505277390898727,-0.034034674628789854,-0.0038551906767486386,0.14240484486624969,0.9892156654108569
17.05730039938303,-3.8129654650962483,1.3515300298774897,-0.03462874502329026,-0.0017983914038226438,0.13984380516653486,0.9895662314627058
17.10791230174331,-3.797223847787244,1.3521418652586112,-0.03631850975129199,-0.0034321667750334267,0.13809358544472747,0.9897471099983798
17.160089093871946,-3.783547404773918,1.3537618587392566,-0.03814600012302449,-0.007560338011786236,0.13713751887139203,0.9897883688014567
17.21069445990807,-3.768852712646801,1.355631857293531,-0.037777638573649346,-0.013511899514457524,0.13652790474676404,0.9898234310337826
17.26232527558605,-3.755398677159576,1.3575875393456567,-0.03633146388310368,-0.01698108030381906,0.13607798113516056,0.9898860777827445
17.313608833239087,-3.740185320064784,1.359400424305214,-0.037613736507441174,-0.0167390103721687,0.1354636497658655,0.989926570628008
17.365277438549484,-3.725458682936839,1.3615639045357586,-0.03872300629746392,-0.015025615036825767,0.13488662456326675,0.989990083856724
17.41671131331094,-3.7096239966252615,1.3632852322524371,-0.03804161252159826,-0.0136322020045591,0.13472504980190406,0.9900586651388912
17.46951919694295,-3.6957391845711793,1.3652214020393103,-0.03620676365641765,-0.012525350894870182,0.1354536498412413,0.9900426660239977
17.52113394363866,-3.6809815585850814,1.3668883670329421,-0.036446676021530566,-0.011110408539182243,0.13636451965237442,0.9899257126183523
17.569816256831082,-3.6654914028202565,1.368707064913453,-0.03617899450179488,-0.010663201968663895,0.13797896623603995,0.9897167199569811
17.621037328820506,-3.6498740381944135,1.3702598847389984,-0.03646598670194749,-0.01065664708923315,0.1401461744396741,0.989401698592667
17.675257915337962,-3.6323367816754875,1.3715843714205915,-0.03688423964984177,-0.01070025124080392,0.14222624903123376,0.9890888517946124
17.726965410710132,-3.615315069071589,1.3730288850126762,-0.03880707622429207,-0.010844712692855644,0.14398559333804262,0.9887590949367249
17.778666482857627,-3.5985257160365056,1.3749631570246414,-0.038806224878105255,-0.011902257426479879,0.14611827293771296,0.9884340447079919
17.830675923775775,-3.582147897472413,1.3766380828372267,-0.036788320620237826,-0.013163364712241016,0.14886065920452016,0.9880859574067022
17.885581037941943,-3.5636172930366263,1.3779508160109515,-0.03534972679647568,-0.015198230156671069,0.15183084311788125,0.9876572293646492
17.938329384671704,-3.5457610819140086,1.3796617566780682,-0.03465546795558094,-0.01627046475912039,0.1555756706755918,0.9870818025204882
17.995929891177358,-3.525225323668801,1.3818885736508388,-0.03531303621523565,-0.015431926368028655,0.15982268627067348,0.9863932068758695
18.0490353802429,-3.5047575824717065,1.384197665905262,-0.037503869343989825,-0.012632189412694832,0.16325396550848284,0.9857900530412544
18.105583048235523,-3.485067081913928,1.3857471592075203,-0.03979961592474425,-0.00973275721480861,0.16719786906391013,0.985071639648407
18.159405710836502,-3.4642657196620306,1.387308171502786,-0.04236103244406168,-0.006700880888624601,0.1710557885243847,0.9843274665134071
18.21475863102531,-3.443315510553412,1.3879321728494114,-0.04363713597117951,-0.005336332540072758,0.17510999236573271,0.9835668834383285
18.272124635197123,-3.4207801806376534,1.3891821500128214,-0.043594854747839126,-0.006950248897038887,0.17951752205492946,0.9827637807417953
18.32475493414674,-3.3991009544483988,1.3898433810781694,-0.042018722674828084,-0.01034552543966009,0.1838789356276609,0.9819958940694979
18.377327982948223,-3.377230555714254,1.3915530008603492,-0.041640108586394685,-0.01424185975114461,0.18833560670511748,0.9811182188727268
18.430533636713008,-3.3547759936354025,1.393284340188071,-0.03871804837664917,-0.016768223499876826,0.1926353303011098,0.9803628750359786
18.483462334141898,-3.331650114318186,1.3949317483211772,-0.03543664367989085,-0.018245363858776578,0.19674996956692725,0.9796431967955873
18.536602111025367,-3.3097812120833767,1.3968932249611878,-0.03162856653204346,-0.01639036121610722,0.20115094874532363,0.978912295956828
18.59060732387593,-3.285924987017812,1.3984260572073817,-0.030306298791334146,-0.013679145054416917,0.20573059234573404,0.9780436232112307
18.644318082130557,-3.261447986683587,1.4002388214881516,-0.028552087789122733,-0.009302429633177543,0.2101908586680932,0.977199079934736
18.69770808364603,-3.2360738168386063,1.401364397611705,-0.028446812908368955,-0.00717387024677173,0.21427324470889259,0.9763330876774564
18.752932365658438,-3.2091141548219584,1.4025873757243033,-0.029406829741563965,-0.00602661731536521,0.21820341098716164,0.9754415334570605
18.807592143384056,-3.181263381209822,1.4041336791399013,-0.03203129735928504,-0.00619870595358049,0.22229536695484842,0.9744333479015194
18.861613418194654,-3.154211440293279,1.4049959089199464,-0.03416918964329148,-0.005650879454504333,0.22593782096655207,0.9735258803192129
18.91548069470049,-3.126062862260495,1.4062295088071401,-0.03335595627455581,-0.0037357711783066023,0.22872926278270653,0.9729112727419361
18.968966730374756,-3.09801852320582,1.4064783136115109,-0.03361664660028726,-0.004801269627647047,0.2312466669057164,0.9723023456338235
19.02181547220411,-3.0699706564236244,1.4073965565649456,-0.03265997207708312,-0.006836936291776422,0.23376639372734062,0.9717200496092596
19.07393967488586,-3.0419353156289364,1.408069364019362,-0.03197576560504907,-0.008824534735838581,0.2369669881179268,0.9709512404988021
19.126245338334208,-3.0132408270885325,1.4088943580551887,-0.03182465690479613,-0.008501922009274646,0.2394329302493471,0.9703539444799838
19.17824513293197,-2.98383104706323,1.4099391082901533,-0.03453329737438071,-0.006716227675295943,0.24153282159482575,0.969754736299939
19.231404510162918,-2.953668244168872,1.4108709983567307,-0.035539879669158794,-0.004327128713081126,0.24405496935353793,0.969100288926293
19.28329671998279,-2.9253833767737043,1.411891405243507,-0.03525525131790669,-0.004569115553798761,0.24691047573740915,0.9683859818016702
19.334604561145195,-2.8959017922443966,1.4128661085738665,-0.03629394338151642,-0.006767200754278023,0.2495923576541988,0.967646947576084
19.38651363649202,-2.8655805130655523,1.4136481681775992,-0.03495213089272946,-0.00917715305944589,0.2523581662411058,0.9669588820227596
19.43924711659498,-2.835483030230273,1.414617193844509,-0.03251037711007863,-0.008751910745407982,0.2553806472859805,0.9662542110983022
19.4912176368506,-2.805286764882949,1.4158098544860946,-0.03026410717506009,-0.007375358775495832,0.2581614443892479,0.96559948223927
19.543618310346197,-2.7749573452282146,1.4165360572495747,-0.027382548758864256,-0.006232109548326667,0.26125591783705077,0.9648609854822855
19.594870761353754,-2.7446418903957195,1.4174945084382686,-0.025451554583897494,-0.005958701367610377,0.26471694488871367,0.9639718135179473
19.646317515550344,-2.7141126190181346,1.4184318972448062,-0.02212166212026845,-0.004274502130554843,0.2680556894522499,0.9631399176282119
19.697468207374666,-2.6821149140288574,1.4196840077426227,-0.023649352865694143,-0.0033990078697134674,0.27050138373149885,0.9624230679197217
19.748689670996363,-2.649398246603566,1.4208697561813133,-0.023472487672771273,-0.0030208470247352847,0.2725343841978834,0.9618549464306052
19.798780152921204,-2.6176215560560836,1.42174013988856,-0.023328389106842186,-0.004084175975067508,0.2752556099215692,0.9610793233900983
19.84898346095648,-2.5849309400548233,1.4226868356294773,-0.024678772598112745,-0.004408624827959089,0.27772126022904237,0.9603345421428503
19.899947503801318,-2.552243210967257,1.4229325675644446,-0.021488674196115318,-0.0037575557722688384,0.28052375133862373,0.9595991599671192
19.949399473468723,-2.5189280476189566,1.4242818584052879,-0.023454810012811363,-0.002721382270988136,0.28341665385915055,0.9587061414298297
19.999119025818114,-2.4856547369284723,1.4248353141805303,-0.02178014816545525,-0.003995864083910876,0.28559962824058127,0.9580931630353792
20.04864530464948,-2.4525938701412655,1.4251191701173873,-0.01990769518118013,-0.0025910823434458813,0.2885292578976346,0.9572605870334658
20.097357915778318,-2.418336593422218,1.425990297179136,-0.023394139947436075,-0.0024859387916749587,0.290265422517071,0.9566569550048416
20.145253307931217,-2.384776394354367,1.4268971367021557,-0.02587449115152356,-0.0011952797611494948,0.29176889343695905,0.9561380616910592
20.192557929836124,-2.3519098989829894,1.4270153177067204,-0.026831375495290345,-0.001278643769679531,0.2935178939900144,0.9555761057069526
20.24026694425574,-2.318480546260239,1.4270573773322823,-0.026906376729152724,0.0017323115565255611,0.2945057854524362,0.9552692775912622
20.28756130650758,-2.2846109295070685,1.427666117306316,-0.028056320436067147,0.0013669324404291254,0.2958358318365429,0.9548257053438659
20.33457512480449,-2.251340575351299,1.427732120987116,-0.026918733779874058,-0.001078760814320282,0.2968152156528607,0.9545548454561719
20.383399333107352,-2.2178618847137104,1.4282871475889358,-0.024488319496851662,-0.004211651859242928,0.29770364406288685,0.9543349137846633
20.430069770520554,-2.1862850649648307,1.4285366653553284,-0.024146874031221777,-0.004117611264395758,0.29757363196096387,0.9543845655989904
20.478360443457454,-2.151820070310073,1.4292654266340454,-0.024974218728858417,-0.003076339474479202,0.2968284708589518,0.9545992175176152
20.526162569738712,-2.118515583884667,1.4299698184385372,-0.025731559629114015,-0.0005370651581392285,0.2959487438663076,0.9548570185872238
20.575584817078347,-2.08494597237393,1.430064352703969,-0.02567036007840973,-1.1788562897491595e-05,0.2942180116211816,0.9553935304417088
20.624504240453547,-2.0518555807174046,1.4306307742541478,-0.026299616114695935,-0.00018406517106110627,0.29203433841021675,0.9560461462806354
20.671202710643716,-2.0198186461877996,1.43104049173329,-0.027959361216732915,-0.0032744946461243964,0.28902101342461145,0.956908774810756
20.717783823502053,-1.9870746400243302,1.4317513925138705,-0.027790021849432064,-0.005115631503342909,0.28526831401140795,0.9580310737049013
20.767196557012536,-1.9565757729614774,1.4327025736074388,-0.02718694027935794,-0.006236797709991316,0.2824705160417163,0.9588703779224304
20.81684989013347,-1.9241452951234779,1.4329928919814132,-0.02734623538460467,-0.0060303577289048714,0.27835908344156135,0.9600687674638241
20.865352671500386,-1.892465265657402,1.4336769348565768,-0.027114427151449454,-0.006351166271023691,0.2741722603520729,0.9612773046348391
20.916172677151405,-1.860264649235335,1.435391025787835,-0.02939794003585092,-0.004715029840231767,0.2702796594078364,0.9623213781849221
20.96632510246882,-1.8293206586054485,1.4364962107852435,-0.031136639712130126,-0.0016470368419475821,0.26580050454473464,0.9635236798575094
21.018076538614928,-1.799199033135225,1.4367896520400762,-0.03296844752500037,0.0010592261051208358,0.26202106631016053,0.9644982727162866
21.06965447406236,-1.7683346652218845,1.4368879116721907,-0.0332696382218404,-0.0012286931836034836,0.2573545902678957,0.9657433597776839
21.1218448869998,-1.7387172740590346,1.4370289415477409,-0.0327789898341036,-0.004720467312328806,0.25416822047364707,0.9665928635019837
21.173966107925185,-1.7095387415848697,1.4378148354213267,-0.031380692834323834,-0.007282004447789059,0.2505310868305314,0.967572427116068
21.226199363643026,-1.6807460015063844,1.438743499641963,-0.030207346637056726,-0.0067868625618715235,0.24710899128210792,0.9684929583617968
21.278912985641515,-1.651472231948269,1.4400293700664832,-0.030884018231753806,-0.005645389185114743,0.24355027119798967,0.9693799969822903
21.332702674273317,-1.623413641384936,1.4406105188931768,-0.030450208072790128,-0.004886193764495502,0.24081290839666825,0.9700814756851842
21.386377433661018,-1.5943187357786464,1.4413935207838886,-0.030334554542172036,-0.004300565783113498,0.23799765084111896,0.9707823861074193
21.439852491304702,-1.5661439004688376,1.4418879858444686,-0.031007287636045787,-0.0036451487155741476,0.2355346839612959,0.9713643391394429
21.493467615423686,-1.5379845866052395,1.4428284117643937,-0.03305198469686716,-0.0038198102196582637,0.23258024294982424,0.9720079183913324
21.550067214514513,-1.5082685031398095,1.443332928054228,-0.03416513649013181,-0.00447328874314092,0.23041971560905408,0.9724811028578846
21.606271352317798,-1.4800953646834252,1.4440706413718445,-0.03460090306485054,-0.004636959353081453,0.228489761051359,0.9729201943022484
21.661797279093868,-1.4518649237633934,1.4445232032516415,-0.035231890936479646,-0.005416867551593466,0.22653761500457018,0.9733499328390455
21.717918636798114,-1.4241929152585744,1.4449169734022576,-0.03645964401228576,-0.00610925671641538,0.22452715239927956,0.973766367484592
21.775248223570916,-1.3944182184751774,1.4458747102167244,-0.03544417442394173,-0.005858260859785801,0.22222905089883707,0.9743324069708672
21.831620351356126,-1.3669666964366094,1.4459602207091429,-0.03517679184649928,-0.005641813208446273,0.22067360593270563,0.9746968339043219
21.8887786907168,-1.3384121612518456,1.4478113321990085,-0.035312974922580606,-0.005234665173851381,0.21848677728114757,0.9751867063583042
21.945899368709785,-1.31011770394894,1.4488481068992636,-0.037086099825260566,-0.00494239632392394,0.21675633085903132,0.9755085254767859
22.000405400785517,-1.2839438005140966,1.4496251277935102,-0.037797527169145695,-0.004166766907250861,0.2145062816189909,0.9759820891768324
22.05668060527007,-1.2575845054188761,1.4510387097004944,-0.03864551382520312,-0.00456391330826102,0.2128284452203965,0.9763143681957094
22.11104343225067,-1.2311302009324887,1.4517369031997092,-0.03804826635083582,-0.005574562403366047,0.2109599149668612,0.976738028963836
22.167499962372798,-1.2052383763804486,1.4521506321409756,-0.036908655912780114,-0.005599944009238271,0.21012958146001945,0.9769605588267886
22.224159712651378,-1.1798961363345546,1.4531025560930821,-0.035757423423436296,-0.0027667716876941134,0.20937212672582795,0.977178112542443
22.280611215171795,-1.1546506907371068,1.4544618971939336,-0.0353831338410932,0.0017918460123038226,0.20899085866313188,0.9772756185347712
22.33762383911633,-1.1284676795494093,1.4546277633422449,-0.03525814805059996,0.004389595864001396,0.20857657784507247,0.9773604299340142
22.394936927834387,-1.1008300368320754,1.4547881213509655,-0.03440035669489835,0.004149582906474455,0.20793450218368395,0.9775288340274453
22.451522238955594,-1.0760362572892461,1.4547766974682883,-0.032121412133620054,0.0010473251927059265,0.20817575997474855,0.9775632841937411
22.508311087801097,-1.0491573069516598,1.4555764471663544,-0.03131098063796375,-0.0020904554778048983,0.20748742925575936,0.9777342213757433
22.564822225116934,-1.023703538286096,1.4561215252521205,-0.029872718673491,-0.0032950074043778576,0.20684418225700427,0.9779121913910449
22.62135916307329,-0.9973432201868815,1.4566911731465506,-0.028940053222361272,-0.0020838392278633407,0.2056162651141442,0.9782024727630207
22.67780167350522,-0.9721547743455612,1.457466307304685,-0.02734458803407164,0.0004405353962580982,0.20502751087741328,0.9783740597958359
22.733905031928437,-0.9474063229812839,1.4573851290416258,-0.025652742467474975,0.002144553730369793,0.20477920085142035,0.9784696343553692
22.79043643826968,-0.9217091159806978,1.4576097919905848,-0.024960884024714736,0.0038481672614843368,0.20434292033880555,0.9785735061795492
22.846075560801864,-0.8969671324707718,1.458012807865721,-0.024014204292887732,0.004619051474506915,0.20434352157985353,0.9785937432269785
22.901449496791006,-0.8742558406320171,1.4580062695534792,-0.02252918961797846,0.003498819940112277,0.20557540400649996,0.9783756666160487
22.956746927026817,-0.8488016434884558,1.4585252989477802,-0.02149228302561481,0.002809440074858682,0.20513555234449102,0.9784935360545399
23.012420962822826,-0.8246109943531192,1.458377496786131,-0.02054358144779185,0.0030625563551574314,0.20570388362456252,0.9783938364467584
23.06761259309962,-0.7999462167921152,1.4585678086618472,-0.019574590692981432,0.004811070421919521,0.20595395395665725,0.9783540542824615
23.122984875745047,-0.7744350157475877,1.4595726855762834,-0.01984327882009419,0.00585313663259869,0.20541219226616553,0.9784568494859062
23.179196280068556,-0.7494574426210439,1.4596204427399542,-0.01940622732802837,0.004910869829014467,0.20495355330023768,0.9785669735895607
23.23431783801631,-0.7241227434234858,1.4601010409819324,-0.019251295058352137,0.00424815146382018,0.20452037654288935,0.9786637626184436
23.289375415540594,-0.6998599049339393,1.4598005206379128,-0.018507012439364506,0.004625520838909593,0.20448137045047793,0.9786845535379158
23.344307604581033,-0.6745230081671028,1.4605584911284026,-0.0182501503980653,0.005987391427090009,0.20422726627260815,0.9787350558946326
23.39991468017144,-0.6492926144408102,1.4605140271766643,-0.01725359430609466,0.00673338196709283,0.20393030688094704,0.9788101955942297
23.454979376097832,-0.6251600391182732,1.460438792967926,-0.015025758848393692,0.007799498040738371,0.20444060014601387,0.9787325666173367
23.509074310597303,-0.6011368401008754,1.4605362092946415,-0.012281700407399065,0.009270938070039746,0.2045782880679417,0.9787292475710935
23.563291154070583,-0.5771503952192556,1.4597668512772835,-0.009149455698670646,0.010432554694399424,0.20476002476691604,0.978713839741128
23.618207035325714,-0.5529566785767301,1.4594648900572857,-0.005724213260704714,0.011463155688730482,0.20495779377144488,0.9786869363576707
23.672600678427855,-0.5287318848268487,1.4595523058383648,-0.0053027408904793094,0.012839470850718722,0.20566270525181637,0.97852434318146
23.727415842900978,-0.504635142625169,1.4592724927443854,-0.003301211891199185,0.013921036745257303,0.20676801033460074,0.9782853835974678
23.780958617622343,-0.4803928323970219,1.4588031983176453,-0.0028211379981784345,0.015145659837545518,0.20743453301005454,0.9781275758313275
23.83328813459468,-0.45637018316307376,1.4581884827499965,-0.0027585990450631434,0.014973386727813396,0.20819815412799503,0.9779681579690443
23.8855214609291,-0.4327328238015744,1.4581273948160691,-0.0023048557978851913,0.01540854770789398,0.20908432808611155,0.9777734953628187
23.936960233452577,-0.4091749763440218,1.4574676340153339,-0.0010872329008651622,0.01588855572289826,0.21014429937112042,0.9775406706927292
23.98756560059956,-0.38607044253466105,1.4571099877663984,-0.0007626155411084279,0.017494989907563183,0.21107441715458528,0.9773131194220367
24.037534401864555,-0.36206220008178214,1.4564636264110362,-0.0023478551075313482,0.019310244642078284,0.21128876551915723,0.9772300879771713
24.085524348493426,-0.33928043930927654,1.4561737592148725,-0.006022401095574413,0.022041871627857514,0.21117960293187646,0.9771801635544863
24.13301171997895,-0.3169505290922636,1.4552882774258293,-0.009983485014404167,0.024272639966784054,0.21092204723281768,0.9771504806445346
24.178942801651854,-0.2950161385970995,1.4543250101899021,-0.013147986530690284,0.025008241260303904,0.2105689951016918,0.9771706175436088
24.22416661177372,-0.27336051054763466,1.452972586525064,-0.016973578588545115,0.02511943748376242,0.2101746539515844,0.9771937047006867
24.26891700985918,-0.25295611344136226,1.4517436405259296,-0.019677562520698987,0.024698943333783245,0.2100133186863273,0.9771883904331348
24.31324328179617,-0.2320373546576633,1.450567022287725,-0.021315637864467153,0.024048082527150766,0.2093175786164624,0.9773195384172759
24.356066645141663,-0.21100585688338125,1.4492206599579696,-0.021460811487368385,0.023005784481339154,0.2086404130842153,0.9774862421877382
24.398168456689493,-0.19188369072539402,1.4479277060691942,-0.02156714567577648,0.022143389346209515,0.20835028233490263,0.9775657002328546
24.440692527161502,-0.17260827424428804,1.4467642624589772,-0.021010055352404265,0.02219347376290047,0.20812810535678808,0.9776240187092412
24.482459497578752,-0.15320866379782316,1.4456617826386449,-0.02145915264766805,0.021916346673097806,0.2077552459875284,0.9776998153351778
24.52331704865074,-0.1348223433258795,1.4445146392030033,-0.021810939377242926,0.021678484819630216,0.2069285662254469,0.9778726334458477
24.563385000316075,-0.11709352284881369,1.4433234776203037,-0.02217394143253041,0.021802469580264577,0.2052232615483222,0.9782210342501932
24.602691443310924,-0.09944936968077922,1.44217024849506,-0.024032715417248395,0.022245513197416657,0.20236270436865972,0.9787629475474049
24.640905529316626,-0.08339903541457261,1.4408476518832316,-0.02413856195205358,0.022564522751941693,0.1991247850209,0.9794169099430339
24.679499457820707,-0.06699328525235515,1.440197612167097,-0.0259194979020298,0.021713950644421928,0.19595934850485747,0.9800288896900506
24.717027094040425,-0.05053777389655334,1.439592483264402,-0.026352988284867967,0.018945233189377547,0.19216718666894145,0.9808253517463529
24.75435372495767,-0.03537721610340583,1.4388260411637006,-0.02738543795236938,0.015762051912754295,0.18821031399607552,0.9816203326652668
24.792832688964282,-0.019553590746557603,1.4375819805800845,-0.027963827655089493,0.014007912135712102,0.18303235841470283,0.9826092550813958
24.83136925406682,-0.0049371878304693695,1.4368700027892842,-0.02915402016064253,0.014691132979732563,0.17713079084488964,0.983645713954537
24.869851062111007,0.009664723150326182,1.4360455972120683,-0.031172705855204416,0.017837549471526857,0.17106701023447235,0.9846045741056738
24.910356303901807,0.024538210446035436,1.4347164384485147,-0.03132803300615852,0.02031859370952119,0.16518049912415853,0.9855562419045558
24.949913210630996,0.03711132330555955,1.4337104108755039,-0.03132899515404328,0.022391547188158476,0.15974483330067699,0.9864069689973591
24.990190094280624,0.050052076058008765,1.4322511056160572,-0.030875723291648133,0.023052870221276216,0.15419642207069678,0.9872885682915419
25.03098562279117,0.06276048876481966,1.4310577465629457,-0.029606781741292252,0.022400163003391066,0.1491436888981994,0.9881183278885807
25.071988709359506,0.07490395224693103,1.4300864097930006,-0.027018089205431976,0.02065785016375342,0.14495463496748545,0.9888535904180271
25.11379354035337,0.08684082444560559,1.4283914263627224,-0.02377836249825592,0.01856068247287352,0.14152633868393222,0.9894748084474339
25.15611608613343,0.09910894153751837,1.42712832027091,-0.020244635308587732,0.018338659390854023,0.13821483869776666,0.9900255077018889
25.19869040936915,0.11126703602743504,1.425426636723767,-0.017751093650410145,0.020828452719597115,0.1354949753728312,0.9904000108019407
25.242005022639066,0.12301861373315148,1.4237846541537724,-0.017511457809690382,0.02825722255871232,0.13273300885002026,0.9905941777894625
25.284952048302678,0.13481191820658722,1.4217393087295074,-0.019319245959244193,0.035710193665434604,0.13044627146056717,0.990623698549589
25.3294760084514,0.14745521987243482,1.4201299533040252,-0.02212890581422422,0.04286075296333477,0.12749468794291402,0.9906656202778824
25.37197419897293,0.15864431926617328,1.4167347815849656,-0.021475081764183394,0.043814217546843795,0.12440329960780863,0.9910312583691665
25.416817444701152,0.1695508938043897,1.413263167744617,-0.02198500973226329,0.04287444464027028,0.12212841960623842,0.9913440859208158
25.46173700117485,0.18051798486622594,1.410232208789603,-0.021544496125835852,0.042685237835366166,0.11911649858554112,0.9917283234675842
25.506172619898308,0.19055381949609718,1.4070264164116502,-0.01919700149781615,0.04496889710797102,0.11625239176311088,0.9920154557538204
25.551709813299617,0.20085222437788985,1.4037226439707746,-0.018072620234585137,0.04794052380173315,0.11318247031795607,0.9922524002956347
25.59746165218421,0.21024599684059542,1.3996489385082072,-0.015356399497901305,0.04996883429705699,0.11039430451083047,0.9925121692300581
25.640612194466563,0.21955246085615165,1.396448067957956,-0.014046736348227465,0.05100967020849893,0.10786319684542625,0.9927568829417193
25.68519882220795,0.2288331852016796,1.392912935987212,-0.01306996012980401,0.05032093503245371,0.10507368888039686,0.9931044809179457
25.7280050348118,0.23850916799374033,1.3893368904747554,-0.013010889162429491,0.04998722958786853,0.10177764889046428,0.9934653066299655
25.771334919712004,0.24757507545981028,1.3858898728068727,-0.013186568401334363,0.049889515858050786,0.09824579858386799,0.9938233849282192
25.8147077135867,0.25536953028105813,1.3826498632700828,-0.013921086739700017,0.050339791461139656,0.09431200667352788,0.9941716891908254
25.85869575590739,0.2635193388370478,1.3794918017487259,-0.01334145631300536,0.0504429265291369,0.08951831825798877,0.9946175126559432
25.903412713438726,0.27150158378969635,1.376135819025654,-0.0125223785136877,0.05049647323149301,0.08402324950152561,0.9951047138484277
25.947249236725444,0.27872758803729525,1.3729361678930267,-0.012038103266081512,0.050753339728343144,0.07885387297070028,0.9955205951339268
25.98741077703698,0.285186944625627,1.3696236650723108,-0.012435876881845985,0.05141997421308232,0.07346977827872286,0.9958933235930422
26.027268930969008,0.2908802929122434,1.3667578588814564,-0.010671159908496848,0.05051337367241455,0.06787673491085917,0.9963570041220596
26.067486239418763,0.2953423072051278,1.3639376936596523,-0.010292279089363183,0.047956036025804345,0.06289321190180999,0.9968142951371785
26.107813356508878,0.30009685370517447,1.3609934556870797,-0.012726250816756062,0.043061181318474535,0.05698324472333348,0.9973648712226209
26.14786562875583,0.3048853550901258,1.358646207137693,-0.016434021377730517,0.0391241782878423,0.04961421231696268,0.9978665526767347
26.187711103444876,0.30789986897537425,1.3561626140645808,-0.016785203123882007,0.0359733662582118,0.04155939419843051,0.9983471308661184
26.227524383207594,0.30980611297183014,1.354527628606852,-0.015333837419039683,0.034588038462414206,0.03216361051066917,0.998766257257599
26.267784659278732,0.3117276033235079,1.3522950989235774,-0.013467352709562924,0.032174117040592615,0.02182913855138066,0.9991531138751039
26.3072432239318,0.31165697286596794,1.350589227402009,-0.011093710479844952,0.028852003714354778,0.01156210144654005,0.9994552514357687
26.348042342323748,0.31150541976325075,1.3490758291956217,-0.008429196000658883,0.02519099711758985,0.0011984375956048258,0.9996464074368256
26.389532446270707,0.3100475245291985,1.3478337957434803,-0.004697306184442522,0.022847086418968,-0.00886874356224206,0.9996885992022068
26.431347165292564,0.3085025672556764,1.3465244051875738,-0.0025947002645852657,0.022248003448574295,-0.018459866832175504,0.9995786777685803
26.475383576491463,0.30603603304074867,1.3449415583725843,-0.001614287316509156,0.02412099797220903,-0.027491475733582568,0.9993296701100319
26.518252183484623,0.3032468776719148,1.3435410613882859,-0.0019527045957290793,0.028250867061613127,-0.03508883175495787,0.9989829106468183
26.56172310986407,0.29956936575994225,1.3420756573075696,0.0005201055570030202,0.032675232916088176,-0.041531273972733,0.9986026358712704
26.604675282059127,0.2964403646435933,1.340169303886632,-2.535511443721912e-05,0.0355007436046477,-0.04676934045011356,0.9982746707868428
26.648433407677395,0.29267800709770253,1.3382586120740698,-0.001130493859935468,0.03652162886946922,-0.05092770985146351,0.9980336914386194
26.692785384304756,0.28827541947813673,1.3361701003064148,-0.003392648457845568,0.03787632990593028,-0.05462964216926284,0.9977822746193459
26.73687991974905,0.28391302727891354,1.3336969363372413,-0.0034111106462515616,0.040198051583450696,-0.05868051226587121,0.9974613226297299
26.7813388013884,0.2787990187019309,1.3315806468956843,-0.006223244811208773,0.04132229219079684,-0.061947492113948406,0.9972042176899387
26.827262995476637,0.27353103503382004,1.3302480983940521,-0.013435887917810687,0.03637065001965863,-0.06529541129593731,0.9971124115218974
26.871032754133324,0.26796148790483576,1.3289648970092207,-0.016705650375834963,0.027259851174924174,-0.06771657543127728,0.997192203495095
26.915135437623626,0.2619016477738181,1.3270681404328828,-0.01693717711076737,0.019437798268744408,-0.06972851073983198,0.9972327881788724
26.95880902402616,0.2570542013386774,1.3256932191009767,-0.01999566058984209,0.019690797468268628,-0.07193403624683758,0.9970145065128451
27.004288590106793,0.25201938394891243,1.325170626199922,-0.02342787080583975,0.025716472603031493,-0.07237880766649016,0.996770337269749
27.04971650558128,0.24645508000711835,1.3241779171271286,-0.024375157328064823,0.028186494052371402,-0.07152002288328642,0.9967428224404199
27.09262893520625,0.241201298335862,1.3244400207257474,-0.0267453518575086,0.020723425712778305,-0.07028497351467738,0.9969529877773096
27.136175846601247,0.23642947202036613,1.3239600525862603,-0.029141562271969824,0.008387871568112422,-0.06875404952823522,0.9971726502329266
27.179076843670554,0.2311699960798217,1.3236974169474554,-0.030327668290595616,-0.0009210763174305383,-0.06560815821267751,0.9973840546804731
27.223428656854857,0.22664356742116532,1.3236506547779978,-0.03241549492005908,-0.0001546648814328753,-0.06356328344469692,0.9974512162863679
27.268504196575797,0.2215882072366,1.3247573030118431,-0.03420261701529633,0.006450057978214799,-0.06173258489101812,0.9974856655744887
27.31122405278659,0.21771707840219534,1.3259878672814196,-0.034875731504186554,0.010272980837098945,-0.06105985670479665,0.997471727649357
27.35357477158806,0.21233106598911622,1.3264289453139977,-0.03238711253188138,0.00805940046163689,-0.05948563813192293,0.9976710752313199
27.395006447585857,0.2079138096724633,1.326960071328422,-0.030869126721400027,0.002941325307946963,-0.05791140293077546,0.9978400238140525
27.43831328374864,0.2039749095409693,1.3278220115609782,-0.029610262282464665,-0.00044335253331438006,-0.056707498283290525,0.9979515478067967
27.479284656722303,0.19958513767536745,1.3291111147106056,-0.028327539514748246,-0.0012824668302506344,-0.05544766904548243,0.998058849046398
27.51899720950745,0.1950589657480375,1.3307478470622502,-0.02683999452629648,-0.0033844263217731015,-0.05527159588050154,0.9981048178976255
27.558208675826116,0.19078205601535814,1.3318693720455208,-0.02719233618643413,-0.006533667718267611,-0.05548738806155353,0.9980676577918098
27.597171891150975,0.1860620975747953,1.3332386304130743,-0.02832247986189097,-0.008912470020637086,-0.05550744568853959,0.9980167003631353
27.636346375363416,0.18252562639403358,1.3347451457109152,-0.030800058443490805,-0.010459839347412623,-0.05668008620731935,0.9978623788889144
27.674469293730596,0.17973564088590877,1.3371388500682997,-0.033746027369047624,-0.01134905967977936,-0.060266401378660295,0.9975471738664854
27.712706890930207,0.17494957634934138,1.3389888560003094,-0.0352862084125852,-0.012154065680866645,-0.06651715916499547,0.9970870731151846
27.75073512134475,0.17014506691590947,1.3409561488708412,-0.036693480341194865,-0.013104760531055745,-0.07491381120418894,0.9964285044931329
27.787844430200185,0.1636523447521805,1.3427809577203504,-0.0352282896005906,-0.014068978998192065,-0.08405556679209424,0.9957387628234894
27.821486652857143,0.1564147515798009,1.3452206459511444,-0.03314422208022205,-0.013799461406127898,-0.09289653436482627,0.9950282737534312
27.85568674893507,0.14849401659349093,1.3470279146945767,-0.03135316667781308,-0.014694136419903343,-0.10155598655659766,0.9942270552381077
27.888743869845484,0.14182962949243993,1.3492383465119744,-0.03010257453821633,-0.015424937331606886,-0.11020367507455839,0.9933333126103849
27.920264557099603,0.13317225037347535,1.3514324309285595,-0.02921644597801509,-0.015838521609124426,-0.11869211972400183,0.9923747854615755
27.95069784345145,0.1242030934457361,1.3536978715974293,-0.02987943039990701,-0.01542191928299649,-0.12721167175682202,0.9913054923823672
27.978867613444024,0.11771429258974564,1.3553681979079357,-0.030891122928759243,-0.014639245045315243,-0.13684529227589257,0.9900024187535302
28.006476258106282,0.10929405771328815,1.3575833073342949,-0.029684543370178246,-0.015014925610806636,-0.14614754783585224,0.9887033322626443
28.032558091214064,0.1002836819357722,1.35959782235658,-0.027491656472832308,-0.017955695621763215,-0.15408536007552273,0.9875117687538091
28.055866669864013,0.09177033370055865,1.3618620670512485,-0.024613259968656535,-0.02310597294728847,-0.1619469869744305,0.986221821410222
28.077666830323547,0.08340309159035765,1.3637761079098498,-0.022627039827968837,-0.02855514831325154,-0.1691773473168883,0.9849119992327259
28.098186331085998,0.0752901648428469,1.365487286881665,-0.022274125723620832,-0.0330331985705445,-0.1749968592249214,0.9837625581383287
28.118801546468802,0.06789327351938634,1.367118408687615,-0.024564513142004498,-0.03595239223599396,-0.1804348835743372,0.9826226455879612
28.137757515259473,0.0605987927730931,1.3690438311216226,-0.024162217693605027,-0.037842262439115516,-0.1850751224048704,0.9816981962469713
28.155821552454103,0.05302092541322345,1.3710403725404028,-0.022119191961188778,-0.03889951954644341,-0.1890937978053536,0.9809388937063728
28.17293597391972,0.04491643795072253,1.3728387562041924,-0.017652145397546365,-0.0393800203346064,-0.19195195215235453,0.9804550337116984
28.19044652318378,0.03773689208869779,1.3747626367953387,-0.01362116236634797,-0.03908741942073197,-0.19467959581187555,0.9799931120995367
28.20673640649987,0.031061414102343754,1.3764916953884399,-0.014161617389586845,-0.03807501035450649,-0.19727171410413805,0.9795068224405954
28.22144354297201,0.025451775491396544,1.3783474023270337,-0.017037125913743782,-0.036878534992933545,-0.19971878609454116,0.9790107859990502
28.23714287838211,0.019668397642806035,1.3802909288356044,-0.019927608300121014,-0.03548968140880344,-0.20143190746602016,0.9786565073895291
28.24984991591369,0.015036723095509075,1.3813776180826007,-0.021151232182231576,-0.03455307473338337,-0.2031728868224151,0.9783043928444687
28.26066157627984,0.009841296822903911,1.382401682820424,-0.020282649079972164,-0.03544124160426793,-0.204141798142401,0.9780892911005156
28.270322405720187,0.005225084487751275,1.3836696151680155,-0.018276545568968267,-0.03655222163268815,-0.20499452688497324,0.9779095781169883
28.280203087320714,0.0004427561074438202,1.3849527717415029,-0.01599171585398616,-0.037510086836268504,-0.20508945206250984,0.9778934411854584
28.28860230017029,-0.003524385293518062,1.3859597903182097,-0.015421032961306529,-0.03886486884213862,-0.20460262713345723,0.977951671550564
28.29732168885261,-0.006964893306303566,1.3872139365222154,-0.016401629792061542,-0.039719138317748565,-0.2037763618205674,0.978073911277189
28.306001964659096,-0.010867164854934552,1.388021047546454,-0.015123400422686006,-0.03972372842421899,-0.20232345202272128,0.9783958925253767
28.31566658791793,-0.01582879319879993,1.3886604838741015,-0.010601217803674179,-0.03842276019696642,-0.19971055046304179,0.9790439207504003
28.32447782901152,-0.020107593740541607,1.3892625910298833,-0.007652423237314095,-0.03776029796022549,-0.19694488603866767,0.9796572438728777
28.332993732359164,-0.023757292450432232,1.3899393831704452,-0.006678866940233653,-0.03880559563647943,-0.19470377453718685,0.9800713938378919
28.340314121857276,-0.02636928565772667,1.3912365611864783,-0.008388012348105356,-0.03930692712154382,-0.19286813781595305,0.9804011849760219
28.348943901462455,-0.029105324825473122,1.3924371233497328,-0.010328274534120432,-0.03964715126023585,-0.1905992087992486,0.980812612776281
28.35722321957153,-0.03191248081008258,1.3933567168196177,-0.01182886730327175,-0.04035219778390514,-0.18787887241466003,0.9812916497788307
28.366884101920608,-0.035527258872347645,1.3941875989185473,-0.012116203935980474,-0.040625513162956164,-0.18478552916181704,0.9818640807143794
28.376771437505486,-0.039025391958280586,1.3948105620915694,-0.012406664186022516,-0.04061713606648442,-0.18166280140923907,0.982443359928794
28.388704344096105,-0.042167064403420884,1.3957395059439044,-0.015469882924629728,-0.03928674249093505,-0.17863588755384116,0.9830088748240211
28.401367919261666,-0.04531230336674863,1.3969095000355125,-0.019377894211547793,-0.037524605325285974,-0.17435974276536528,0.9837759253734438
28.415012510457995,-0.04894366351516388,1.3981847708082409,-0.02225202198478467,-0.03615298478300928,-0.16995800371330116,0.9845364831743886
28.428332522129004,-0.05360969917476144,1.3999065002342803,-0.020418012275809264,-0.03515989508305776,-0.16518342506179512,0.9854244435845596
28.44280015315921,-0.058710021551975355,1.4011574792127846,-0.017114097693809067,-0.0348546039507318,-0.15937638986868619,0.9864539717658732
28.45645131610248,-0.0628576170276709,1.4026112428332471,-0.014809392096500305,-0.034341421637133926,-0.15362600135784013,0.9874210836167555
28.47229188550205,-0.06715154900258602,1.4041339673238813,-0.013146471354721094,-0.034307175223955905,-0.14599729428132163,0.9886025370169191
28.48590588994723,-0.07082623306449243,1.4050414015251373,-0.012199467129579812,-0.03480025286414039,-0.13804138870297564,0.9897397101807582
28.50274129217485,-0.07464761753966442,1.4065845406359374,-0.011795379139679745,-0.03407543833996972,-0.1292886370157261,0.990951150759841
28.518006971716936,-0.07712132594816634,1.408291659086606,-0.011646977025155762,-0.033687893810237846,-0.11915528079366933,0.9922356030675668
28.536219612555907,-0.08041231244104813,1.409902525524945,-0.012028084163768027,-0.03376133582838521,-0.10835713763054905,0.9934657641047345
28.55300749859484,-0.08197002564592415,1.4113146815746003,-0.01307159446327794,-0.03455750212024117,-0.09778134296735329,0.9945218492589541
28.573197983160057,-0.08388299285453105,1.4126154078679551,-0.01714138407476545,-0.03601337420503495,-0.08656828366542929,0.9954472107803116
28.58935485781911,-0.08420065067766558,1.4142095064228641,-0.019766777839804395,-0.036986055310088084,-0.0755442137732869,0.9962601990099934
28.6103293879005,-0.085719623461469,1.4160308610175392,-0.02136305027558335,-0.036652312458731864,-0.06278631345982955,0.9971249273065104
28.630303730671834,-0.08619205731353041,1.4177743088997499,-0.019737346394969508,-0.036012238154329704,-0.05056599255473185,0.9978760574987008
28.6524948458429,-0.08679832798678921,1.4196288958610346,-0.01874011291912391,-0.035345309820401204,-0.038051021209444064,0.9984746564897139
28.674769379985037,-0.08643850226903016,1.4211059918105526,-0.019567238206070852,-0.03510202371133304,-0.025284308153778755,0.9988722104102956
28.698865825208237,-0.08554325206066005,1.4228595807371849,-0.020337314526741285,-0.03488174501353658,-0.012410017389389572,0.9991074244302669
28.722595205800175,-0.08373156329792275,1.4251056981704684,-0.021163725344286573,-0.03443501567360602,0.0003440691478827257,0.9991827695093547
28.74895802120792,-0.08222722536617977,1.4270130534562737,-0.020973887563572005,-0.03457240128417114,0.01313838702704237,0.999095701585331
28.77591879279713,-0.07947324181697457,1.4290433426601532,-0.02076822366135087,-0.03426880064774124,0.025050046656121126,0.9988827946649617
28.804373206186682,-0.07631039213066293,1.4310044861416884,-0.02051030381591288,-0.03389853768263982,0.03603935900062336,0.9985646660881475
28.832636069928004,-0.07192980946973826,1.4332609322308656,-0.020713509787163794,-0.03354071547323751,0.04599387075022624,0.9981635785037292
28.863202811038395,-0.06761469951859245,1.4353935781535982,-0.020549500830103845,-0.03344282396122908,0.05552709076483684,0.9976853464255449
28.894545504470823,-0.06205278807945369,1.4376535043216965,-0.02089571165231431,-0.033439687392712344,0.064375947452153,0.9971463793695492
28.927598955555744,-0.05659109579844368,1.4400655167363716,-0.019801653466137353,-0.033239771980991394,0.07345289627047648,0.996547879685689
28.96049394015184,-0.050564207749604684,1.4423927150245195,-0.0185259414006651,-0.03285409133567321,0.08248883901064422,0.9958780017648099
28.99450855627621,-0.043490244411326096,1.4448237329052631,-0.01661503278246001,-0.03268600104182588,0.09175529706070716,0.9951062861660617
29.02974945791889,-0.035246684735064204,1.4470738530872485,-0.014877515504918983,-0.03255654756330955,0.10086798703520838,0.9942556887965797
29.065555457561064,-0.02658332708896627,1.4497444865604052,-0.01499201842145724,-0.03264744736462393,0.10959952345241873,0.9933263970472646
29.100972827522718,-0.016253673490488674,1.4524207950048016,-0.015982335698136528,-0.033156418956946314,0.11710927463064609,0.992436715613946
29.139053596225153,-0.005743131026220483,1.4552706706539187,-0.016711872961937282,-0.03322069047952955,0.12427261821802082,0.991551022371503
29.17682301280106,0.005477221127530907,1.457685978294144,-0.0173253043793404,-0.03253706158851711,0.13070741471434053,0.9907354558021064
29.21624568937423,0.01716591435395276,1.4604711828601626,-0.018086754815752882,-0.03165631850615069,0.1360047256399882,0.9900370971274872
29.257595875513438,0.03011143027293639,1.4635813482382432,-0.018560708449212437,-0.03011622696894831,0.14039346327542654,0.989463588931855
29.298865880514644,0.043372148643387676,1.4666746373789152,-0.018981474031486124,-0.028938025871815116,0.14366267773061409,0.9890214010561424
29.34208686465575,0.05710477455207241,1.4696434099807725,-0.019542768763003,-0.028792136559482567,0.14645277945200275,0.9886054159470629
29.38431689815232,0.07145655255003158,1.472277192139682,-0.02034057765510419,-0.02856086991232421,0.14816999062504174,0.9883401197307156
29.428876981442304,0.08444811823733878,1.4751076962010856,-0.020995634083017425,-0.028578138496492687,0.15005904413075563,0.988040864681406
29.473246631094334,0.0993263357646289,1.4781236511827025,-0.02143826124627755,-0.02894312349573395,0.15132591923400973,0.9878274984165423
29.518445384513093,0.11391469808880395,1.4817012734795583,-0.020857625612758335,-0.028843334676371513,0.15299682099488982,0.9875854334512905
29.565304504905974,0.12971253397501759,1.4843316782122784,-0.02026918333094283,-0.02962899541902813,0.15439269461237243,0.9873571712078542
29.610500549068696,0.1464515892814124,1.48745009719811,-0.020017812541189624,-0.03015150004255606,0.15554447119133194,0.9871656959567454
29.65864204830774,0.16284043867027753,1.490971586046589,-0.019835094023727465,-0.030714904377717928,0.156893188463302,0.9869385369559738
29.704897032973413,0.17808068194250593,1.494214303662094,-0.018985207618671025,-0.03144826391328845,0.15831052576918989,0.9867058059193721
29.75364264277154,0.19471654375612668,1.4979335003224463,-0.017614131402687187,-0.031441077269649426,0.1595585643745699,0.9865304191793938
29.802473474509625,0.21273154835801034,1.5012311896120778,-0.01667185408505696,-0.03161765604217007,0.16043218552200098,0.9863994534828013
29.85245127202602,0.228682349551927,1.5050911730138736,-0.015541920277676122,-0.03159019591207833,0.16175972341061937,0.9862019599822934
29.902047586216703,0.24693739156576144,1.508430295485411,-0.015998475288708847,-0.03319581560397699,0.16249870222363555,0.98602041600149
29.952906526858374,0.26479670178642667,1.5126149893829535,-0.015234139133947472,-0.0344692863042175,0.162933112677411,0.9859171398255104
30.002207388113185,0.28356023615441606,1.5163337128070289,-0.015139579184219031,-0.035932679636161806,0.16276054852862049,0.9858948464091863
30.054559022356557,0.3024094160091835,1.5207199164366294,-0.016584428211526538,-0.035359368183540976,0.1630004378035881,0.985852691581787
30.105619823937406,0.31967494295736,1.524185543883771,-0.016618754797627443,-0.033991728896084025,0.16327124852433672,0.9858554122776239
30.162248794451383,0.33805894822433546,1.5289816696300136,-0.01683836969318597,-0.032853973955624,0.16407281346340305,0.9857571677257665
30.216637299959878,0.35694105019331435,1.5327972816748456,-0.015792210364570167,-0.03324212809667907,0.16442305290735795,0.9857031173325098
30.27079931938615,0.3756792907987241,1.536782184335955,-0.014516173334855253,-0.033412165733550214,0.1651211316866091,0.9856002841528337
30.326669465317924,0.395153292003684,1.5409757265746435,-0.013010418678825823,-0.03355751706537053,0.16548468020761728,0.985555395209715
30.382977224057278,0.41530444749065276,1.5457558093971215,-0.012316018563710139,-0.03295533625168733,0.16640383318917745,0.9854298646512165
30.440714063194935,0.4357900164849161,1.549965256775124,-0.011452304726005825,-0.03292068875021033,0.16684213995970373,0.9853673277728873
30.496835071181067,0.45569368426872514,1.554326519360309,-0.010824821770139414,-0.03267309000802907,0.16724820821426326,0.9853138231171188
30.55342310435766,0.47664080878568127,1.5588920281458485,-0.011215265581745982,-0.03299561004685893,0.16750073086793538,0.9852558085680052
30.608732889477643,0.49743948203231325,1.563100400042682,-0.011673612834044401,-0.03384383348062239,0.1676611084909234,0.9851944328368611
30.667104783927613,0.5180422885823108,1.5678472247877977,-0.011890866869123834,-0.03344284645280934,0.16827271102879554,0.9851012502710953
30.72665732973352,0.5393960865025529,1.5728258847461625,-0.012031286834152905,-0.032754073835161955,0.16836664911132107,0.9851066353001816
30.78526699276821,0.5617652206505475,1.5779400715087135,-0.014523607012249494,-0.03276101700577154,0.16747062818611422,0.9852255446697958
30.844130428053255,0.5839092037442054,1.583024671320576,-0.015538636860493572,-0.03364496060362045,0.16590614330974043,0.985444933094069
30.90396377291352,0.6053622010838127,1.5876608224622224,-0.016683575428536813,-0.03519421164820647,0.16354778782858745,0.98576628291047
30.95976632649312,0.6255560871953607,1.592334432348526,-0.019118956426852716,-0.03682207527478953,0.15973869970527865,0.9862870538299713
31.02299807975587,0.6483691461589984,1.5973035926384327,-0.022065391427696094,-0.038804238824628565,0.15415034854164716,0.9870385057364723
31.08160228116072,0.6685145549884015,1.6026337093369492,-0.024095069834079587,-0.040238945458681924,0.1474806579398042,0.9879522793838962
31.14111794832439,0.687249622983487,1.609115724377716,-0.0262745023066637,-0.04026881154773693,0.1399497011920951,0.9889904764356199
31.207656248450405,0.7065837722791279,1.6140640069408576,-0.025907361844648244,-0.03982079736553634,0.13180623298783822,0.9901364671206623
31.27219845780286,0.7242298179379469,1.619407502992896,-0.027137991971336255,-0.03856681877604299,0.12297737164499849,0.9912884010150087
31.33173258328474,0.738777611969752,1.6248568913730352,-0.027291281384193882,-0.038603484385966925,0.11454296668677535,0.992292729001488
31.394877361705248,0.7549754241507083,1.6309240753123717,-0.028257868994674164,-0.040070070235614444,0.10483815755372994,0.993279839503133
31.457787915081802,0.7682251390791031,1.6370319787499312,-0.028986886140365712,-0.04218287743326113,0.09538418052783597,0.9941238446871082
31.522808501582553,0.7808929768735355,1.6433765542455774,-0.02856828810966941,-0.043140228755533146,0.0848649829967983,0.99504808629596
31.592213394947848,0.7952150954890684,1.6498007534800614,-0.02864099751423642,-0.04229839638645692,0.07336060298830976,0.9959963657421044
31.65781293504642,0.8046019442454613,1.6567304526839406,-0.027833642057487687,-0.04149837522302904,0.06171771048463834,0.9968420621159929
31.72652366485403,0.8127606493836392,1.6628907108372708,-0.027854936049709386,-0.04393570737439838,0.0497951050770638,0.9974037307878116
31.792763729171114,0.819237594498329,1.669247806261943,-0.028475004953806338,-0.04752661863323795,0.03664330082532554,0.9977913919564416
31.861266894368278,0.8240290286302683,1.676301315344225,-0.02855203642456915,-0.05026661635451525,0.02332637986646559,0.9980550717131077
31.92892961939389,0.8281991591636109,1.684853987096064,-0.031773017546052176,-0.052579939658933594,0.008320878862370323,0.9980764515295988
31.996550319978418,0.8282107011787891,1.693041693840044,-0.029394131075483734,-0.05445432123117483,-0.006588936911694514,0.998061767885058
32.065611411423895,0.8291637462213188,1.7023959984045867,-0.031691773876461465,-0.055586858458020375,-0.02223484401092051,0.9977030301757966
32.12864566528511,0.8242440002381706,1.7112238592789382,-0.029767592885043385,-0.057500646144636014,-0.03552890992301075,0.997268896101276
32.19792239876985,0.8208717876824849,1.721036737626921,-0.029244929464831128,-0.0601364675210557,-0.05023252018787153,0.9964963809807537
32.263679396549655,0.8126653413002076,1.7299004221202505,-0.02673817259944768,-0.06279475924643203,-0.0625050555216353,0.9957083012419015
32.328338178231526,0.8036100786756268,1.7394113324116844,-0.024900708255185564,-0.06351858207895857,-0.0740828045045933,0.994915613305255
32.39220986025818,0.792633104370557,1.7491061341592484,-0.02401626267360351,-0.06400374941548617,-0.08464222751866242,0.9940635936099059
32.45526962890148,0.7808243598415796,1.7589341950733939,-0.02466943976122328,-0.06500372370892298,-0.09518811676112454,0.993028277001746
32.52119866979653,0.7671261244467189,1.769263128336739,-0.02354712403217744,-0.06658380754501694,-0.10547757887212589,0.9919105879270932
32.588380669174555,0.752624448992524,1.779321567604196,-0.02268592749124189,-0.0671975772524108,-0.11578005350391411,0.9907395317704722
32.656814588448526,0.7358712934679374,1.790312008852407,-0.02075788504630325,-0.06563066160417982,-0.12458672469404475,0.9898181017749494
32.72053312629377,0.7183785625509396,1.800523108421423,-0.01766900080892317,-0.0652173082756719,-0.13053475594792666,0.9891386120333344
32.788496845069005,0.7010130784733448,1.810630681461225,-0.014947915489956862,-0.06707682334392143,-0.1349172237036424,0.9884708433771575
32.85685313821739,0.6808969862199774,1.8212197206362184,-0.013414257651530257,-0.06892920030596698,-0.13737245964471317,0.9880271404000031
32.92359363159126,0.663719749127301,1.8318994658658774,-0.01389103512217101,-0.06911719875523882,-0.14000305759734274,0.9876380908360645
32.9908920132696,0.6433991897608049,1.8429996536549496,-0.014011428451981944,-0.06923786057125783,-0.14097275854574812,0.9874899942156736
33.068950624598216,0.6222969957766473,1.8556666787520104,-0.014599716795770882,-0.07003190199306672,-0.14254965273247625,0.9871990551080579
33.13730170577393,0.6017466174042596,1.8674020644630733,-0.013796917963998899,-0.07184059201633505,-0.14388395060029227,0.9868870199799018
33.20555884066778,0.5815438505497923,1.8783598417305676,-0.012803489000989791,-0.07317913116762612,-0.1455232377278836,0.9865616399225371
33.27697920409369,0.5611650631808942,1.8905444687384652,-0.01254737605680446,-0.07288380498719602,-0.14715312207509434,0.9863450077236078
33.34818321749774,0.5396962549264099,1.9022971211536266,-0.01237132792387027,-0.07119839820303354,-0.14870520807957827,0.986237542553588
33.416267495853646,0.5180596986660362,1.913736307355931,-0.01280540540807385,-0.06899515008667909,-0.14947572920639382,0.9862721191217586
33.488959606218984,0.496705495219004,1.9259031510873044,-0.014181063250435609,-0.06946465804284703,-0.1502172696566222,0.9861076712921455
33.5599637684241,0.4776678888009016,1.9371199624571025,-0.01487488675403774,-0.07155004992969981,-0.15091439013040733,0.985841861626429
33.63359254518434,0.45645968827892425,1.9500391422318115,-0.01431293924207411,-0.07299503564015879,-0.1509629988960607,0.9857367980821795
33.70529757934986,0.43445533103043044,1.9620803763141499,-0.01388196630244871,-0.07300978062402808,-0.15081331726764272,0.9857647788352184
33.77997997426239,0.4128965312455364,1.9743902190987077,-0.014278364589483611,-0.07302883871514795,-0.15103037242024486,0.9857244778337207
33.85320600265197,0.38942530248056073,1.986785442351822,-0.015788246566686717,-0.07315052240392404,-0.15069080900767864,0.9857443942322509
33.930061707697035,0.3667869851072467,1.9999032232628409,-0.01671540611974241,-0.07373276653660799,-0.15116553347221406,0.9856130368359991
34.00626295698788,0.34253270383103285,2.0133314711219086,-0.01651748235392965,-0.07232049047713876,-0.15194417327807527,0.9856012819976566
34.08010202108808,0.320695152210023,2.0259856363567224,-0.0167389506851319,-0.07242002011768406,-0.1533234239516221,0.9853766129091083
34.15702061544195,0.2982243265904856,2.0386247745725212,-0.016117700563867056,-0.07282838114663129,-0.15461788248283634,0.9851545849634026
34.234534682509,0.2743106812061651,2.051892562371733,-0.01587813789809849,-0.07347381934676588,-0.1559886885193751,0.9848944111085357
34.314406152987715,0.25106773051511233,2.0650748789504867,-0.01664717542525278,-0.0728998083516613,-0.15775181436344465,0.9846435210909987
34.393552946348336,0.2249574078415062,2.078235300822328,-0.016254092011742806,-0.0732240582974423,-0.15910450519379407,0.9844083477608365
34.47151483505175,0.1993945386170779,2.0917440575646413,-0.017228532113253755,-0.07249025672576537,-0.16093547114117365,0.9841484232920082
34.55085751293606,0.1736495339736166,2.1051042208135673,-0.017053352658488615,-0.07180378762732849,-0.16287728596204123,0.9838823039142769
34.631434450121795,0.14623279818213497,2.118895547699542,-0.017799949851830744,-0.07181713235715072,-0.16432941963673595,0.9836266034179021
34.712781628057414,0.119112006630818,2.1325305833005386,-0.017848259984507696,-0.07233211099636501,-0.16553772748091616,0.9833853606156748
34.793579471725764,0.09205322261948368,2.146509214340325,-0.018065593472690513,-0.0723569967298905,-0.16698447383345727,0.9831349266991607
34.874662229963874,0.06299136565356278,2.1606255540535972,-0.017264453250070356,-0.07249451035736118,-0.16784566557808786,0.9829925335826586
34.95762405667059,0.03552028300371113,2.174561023634702,-0.017393396808410268,-0.07339849066910384,-0.1694363232120149,0.9826502297596572
35.04142420599859,0.007698006273423985,2.1890731925046953,-0.017762348997662353,-0.07362680985586514,-0.17141607140319487,0.982283117911773
35.12663258185687,-0.02206117874149882,2.203716773600709,-0.017339476758026696,-0.07345947928827809,-0.17269340896343974,0.9820794405527586
35.20995694670036,-0.050697080796406446,2.2186800579089514,-0.01775371832498217,-0.07289426514609725,-0.17462771155372112,0.9817720694833489
35.29037278950443,-0.08153542690672655,2.233079802340832,-0.017143924801622624,-0.073155729114012,-0.1758778531664651,0.9815402767868253
35.37529178626606,-0.11249355384371551,2.2479432036552067,-0.017421932981319735,-0.07295278106771814,-0.1778186634258696,0.9812007390553094
35.45986178209667,-0.1422988448045288,2.2640107327450414,-0.017048513164182256,-0.0728816049592907,-0.17987486878620965,0.9808377259363251
35.54627565984792,-0.1747990500405443,2.2777594255751152,-0.01671825907619344,-0.07381651921190999,-0.1808319103431372,0.9805974989779604
35.632434076772824,-0.20602243604041792,2.2928242182670777,-0.016722907907800563,-0.07400986933628446,-0.18231043313141188,0.9803090288382289
35.720299676790724,-0.23811807792327588,2.308348971978565,-0.016445697318793744,-0.07384691679399591,-0.1835351495455491,0.9800974534197713
35.80617257780549,-0.26779945258953575,2.3235689091322405,-0.016443171631497833,-0.07372128590035931,-0.1850392323374463,0.979824105006362
35.89131182281557,-0.3018768772471674,2.3378300817201865,-0.016197993506834107,-0.07407746129363732,-0.1850064985620811,0.9798075053379781
35.97800680196412,-0.33443711845188684,2.353177701616354,-0.01576811502098552,-0.07452269106025657,-0.18539022152749646,0.9797082208270406
36.06635521649959,-0.3695368610689016,2.3705535789103633,-0.01423751877411899,-0.07454012781647436,-0.1855813678005352,0.9796941440606427
36.15556860768041,-0.4027543039578063,2.385477148103049,-0.014061919337728813,-0.07394785588493961,-0.18674377109053267,0.979520666102071
36.2437450648456,-0.4369257460049871,2.40085801720818,-0.014094165744403399,-0.07455064420071235,-0.18668489179572306,0.9794857371033244
36.33203144167042,-0.47222170847091416,2.4163579045233297,-0.014325296213225933,-0.07432231598047788,-0.18657997297783116,0.979519722913764
36.420482409361796,-0.5059748005544336,2.4316150600458712,-0.015274363302674437,-0.07341898430706753,-0.1874153380486353,0.9794140344325425
36.51234863147036,-0.5403339688618871,2.448232590140229,-0.014942582511422109,-0.07216744867133881,-0.1885953962714992,0.9792856320016137
36.601424876827465,-0.5750418785502127,2.4647327984755236,-0.013986591644480921,-0.07191577275791336,-0.1887351529101781,0.9792913457275401
36.692197354902305,-0.6104188253702549,2.4803522578354382,-0.013878834326280991,-0.07297392330524248,-0.18893355392274422,0.9791763344077767
36.78443494204657,-0.6463523805583549,2.49606303302331,-0.013634217278428304,-0.0736239419209878,-0.1891046443705557,0.979098080032094
36.87473910928446,-0.681495204685838,2.5123261825266177,-0.014243422965923022,-0.07338883907116205,-0.18929720086477161,0.9790698478732268
36.96857293782965,-0.7168431403820108,2.528693830817801,-0.01375422783137787,-0.07330449748716288,-0.18949835154295502,0.9790442555928759
37.057962363229024,-0.7520078280168132,2.545002615545668,-0.013913344077289823,-0.07347611296246037,-0.18947847884098024,0.9790329850366025
37.147318464727675,-0.7875884856386932,2.5603929070656903,-0.013831543603468197,-0.07490615826116509,-0.18893483628795946,0.9790308389740457
37.23744312752619,-0.8223972256197953,2.577144007999487,-0.01269550806684524,-0.07530343634713121,-0.1883137947745934,0.9791354045882461
37.32687636542697,-0.856129676899509,2.5929178704319256,-0.012390499369978485,-0.07504587408245703,-0.18798121556973013,0.9792229842500275
37.418214782427185,-0.8919938664402949,2.6100939332702104,-0.010904085989503688,-0.07421512741038262,-0.18704235306442024,0.9794837289522923
37.50687769653189,-0.9253546390264393,2.6261402922582526,-0.010510100245743548,-0.07372247202434236,-0.18625777373224947,0.9796747358911266
37.5972902918605,-0.9595600706323175,2.6419904479259833,-0.011131196466405095,-0.07349950878498193,-0.1857145221220132,0.9797877496171559
37.68257828163868,-0.9953671073403818,2.6588832198291694,-0.009838270002930053,-0.07319123177127022,-0.18454864683101999,0.9800449306420764
37.7717180067009,-1.029662910280912,2.673236287950389,-0.009855028087219027,-0.07399607103027253,-0.18348310222495656,0.9801843770322869
37.856166079838516,-1.0608594630561239,2.688413881005795,-0.009387469612494918,-0.07405546641185605,-0.183479562201164,0.9801851371523095
37.94545445450059,-1.0942352994795925,2.7039427784643237,-0.009617815663572123,-0.07404886620371862,-0.18330719863113518,0.9802156554842842
38.038824240389744,-1.1293199921976944,2.720480824764553,-0.010915047230275091,-0.07403462459223353,-0.18273179906971254,0.9803105716850521
38.12653561272292,-1.1617571489505174,2.7357822596918453,-0.012201354354908293,-0.07356197096246696,-0.1831318999808559,0.980256327380769
38.21636106191107,-1.194397700472507,2.752706920973117,-0.01023663531152108,-0.07292825390680906,-0.18306725216936293,0.9803382361125264
38.30593638035389,-1.2275459743895532,2.7680025186239376,-0.009362622039724777,-0.07252561882305493,-0.1826329971161098,0.9804578377773764
38.39545916629869,-1.260226675277334,2.783414256558025,-0.005872336792096172,-0.07294976015426852,-0.18274983169220388,0.9804317117815518
38.485111616746124,-1.294274904767314,2.7988167500099195,-0.005100196328189958,-0.07394530027489941,-0.18214947439626755,0.9804731802061383
38.570176449165245,-1.3279378016967325,2.8136571634873633,-0.005386875051043466,-0.0757850259015332,-0.18145604008062327,0.9804597451453821
38.655702072943356,-1.3603196812124523,2.8253309746713384,-0.00710379601880141,-0.0768381358181952,-0.1806055474973863,0.980523879184502
38.743636454435205,-1.3903269585430564,2.843375503694971,-0.009062103584075165,-0.0744546075584252,-0.18077585873564042,0.9806602336639376
38.8339128129372,-1.4212932455810483,2.857671955188052,-0.009714560422918435,-0.07475587456566384,-0.1807058696170098,0.9806439520546538
38.92731398145963,-1.456160942530146,2.874175477339243,-0.010679461388506792,-0.07480521307025037,-0.18044329357071126,0.9806785207114522
39.01592071230537,-1.4865984589063306,2.890392748669191,-0.012567362797211979,-0.07431244048426365,-0.18083413414805216,0.9806216147360104
39.10896133263573,-1.5235349295099123,2.906721381405756,-0.012630054676867637,-0.07415761133251703,-0.17945489800285364,0.9808858614937964
39.19730855804744,-1.554642138881352,2.924462384812716,-0.013236640230145112,-0.0726225303047603,-0.17977403279084533,0.9809342757187541
39.289751937928855,-1.5907718549731875,2.940415358641503,-0.012055700648302435,-0.07314772280526448,-0.1792299482833932,0.981010036830809
39.37944351848337,-1.6237253895948536,2.9558537207594853,-0.011849450999729208,-0.07365624256402285,-0.17917649393221277,0.9809842673166856
39.472910624240356,-1.6566689728074175,2.971454631888971,-0.010473917198449102,-0.07374932909812301,-0.17888999368532718,0.98104520774543
39.55894191874454,-1.6884689613858956,2.9869485999950918,-0.010005139443492706,-0.07305365780285292,-0.1784774128962619,0.9811772905733799
39.64618597354911,-1.720363544533086,3.0020350656155523,-0.010132870357689595,-0.0738479222403415,-0.17800972983911467,0.9812014756080023
39.736837838057404,-1.752908916223471,3.0186525612448882,-0.011539588456657764,-0.07540079166881776,-0.17750965952223685,0.9811584357042823
39.8244060655595,-1.785951715544841,3.035013644619559,-0.012934475702729134,-0.07466955727835675,-0.17686877916670615,0.9813126887202301
39.9146578115693,-1.8163487691348292,3.0516225978591507,-0.014330138285199455,-0.07355475184803861,-0.17660850016339924,0.9814243675008731
40.00055487016391,-1.8471529113646454,3.0667449084849085,-0.014663433205981064,-0.07248367539815163,-0.17612353251613055,0.9815862677780447
40.08731575313605,-1.880689788670816,3.0822084544581125,-0.013550730124370044,-0.07170277567861047,-0.17542900052006896,0.981783968823269
40.17175101890789,-1.9102317594514737,3.0975667335487573,-0.012604034457659211,-0.07103009144694071,-0.17542948584267712,0.9818453832126073
40.259888085074294,-1.9418472031269634,3.1135720728481324,-0.01240200641109072,-0.07127118861373131,-0.1751457777438403,0.981881131250772
40.34589892305163,-1.9733298127615733,3.1284359077101414,-0.012403461494658017,-0.07187445027180477,-0.17512867496633916,0.9818402003599243
40.42859370242687,-2.003096966421708,3.143178622369593,-0.012710607142741066,-0.07132975342699492,-0.17559757131691903,0.9817922406008671
40.5131162042689,-2.03271894330058,3.1575335323027014,-0.012973095449449919,-0.07151693701185736,-0.17596107135404052,0.981710104071701
40.59775408155913,-2.0638469651041014,3.173853421062187,-0.013587119952854313,-0.07065320458830401,-0.17675407880916363,0.9816218810411435
40.67930601523436,-2.094040625734852,3.187272292477431,-0.013274809708774885,-0.07063318796466947,-0.1769966714089739,0.981583876815759
40.75762235089771,-2.121749414778634,3.201811172475616,-0.013614599340672847,-0.06877339382572069,-0.17741685438709554,0.9816354292258831
40.83624024641722,-2.15074816996386,3.2154059532758303,-0.01332856141631208,-0.0674520383785213,-0.17788818928276487,0.9816457439369592
40.91213723760242,-2.177410808714801,3.229339743002228,-0.01345914139648691,-0.06771437351628413,-0.17821784010377148,0.9815661076088051
40.98629369575255,-2.2041435640640756,3.2427486164849313,-0.012823308267512866,-0.07008038803535623,-0.17844601219909795,0.9813670644360334
41.062034193956066,-2.2328616495629996,3.2553473585407993,-0.012617230384548102,-0.07073567610418482,-0.17836607992330425,0.9813372576239784
41.13527808742907,-2.2584470286842917,3.2691512571004964,-0.011820823654337948,-0.06949672114846861,-0.1781709085445888,0.9814711382300573
41.2056255753661,-2.284167192874995,3.28099764122668,-0.011824641846238736,-0.06829198180552734,-0.1772379122157814,0.9817245541634289
41.27465029734319,-2.3078112834198805,3.2941424419928724,-0.01261690203341087,-0.06774160055269364,-0.17670745761361123,0.9818484413105073
41.33808940050665,-2.3319447707411083,3.3046531783452595,-0.01254828495123466,-0.06741502799669717,-0.175418913589327,0.9821028219770163
41.40437871171429,-2.3558781037724383,3.316510075728326,-0.011515599745232828,-0.0662895594947051,-0.17383949625907733,0.982472860177431
41.4674800684126,-2.376479607167898,3.3267452530025325,-0.011596800398429885,-0.06455938942663544,-0.1730290554140269,0.9827301421477262
41.52745233744615,-2.3983262506331435,3.3373135485676313,-0.01247895424044121,-0.06377911529920977,-0.17238035601983653,0.9828842849472388
41.58439438065116,-2.417645277637412,3.3459843013144965,-0.011876826650533514,-0.06478599777991378,-0.17219280272854318,0.9828587616674662
41.6370976215355,-2.4361546194499892,3.3549357191894176,-0.012235557402383319,-0.06574759053257888,-0.17177068657031352,0.9828643712363312
41.687629601090585,-2.454428882602116,3.3637915119526127,-0.012153186892592973,-0.06613124314085092,-0.17132934287417356,0.9829166902949347
41.7361763658416,-2.471603032897697,3.3723475250436223,-0.013285681521216739,-0.06597273811809272,-0.1711891947456485,0.9829371032204672
41.781243050665275,-2.486983216871364,3.380644781510984,-0.015195768906155468,-0.06553887382293586,-0.1730538764911911,0.9826118786038507
41.82473559520093,-2.502820992812529,3.3882248775522523,-0.01695696454579964,-0.06571352998664061,-0.17737606331560526,0.9818003529462531
41.86454044153029,-2.517746150938466,3.395371481688641,-0.018602858063977264,-0.06561498464875049,-0.18578309898418072,0.9802210217477932
41.90269364778763,-2.5334968726804927,3.4026785522261687,-0.020574235896054834,-0.06557741222057674,-0.19735659790868892,0.9779195664241878
41.937779399346525,-2.5492206925272365,3.4097981396355337,-0.020914669025624763,-0.06632379871135163,-0.21149877309264378,0.9749010219219195
41.97172950409346,-2.567261755805978,3.4159928999077174,-0.020491813992478267,-0.06790448453442365,-0.22750193699565568,0.9711909919841453
42.004407290989654,-2.5844233416763256,3.4221257202594435,-0.018365126233769288,-0.06948935774602587,-0.2465440286010124,0.9664626189115817
42.03480762791821,-2.6032480672597558,3.4281687931784157,-0.017546383218041084,-0.06953202247944008,-0.2683805834565957,0.9606400393820858
42.06342191194389,-2.6223944502805026,3.4339824252915534,-0.016874551331548727,-0.06917604895188714,-0.2923036710033931,0.9536710566350538
42.08919704013016,-2.6434077055960907,3.4396285996397182,-0.015913869069758523,-0.06843940210941322,-0.3170593664302207,0.9457992136188488
42.11435042117428,-2.665030331590252,3.444926214254938,-0.014821580656603169,-0.06760585084761189,-0.3434120519881234,0.9366311656739292
42.13832692011072,-2.6882344250372867,3.4509792793819685,-0.013384665186222734,-0.06798019502117333,-0.3710078721173396,0.9260414096000895
42.16039987286374,-2.713130893455549,3.4561894909298303,-0.012158211802266602,-0.06961629983485305,-0.39939539118935746,0.9140509091155877
42.178909198269594,-2.738156434195723,3.4614900444533276,-0.012247161550391149,-0.07052003814888118,-0.42836463316410567,0.9007667037437832
42.195370438208975,-2.7640363153980436,3.466423262518539,-0.011682415055813111,-0.07245378462749041,-0.4575225127386789,0.8861642776025027
42.208862170784116,-2.790337749440285,3.470784750452296,-0.008383237304790533,-0.07545095682167437,-0.48549756785024945,0.870935707980127
42.221793281160075,-2.817142195607609,3.4755535371226216,-0.004261198326143834,-0.07747841444062102,-0.5131611331528607,0.8547775140954801
42.23231762874187,-2.8461971465065368,3.480037336803136,-0.002906330107894082,-0.07727028905927631,-0.5403323259764006,0.8378913096889731
42.242184099224694,-2.875795255142201,3.4842323625139784,-0.002237784297402594,-0.07658783373638728,-0.567161390005323,0.8200349065573297
42.24878620210605,-2.905956658480589,3.489171045135677,-9.297765546749095e-05,-0.07565698030468367,-0.5929586372888209,0.801670794579637
42.25292106881756,-2.937160310341003,3.4931017104123896,0.0032820949569397624,-0.07751510308224918,-0.6178116556167382,0.7824892300749735
42.25550246449306,-2.969222570325309,3.496867002123082,0.0053763853836188945,-0.08039016027349669,-0.6420457270902931,0.7624210079308188
42.256926551670844,-3.001041619237993,3.501121101843683,0.004428347028929111,-0.08271244406695102,-0.6664576930343384,0.7409272436303321
42.256372822180836,-3.033467726439568,3.5052183978750193,0.0024149855140832965,-0.083851421775209,-0.690658971416516,0.7182988955266083
42.25381894663324,-3.0671070957375104,3.510137694771725,0.0029221223154631713,-0.08456689406236727,-0.7138001860538512,0.6952188176227589
42.24761047288872,-3.103112906196409,3.513181422514977,0.0038037294887300487,-0.08351264471095471,-0.7357583429951128,0.6720646019592946
42.23976896237491,-3.1386440284093737,3.516680266213484,0.005726933817840073,-0.08276998740465234,-0.7574630178911009,0.6475848371388218
42.23003489131966,-3.1739867736267007,3.5208468603797627,0.005693779917720544,-0.08297091156888294,-0.7787312888488338,0.621820717148507
42.21688923696501,-3.2086998259880914,3.5244595130080825,0.005288295472059497,-0.08419335029858886,-0.7989293313423041,0.5954791789366555
42.201382813578036,-3.2449175357111244,3.5284686712421376,0.0041789204562003085,-0.08442171195225884,-0.8185019703596864,0.5682517470871249
42.183516985514686,-3.280937947952623,3.5320801214889457,0.0033017135349121987,-0.08552353052403529,-0.8372063059728776,0.5401485187329236
42.160356436595045,-3.318566679223613,3.534905097677708,0.003039838133098043,-0.08571452536146125,-0.8542615710274586,0.5127191519871392
42.1356626810037,-3.355424655786355,3.5388747340228086,-0.0046563936598415885,0.08672308660283796,0.8697013417854805,-0.4858775429308006
42.10737026390894,-3.3928744984001105,3.54212095803215,-0.005168167105459588,0.08662788434582798,0.8836120175228036,-0.46010728137269796
42.07609817995353,-3.430876918491613,3.5461590135537477,-0.005946126484573053,0.08685993142514047,0.8956131618353612,-0.43623050710803557
42.04187192794026,-3.4682217488218594,3.5491003242819907,-0.005805201541712548,0.08748180455237885,0.9058924084587325,-0.41433340914036143
42.00165930932028,-3.5062560199800914,3.552181230892307,-0.005469491483222838,0.08908245652594388,0.914363012880613,-0.3949363136054234
41.960415343562474,-3.5446957595048225,3.5553430037409797,-0.005584103910473043,0.08902462984359602,0.9212945468489456,-0.37849676476893096
41.9184099955209,-3.5863768034760035,3.558926296603804,-0.006989449235859287,0.08904307298429169,0.9272190710773474,-0.3637131818777757
41.871079732021634,-3.6249100630240125,3.5623662704331984,-0.00952209248192506,0.08719873901554279,0.9315338873348074,-0.35291686881952017
41.82414903574223,-3.6644778924817256,3.5666478871343585,-0.010939622998024695,0.08326851971181264,0.9356234923269678,-0.3428634945889134
41.77555451573436,-3.7032483606094635,3.569920418902419,-0.011241493424366573,0.08018090134553224,0.9391755945206701,-0.3337571767971462
41.72458394495626,-3.742055607885542,3.5717848390139855,-0.01217555362927473,0.07818744994144178,0.9423290731494893,-0.3251990251050577
41.672930519992725,-3.7810477359050703,3.5738629393800143,-0.013099647877497709,0.07539275969491466,0.9455988269065626,-0.31620750820554094
41.620668705733685,-3.8228441493507237,3.5766722621492875,-0.01287510903614871,0.06953976761839122,0.9495286710301426,-0.30560392077826437
41.56831281328196,-3.86134507452891,3.5791136131560304,-0.013571892098406067,0.06428060838274341,0.9532306096710754,-0.29501732232828554
41.512506425175275,-3.897997092897877,3.580810776357847,-0.015875497313598965,0.06106004394401903,0.9565673170744208,-0.2846025244000226
41.4567148871498,-3.9349805641787707,3.582424176401613,-0.017936124739244802,0.055570742985855424,0.9602044340975823,-0.27312567916901553
41.398696032044036,-3.9713003657144954,3.5835904730345085,-0.02004200861810004,0.049719250143731804,0.9638077505969438,-0.2611530875589413
41.340428781227324,-4.00373208896683,3.58501863246169,-0.02083851039803164,0.044819758805570514,0.9671721452594217,-0.2492689255400355
41.27943531820542,-4.035258057203016,3.583854680313223,-0.02167041925705093,0.04375696342362184,0.9702990130164426,-0.23692940274128224
41.21720858660949,-4.0674469765653525,3.5827033662824057,-0.02312811835252234,0.043365942885351665,0.9734992009259056,-0.22334681571422144
41.153731983813735,-4.09586802202081,3.5820844306081607,-0.026292499184615726,0.04247241539639531,0.9762888105251176,-0.21062988490198734
41.088392519349455,-4.124635484351115,3.580429883543548,-0.029049783538608452,0.042302706017756465,0.9788125400488399,-0.19822362825926695
41.021454834412935,-4.150342218244565,3.578655075546643,-0.03179532083550015,0.043556751760012745,0.9806737419521394,-0.18807147877301006
40.95231672205213,-4.176599374714366,3.5761195136141293,-0.03395236515794573,0.04362238471920789,0.9821546202425819,-0.17976827106929683
40.88309319344104,-4.202565317324908,3.574174679620871,-0.03608785220715351,0.042156960466691464,0.9831460517137811,-0.17419617573476096
40.81337789836694,-4.229468975080444,3.570677322060888,-0.038451954310277925,0.041274853395608185,0.9837744106817055,-0.17031072966693211
40.74275974992122,-4.255201631461508,3.5671446994417977,-0.040413823640856106,0.038599673087258056,0.9840213276525995,-0.1690526748698617
40.669108347338636,-4.283687624513134,3.563378572611299,-0.041148319354052075,0.03398139537336533,0.9842047695530192,-0.16879884558285968
40.5963768128926,-4.312241551538975,3.5586286376115623,-0.038917518536992324,0.029155606832187615,0.984367923105626,-0.16927836272945843
40.522969259251944,-4.339175066403938,3.5563057088485555,-0.03669549186924377,0.029998327863400998,0.9841763734998282,-0.17073488731303738
40.447782483416916,-4.36758126428582,3.5547946589068795,-0.03366006355825121,0.032568824213841566,0.9838856585854244,-0.1725551675526497
40.36232170857201,-4.398852102095927,3.5510708955762667,-0.030773118876679897,0.03291070615195471,0.9832696157894962,-0.17649578893753304
40.28423470421112,-4.428145025809628,3.5466975522757647,-0.029587741132438887,0.032955533485142734,0.9827187243239707,-0.1797286969850111
40.20730337686047,-4.458312591560723,3.545717307065088,-0.031223189831740196,0.03297571399251033,0.9820293150331163,-0.18318334512681106
40.132707127858836,-4.491739789205032,3.5428332099381095,-0.02983815078833861,0.03058981386994754,0.9820601781500705,-0.18366210425043514
40.05402578235967,-4.524474307109666,3.540735551197706,-0.026955038595479403,0.02939121369216975,0.9819956892155894,-0.18464568913608173
39.97265649240645,-4.560002984422008,3.5377032441052663,-0.024000668232409206,0.028710456689667044,0.9822981739469151,-0.18354828782697863
39.89136526067764,-4.594007451847526,3.535682996881235,-0.023600947197238674,0.027980296450424852,0.9822474906968949,-0.18398357885226743
39.81066018835606,-4.624506894892145,3.5348710442420526,-0.024505227108089715,0.027522193669666843,0.9820542681051685,-0.18496337022057874
39.730975086785016,-4.656272798955587,3.531979719379617,-0.025757736227523198,0.02873954952566967,0.9817729042631749,-0.18609818430467856
39.65251088687501,-4.689178977539742,3.529017235926304,-0.026788342021856835,0.02931129691332784,0.9817120165960539,-0.18618470190717187
39.567192192032614,-4.722821097773226,3.5274434760227713,-0.02918299553406069,0.029676136290224673,0.9811336269133037,-0.18879750648730742
39.4837704655605,-4.757271809544795,3.524288748261128,-0.028768608607522977,0.029675337126071302,0.9808099008811486,-0.19053521995096442
39.40575268684189,-4.790551361667752,3.522542938740802,-0.029308438414108177,0.031070094665923226,0.9804833475675229,-0.19190639333951728
39.322970255586675,-4.827047067885889,3.5201127894843793,-0.029488519785825357,0.03162678215492906,0.9801546634787112,-0.19346058241630934
39.239922083771326,-4.861496331298944,3.5172789277371486,-0.030076034202953603,0.032948259078838346,0.9796156268243938,-0.19586490437196305
39.15856406619797,-4.8973209606972175,3.5159296533611606,-0.029914871900588585,0.033650378569274,0.9791736788532428,-0.19796883055279726
39.07893111150372,-4.932573711390145,3.513898987398477,-0.02818906793312041,0.032992931081217196,0.9788866843348372,-0.19974409850663633
38.99797966125065,-4.969197578381744,3.511126815814997,-0.027898555041900024,0.033994690078843655,0.9785937812947697,-0.20104785558258137
38.91719446758174,-5.003879621770885,3.509411246078624,-0.029469296904898787,0.03357233627453475,0.9782443098726035,-0.20258957457498017
38.837197293764106,-5.038053763849592,3.508624236488364,-0.030692533273376118,0.033526376875173146,0.9780097156141538,-0.20354595053995686
38.752618043317185,-5.07632652541799,3.5055119436542554,-0.02904098800235935,0.03345412798658862,0.9777812905358362,-0.20489308863148042
38.675548995540865,-5.111191587088586,3.5027528124092484,-0.027388912715329852,0.033802025666258666,0.9777589335388261,-0.2051700307069032
38.59905081526828,-5.146775814953722,3.5014282609656426,-0.028948354216890793,0.03324462989596169,0.9776997924736187,-0.2053287935252279
38.522945233860916,-5.1816863569503235,3.500025331177664,-0.030798999530685992,0.03287907563024778,0.9777866625397214,-0.20470377568361345
38.44664226615203,-5.216934721229931,3.4976939562787557,-0.030769038177952998,0.03175877181499836,0.9777905410319813,-0.20486655346284807
38.37094855177823,-5.251707624226087,3.495963853164893,-0.02965898441679204,0.03266389654096831,0.977779690358761,-0.2049396843426375
38.29477616349485,-5.285715739911327,3.4936903271340363,-0.029404108605587523,0.033924987562488816,0.977627714940808,-0.20549583519437703
38.22020305237335,-5.320746364719895,3.4917521449793867,-0.0294369248726665,0.033635166893273796,0.9775053431957583,-0.20611995916493514
38.146498588210356,-5.3558808013111605,3.4902375106735235,-0.02923140517606517,0.034109611874200814,0.9773529896958805,-0.20679262368653642
38.071910591156076,-5.388913314650812,3.488151229543007,-0.028132484550702812,0.034587961476352354,0.976969023967534,-0.20867143492306278
37.999635958363264,-5.422653403532256,3.486694219035016,-0.02912361197704048,0.03378215402488109,0.9767267546800972,-0.20979855197300779
37.930274445257524,-5.455634717955119,3.484759762196873,-0.03083760052007063,0.03458929263616703,0.9764028037149743,-0.21092695635745629
37.86015110261054,-5.489455945182864,3.483954672316436,-0.030891004337646803,0.0338466721767411,0.976137320466753,-0.21226419221740728
37.793718954418566,-5.520789391598589,3.482199858666368,-0.029210311400222976,0.03343262352363288,0.9759038382400888,-0.2136368894479383
37.726798094262236,-5.553717536613821,3.480499698861532,-0.028430036610743652,0.03284304442302371,0.9757210654152544,-0.21466594232382477
37.66268392516291,-5.584377293955069,3.479577930726549,-0.02862716331431773,0.03279852344709387,0.9755122297239908,-0.21559369003945236
37.59871952240198,-5.61616821577913,3.4785389218154705,-0.028868046011776363,0.03228639491008585,0.9754572832202564,-0.2158872653882608
37.53877875337797,-5.644635045425833,3.47770504702261,-0.02852587358542748,0.03141918416480807,0.9753277258401069,-0.2166447160466045
37.47964402385953,-5.671836993891409,3.476775248187934,-0.02809871050418225,0.030406937655696686,0.9751763080477154,-0.21752484001355188
37.42289530567576,-5.699820726071333,3.4746766756977934,-0.02944876160278143,0.03174612326578272,0.9748552887458831,-0.21859122894637853
37.36685200406304,-5.725856429145869,3.4732639594162755,-0.031390355028648176,0.032666519496071196,0.974488872042751,-0.21981577764098895
37.314412282801925,-5.752692350986805,3.472488687949294,-0.032595873578298885,0.03138784105078528,0.9742574495951373,-0.22085003877295
37.26274711157212,-5.778421050618902,3.471417454777537,-0.032861391696041804,0.030807424504259263,0.9740706045886283,-0.22171489713653406
37.21262176689145,-5.804713545073274,3.469526211886823,-0.032839235355753726,0.030833595531807496,0.973862394241754,-0.22262728566734002
37.165658517216634,-5.827879399667403,3.4689002499342028,-0.03285864244701095,0.030219614592027752,0.9736537720653939,-0.22361893057918483
37.121204783617685,-5.851382394140817,3.4678677475851742,-0.0318354364090869,0.03122161467797425,0.9735359824803983,-0.2241414873525686
37.079064464326855,-5.871609123433719,3.46687128705471,-0.03174480340877395,0.032654202968877916,0.9733278032095677,-0.22485315566360817
37.038986645587705,-5.891001628119774,3.4658422987259616,-0.03206069775876108,0.03417119089439958,0.9730929424662672,-0.22559822623274758
37.00295955840475,-5.908381614148549,3.465237646531925,-0.03096419561742319,0.0342567686797815,0.9730174454902064,-0.22606358432466747
36.96845558484105,-5.9271490237462094,3.46396176178032,-0.029800149523477645,0.03245260872897751,0.9731324190801443,-0.2259912898482543
36.9373192251324,-5.943484631526962,3.464327448937574,-0.03003940255979723,0.030821395347980035,0.973208910032302,-0.22585854696274088
36.90740463846698,-5.958446877289097,3.463372456818261,-0.031081074471851412,0.03231803598557113,0.9729220551839161,-0.22674253981396486
36.87970221331157,-5.9712613615234815,3.462595078454541,-0.031786920415560256,0.035176623841211736,0.9726715776086045,-0.22729317848257846
36.85475997629007,-5.984578387224548,3.461885953863643,-0.03114795482230519,0.03542530599647153,0.9727435015415018,-0.2270350495289678
36.831706549890704,-5.996449650882527,3.4611405655482237,-0.030390790602797233,0.03527281456747927,0.9726887816232141,-0.22739560627374303
36.80990683064501,-6.007731582570876,3.4610841064844386,-0.03027942009067701,0.03497497795888171,0.9725160842462702,-0.22819372695514392
36.789987742314345,-6.01655482591204,3.460764597913869,-0.030946921085141188,0.03552007251575845,0.972423142531715,-0.2284159486850228
36.77306895728573,-6.026031169113588,3.460526786349007,-0.03105074269288238,0.035612758889522256,0.9725000340282758,-0.22805978950318626
36.75590452926238,-6.033896057471864,3.46057475969428,-0.029822159079723763,0.036071429629374964,0.9723451109074689,-0.2288109900721366
36.73968155792114,-6.041675038283581,3.4600751599123996,-0.028348641527255965,0.03676327494727562,0.97230350271938,-0.2290648576178099
36.723688730343,-6.051155277807558,3.4595193361409287,-0.027778992592115834,0.03754959833785161,0.9724812637475709,-0.22825104558531176
36.70776229427386,-6.059234618604526,3.459422842039274,-0.027905012870110452,0.038040349939474145,0.972422437639335,-0.22840500453894813
36.691531505784454,-6.067982528833926,3.4592284718854387,-0.028283569153705498,0.03828428462145726,0.9724028383618039,-0.2284011492767485
36.67583023358983,-6.076182654682146,3.458403795459674,-0.028063921993095254,0.03806508525263497,0.9724708594930602,-0.22817514880762177
36.65969706608458,-6.085223096356747,3.458124653453419,-0.02753504186623041,0.03782167247269686,0.9725684543802662,-0.22786387926977317
36.643728228282185,-6.093767546107539,3.4573461206159912,-0.026594833468827173,0.03734653008506352,0.9726052175102646,-0.22789700038931532
36.62862903497324,-6.102407110422386,3.4569378346970367,-0.026462417476328902,0.036774364569808315,0.9726508496605659,-0.22781070358435607
36.61330052260324,-6.110994633251343,3.4567760118875874,-0.027000696068764044,0.036795107879667416,0.9727006159089739,-0.2275315259447501
36.59797921569838,-6.118868446447253,3.4562621202677164,-0.02731219641500362,0.037429226212962345,0.9726607847299537,-0.22756116550637207
36.58311397796849,-6.127550415147908,3.455999524803836,-0.027595008013681435,0.03823596143573966,0.9726629908071516,-0.2273834893254365
36.56746830590609,-6.135805061801419,3.4554899954688096,-0.027631644258092683,0.038422770699032514,0.9727115768568634,-0.2271395326869542
36.553743286070905,-6.144653104529127,3.45546323578386,-0.02736004182450917,0.03768916304353357,0.9728728133712128,-0.2266041658199418
36.5387563993251,-6.1518455106100145,3.455147918015893,-0.027110602152775186,0.037614764601135664,0.9728324225028081,-0.22681981387924108
36.52532933896396,-6.160718020504065,3.4548951583880196,-0.027305727769606117,0.03770503172903229,0.972942945825207,-0.22630677580694658
36.50981921375787,-6.1663466301218905,3.454680883669056,-0.0280481633085406,0.03816223985272813,0.9727784964711732,-0.2268456761386204
36.49845079586094,-6.172770369286042,3.4547076717448526,-0.02840425895653101,0.038235038484615375,0.9727988081182061,-0.22670190746033517
36.48536490488034,-6.17669644176258,3.4548339011416758,-0.02834886170585338,0.03752393019929318,0.9726217792331664,-0.22758555848619866
36.47478718894126,-6.183453091515278,3.4551072007432744,-0.027668200188143113,0.0366127975219245,0.9727347851648891,-0.22733456798686952
36.462808728144694,-6.188307123965626,3.4545304236741856,-0.027046913122267664,0.036834479853110835,0.9726455412125804,-0.2277549862713659
36.4530316270426,-6.194566698906632,3.454375556178377,-0.02726642263015601,0.038116386796935534,0.9726874105218999,-0.2273386852055897
36.44143864720286,-6.199229031125889,3.453440320218398,-0.02726952073117624,0.039306546828170336,0.9726641627836279,-0.22723510212248899
36.42765451817327,-6.203641382487376,3.452675652574797,-0.027234102090166586,0.03931772937578075,0.9725422466829786,-0.22775863735963803
36.41667350265772,-6.209825434446001,3.4528177169076546,-0.02856537123018141,0.03745372982078085,0.9725348078889806,-0.22794144698305788
36.40535071435467,-6.2156482516831595,3.452906030291798,-0.02913356821235622,0.03532426094109767,0.9725495628460874,-0.22814641055207482
36.39425421982574,-6.2213486491840975,3.4526460445736546,-0.02845019156756155,0.03457594214009954,0.9726179720535586,-0.2280556296062422
36.384273730315,-6.2264682338022705,3.4525617279648024,-0.027569112911753787,0.03481728628011158,0.9725977102534321,-0.22821349860072718
36.375521092027604,-6.231360371050437,3.453889453063372,-0.0276184701558725,0.03566567392930744,0.9725703389170747,-0.22819317007720366
36.364363235329115,-6.2360013388236,3.452806152419548,-0.02718259485048443,0.03570912617455474,0.972524496140169,-0.22843394266582087
36.35513798489042,-6.24074351264337,3.453003356213493,-0.027104100755563965,0.03578843452328873,0.9725109129639075,-0.228488708289914
36.34507729771961,-6.2461615873634,3.4529684121396222,-0.026661960453116317,0.03555702599544033,0.9724785056349795,-0.22871468876724688
36.33323097245484,-6.25200742539417,3.4524761037361493,-0.025706875842735365,0.03576919418937201,0.972447805781441,-0.22892135797905605
36.322035480820595,-6.258696256368918,3.4531047461059785,-0.02479954209573403,0.03668687378730696,0.9723931151959774,-0.22910847725582195
36.305929583777,-6.266555291544706,3.451415950057193,-0.02263785031067106,0.03726068504218102,0.9723113110951821,-0.2295863457169296
36.29065050585987,-6.274377806844134,3.451598301070483,-0.02148236294630864,0.03814410310322989,0.9720797151429269,-0.23053104729066862
36.27203569427801,-6.284822872807331,3.451491936787324,-0.020448917027454237,0.037977800882716996,0.9718231095324857,-0.23173124399375486
36.251433969396956,-6.29536046216266,3.4511152509809264,-0.019307737956826748,0.037747131043587935,0.9713064885987752,-0.2340215030513105
36.22768653548236,-6.308153874442429,3.4510272714632926,-0.019326960544600723,0.03863711764426487,0.9706493109479013,-0.2365872927894265
36.2032053999673,-6.321556540379079,3.450032580140654,-0.01869176162234015,0.040226756357632364,0.9699134070418153,-0.23937503464201068
36.17625831294872,-6.336126742436137,3.4489735306362608,-0.017384738667088524,0.04127768107603918,0.9690143086205661,-0.2429098452053882
36.14832851275181,-6.3530563036628935,3.4492244497976614,-0.016911911838116876,0.04044419502515542,0.9679967813073784,-0.2471041992676201
36.11775817910423,-6.3707651426695575,3.4495701095315603,-0.01709191288898967,0.04202097419996616,0.9668010595982474,-0.25147129992730555
36.08557259697953,-6.389598694863709,3.4495210638332416,-0.017733505747103376,0.0441962866111024,0.9654864282775264,-0.25606284602165863
36.05187326406959,-6.410520616846334,3.448973853538183,-0.018760469684942896,0.04478434237717321,0.9641875379150289,-0.26073894933101693
36.01745135514301,-6.433076858476974,3.4488186563909586,-0.019836288563846137,0.044833558146726474,0.9628467201607308,-0.26556103147395277
35.980641742416246,-6.456798468834944,3.4483233357517555,-0.01795120061874058,0.044555034123424125,0.9614074767284853,-0.2709026931551671
35.942468744323975,-6.481692428949366,3.448497655688998,-0.017754989759199417,0.04490222280766922,0.9599981989570452,-0.27581157374237625
35.90282599848908,-6.507714420457694,3.448229899765785,-0.020235552860647175,0.04597469066479968,0.9586221745138875,-0.28021487520964566
35.86265989280664,-6.535255267374934,3.4481292802086827,-0.022205671785880853,0.046979187162893954,0.9573792194777018,-0.28412125641048597
35.82056811757751,-6.5646559201493755,3.4477966640623805,-0.023310087100513,0.046609175363871456,0.9560613583262868,-0.2884976574688261
35.776748866501876,-6.595413608253615,3.447685938486135,-0.02405333501889278,0.043484451303939874,0.9551528402174336,-0.2919136832022998
35.73220267313923,-6.627239911773245,3.447240398805313,-0.025516192291006334,0.04230043201608996,0.9543212512756338,-0.2946702323898888
35.68684318804174,-6.6605349406567065,3.446868229560039,-0.02473777842331836,0.03999494175325348,0.9537336641690004,-0.2969520986059513
35.63926190461652,-6.694797453954504,3.44635299365455,-0.0247557493721775,0.03817831325913795,0.9535171999482709,-0.29788340398299407
35.59304812803374,-6.730851237478593,3.4458678428329925,-0.024527443611090254,0.03485726259887435,0.9536017257529402,-0.29803877951320484
35.54299746697212,-6.765702399531055,3.444370353023235,-0.024703419194721066,0.03599192672197646,0.9530167596360045,-0.29975552465905586
35.49262513965214,-6.800099579630744,3.4427769828370245,-0.024834468049253607,0.03695958086789999,0.9525533196776738,-0.30109701832017494
35.440367287465556,-6.838015278559807,3.4421047924649386,-0.024561945581261048,0.03786030130759212,0.9523344982971482,-0.30169904482403614
35.386992163351316,-6.877552889638818,3.442138790382117,-0.020302243477917106,0.03536255898591897,0.9521045772525201,-0.30304155361012713
35.333115506545695,-6.919139656002548,3.442829521864768,-0.017170634226147653,0.03335681325975564,0.9521212999437998,-0.30340982385944626
35.276274325269426,-6.960515371898495,3.442173598459327,-0.014935279410267609,0.0357347392035467,0.9517805670185208,-0.3043250135254376
35.21875821417014,-7.001354883599601,3.44153351143952,-0.016163406517434607,0.03778309276668782,0.9514492343333587,-0.3050500454005075
35.16009013145098,-7.045583252041061,3.441365581191736,-0.017033620380248943,0.03594767917265486,0.9514718884827172,-0.30515385129019484
35.100190189610004,-7.0906627800797235,3.4414466310959924,-0.01749725762442024,0.03515186418877078,0.9513877842928437,-0.3054823628371303
35.03971973602358,-7.135968631173249,3.441768309976979,-0.01819132396942085,0.033611068882106694,0.951052993144303,-0.3066554530535816
34.980266909000015,-7.179688020292488,3.4414784301587034,-0.018244504894403456,0.0339220061660758,0.950590939309744,-0.30804757500084495
34.91865567034399,-7.2264825347304065,3.4411015048326483,-0.019517585384647436,0.03476580192878582,0.9501773718838821,-0.3091494052798291
34.85559176354425,-7.274280479445461,3.4412842581816676,-0.02040685640813563,0.03487647881236182,0.9494356684609017,-0.3113504672593024
34.79272924318767,-7.321978473730125,3.4413089960116423,-0.020581659061119577,0.03526197877130594,0.9485941586268146,-0.31385045362515257
34.727762821646074,-7.371929534549123,3.439832771723921,-0.021818123508676054,0.036919620391842475,0.9476632060576375,-0.3163784953314018
34.66011854440598,-7.424209869216676,3.4399952683583095,-0.023290626271351058,0.03811264943973254,0.9467102861191342,-0.3189743134206329
34.59591378833121,-7.473581875073016,3.439583639440503,-0.023321232829139383,0.03975570555016808,0.9457989300270062,-0.32146536078044613
34.53006425395718,-7.525620708765868,3.439230122608265,-0.022333206629018745,0.04001077840469951,0.9451661114801767,-0.32335953946596735
34.466727470004955,-7.576408283236773,3.4394640768779663,-0.020974714974050183,0.041170981564611166,0.9447880070176302,-0.3244081380424711
34.401234327420994,-7.6309446265011545,3.4406945628138565,-0.019205344427367828,0.03906577397802524,0.9447615570659623,-0.32485477835108195
34.33727508152836,-7.682140651387178,3.441564181686271,-0.018069214704304528,0.03881839301054387,0.9449431430777586,-0.32442118854450497
34.27451697665161,-7.7329297841303655,3.4424305813251586,-0.016966558955182648,0.03637564924398821,0.9452335781854219,-0.323917319251598
34.20862314371822,-7.785194555464938,3.4439403074885373,-0.016333883439659164,0.0355631540486625,0.945695618162807,-0.3226891109589286
34.144088691327035,-7.836613249066176,3.4442674358037912,-0.016878733857001147,0.03528859265348562,0.9459029158793992,-0.32208306147336657
34.08040019498628,-7.885915864042715,3.4444744223624273,-0.01763234979201441,0.03623253262788562,0.9462835195593594,-0.32081741534263847
34.01711645258771,-7.936138571497779,3.4453504500124232,-0.018079992892817077,0.03700518796315899,0.946770371425663,-0.31926414305151807
33.95292078132361,-7.984812824794024,3.4465372096515114,-0.017051360505822673,0.03652781323799298,0.9472002616432914,-0.31809847057245244
33.88811668498623,-8.03363921870535,3.447077254967624,-0.016246165580193234,0.03701259568315308,0.9476044117837531,-0.3168785107506258
33.82422228565394,-8.084217897837076,3.448086714835263,-0.016638953405006967,0.03732087168147142,0.9480183707511485,-0.3155811605518591
33.7575242566634,-8.134041926119664,3.448803706599297,-0.016469088126918555,0.037638049545288245,0.9484594628495001,-0.3142241059182228
33.695279815858314,-8.18171610641815,3.4498291289091707,-0.01663444171910835,0.03683085169368838,0.9488236582286943,-0.31320990256248854
33.628967097251,-8.2318083040197,3.4510213790534294,-0.016312392944787698,0.037044513993906014,0.9492732138373475,-0.31183645045627423
33.56400118457348,-8.281397375454409,3.451015707223351,-0.015584166506289623,0.038129492892551756,0.9496355829109902,-0.3106372893881399
33.49769722863271,-8.331605337741086,3.451892527882267,-0.014742093164025907,0.03907247370755314,0.9500148323432094,-0.30939911587898755
33.433261462485625,-8.377380700355538,3.4530531284782313,-0.014874252983902613,0.0382645072670242,0.9500959997234241,-0.30924451528599955
33.36527040820231,-8.428166449579521,3.4537844837732123,-0.014717102707205377,0.038468717562902606,0.9501938383712389,-0.3089259236624544
33.29801306436707,-8.476974982521156,3.454606457889051,-0.015488840959746057,0.037618341132662825,0.9501706283828891,-0.30906430991751394
33.228451910883656,-8.527863920131932,3.4556315350668267,-0.01509534424182749,0.03758501716342117,0.9501726200730464,-0.3090816813651004
33.16151231313732,-8.578746053719167,3.456974216008554,-0.01440373662220105,0.03693866918145559,0.9501851033272929,-0.3091542448352499
33.0910609508012,-8.628792870102561,3.4577043382960557,-0.013684851422767345,0.03723960846124025,0.9498724080032945,-0.310110219771746
33.02431225241722,-8.680675833747877,3.4587632697707136,-0.01419504213896426,0.03779432684267474,0.9496538318943556,-0.3106890320911059
32.955283665139305,-8.732680018846228,3.4604204071285083,-0.014570763299525382,0.038227977558356656,0.9494850428795764,-0.3111341475211356
32.8868368880221,-8.784904353493541,3.461315908135112,-0.01283049242983287,0.03783945109834569,0.9493494140110467,-0.31167167758393594
32.818718637250626,-8.834828534701346,3.4629577321954024,-0.011278796837194403,0.038673256997121035,0.9489871947501861,-0.31273066595203614
32.75139292677323,-8.887911891451484,3.465153832637329,-0.010816794221240555,0.03795344317425547,0.9487661687757326,-0.3135048326278148
32.68317715146561,-8.939780884365739,3.466866527295188,-0.011917325373402163,0.0369503982061044,0.9483892560500529,-0.3147228458668425
32.614361365180734,-8.992885322378047,3.4687631083060273,-0.01399618391076287,0.035858271274853894,0.9480268742699617,-0.31585334910903645
32.54605197722613,-9.045780938920863,3.4698151213569304,-0.014629518294098816,0.03619140512463561,0.9475413914046521,-0.3172403871511913
32.4792353958958,-9.09848430245139,3.470859302522282,-0.014617851157050462,0.037043904261897236,0.9473090564956893,-0.31783585103526213
32.41242615169274,-9.15164335465647,3.4726380358522206,-0.013869042706116873,0.03694210617270009,0.9470514192936785,-0.3186479642709216
32.34482544747036,-9.204174591319116,3.474133129990374,-0.013800880066609266,0.037775945751931925,0.9466298122658962,-0.31980387274370564
32.2774856629734,-9.255483457519171,3.4760186784559908,-0.013642534432075443,0.038897935377625245,0.9461226892809749,-0.32117391997106687
32.211175856636245,-9.308300714780724,3.477245085213738,-0.012222560940916834,0.03937065557580144,0.9459760638373241,-0.3216051085603815
32.146305035150846,-9.361603319952039,3.4792152158664944,-0.011126277355592285,0.03932289036998077,0.9458477617135173,-0.3220278133288291
32.08073938315562,-9.411704656835912,3.4801447196193678,-0.010918281633088682,0.03909206412336597,0.945273233023755,-0.3237454457204329
32.01785459906664,-9.46456713719764,3.482685139584992,-0.012756278578143576,0.03695156036427644,0.945285765214668,-0.3238930207208634
31.953295530485015,-9.5147680849254,3.484586795333504,-0.014927264728195989,0.036890721345632496,0.9448627316218048,-0.325039490180369
31.889713552681574,-9.565576083645755,3.4860952348289977,-0.013743267732339672,0.035158278476989796,0.9449158222435143,-0.3251293771447463
31.828046848737134,-9.615779998058247,3.48766482090256,-0.011655106899225184,0.03380178924667018,0.9453031838958964,-0.3242275254562042
31.765124050277752,-9.665436788288105,3.4897107044420257,-0.010864975208609738,0.034446267031828764,0.9455010564980739,-0.3236095508143184
31.704215342300202,-9.71362806172053,3.4913943872941537,-0.010729311256468445,0.036413585440952446,0.9458238306422415,-0.3224534289951152
31.639442994302243,-9.764096095953345,3.4928744182795906,-0.012392189891242158,0.03956700515581227,0.9461143497709776,-0.3211674427908501
31.574947821712716,-9.812723111249994,3.494594435221506,-0.012465606952818349,0.04099745991888642,0.9463379712451916,-0.3203252333761748
31.511533378517502,-9.861180735556072,3.495617415555053,-0.012343748973803413,0.04210057990715759,0.9465634053636203,-0.3195198046903709
31.44956382956063,-9.909546929472635,3.497397204156739,-0.012548735851333464,0.04283019545007546,0.9469245060483719,-0.3183427088601512
31.387486587196562,-9.956952501918252,3.5002525381427834,-0.011864869050871548,0.0419443756902896,0.9472056812314749,-0.3176496340985382
31.3274476637499,-10.002455636428316,3.502738833458139,-0.009814862495993464,0.04193887522368594,0.9475174244760596,-0.3167894013402489
31.270091709379876,-10.047032936951034,3.505373136843506,-0.0047363194673073795,0.041131518905549905,0.9480488793250148,-0.31541890471107387
31.213321174559294,-10.090111305930272,3.508256351182368,-0.0015887443174304808,0.041449013325354,0.9483758378448144,-0.3144244285557513
31.157755389024356,-10.133235503226725,3.511723225089611,-0.0001616658848533298,0.03974344858290466,0.948738094187281,-0.31355456912588325
31.103203372640408,-10.173372090281696,3.514704275840259,-0.0026307078870014505,0.041061424923111656,0.9488120758093888,-0.31314961790440976
31.048632641562406,-10.212539252035324,3.517403656791238,-0.004425489176673977,0.042172848923111836,0.9487552845723534,-0.31315375603605605
30.9972215428704,-10.251039164538078,3.520356730288036,-0.0046589539921668794,0.04336186365919087,0.9487980903404237,-0.31285815742469425
30.948297617588956,-10.288990868206412,3.523034768138004,-0.0038614848964737595,0.04437440984794104,0.9489571403149762,-0.3122440363088687
30.901410879824844,-10.322358800713001,3.5261221649851606,-0.002284438944687352,0.048230928374573344,0.9487501486927665,-0.3123166985743565
30.858894297879655,-10.354933108927742,3.5287535077988323,-0.0009682976093297853,0.048742385675261984,0.9487452562311565,-0.31225900259448147
30.815318690889484,-10.386900917751294,3.5314787696073964,-0.0012579231463243255,0.04833903609982221,0.9487221600163304,-0.31239082757987585
30.773741186182544,-10.418101135571154,3.533974132278672,-0.0011676973707957776,0.04650241585633494,0.9487771392353264,-0.3125029722782024
30.732660756245387,-10.447342360733252,3.536661827573255,-0.0019667902649978613,0.04726750984944779,0.948443186207149,-0.313396601691936
30.696306694962768,-10.47598649005116,3.539540907580747,-0.000845421117562296,0.04725078258975809,0.9486645073374083,-0.3127335913296045
30.6585707050755,-10.503990321365166,3.5415576891863623,0.0022698045519026935,0.04632328135940399,0.9486792644321952,-0.3128204885007928
30.624911445648504,-10.531348159828642,3.544342692481159,0.0035987909021943476,0.04440003969329202,0.9488940213321718,-0.3124352858349477
30.58960105483126,-10.557596604931994,3.5466224728586013,0.0032255548241928774,0.04428576437470953,0.9488401717657579,-0.31261907799334027
30.554781328818237,-10.583305026505887,3.548656348855907,0.0022577004772445087,0.044112538644889066,0.9487933865906106,-0.3127940285527258
30.52100809190211,-10.608263730469126,3.5517024815870997,0.0007033660694265822,0.044070430827509874,0.9488614277120894,-0.31260086201055115
30.493706947205844,-10.631360014455055,3.554065907525178,0.001416942897179511,0.041680290259376425,0.9492363712260729,-0.3117868603902029
30.462082453465534,-10.654928101899241,3.5564012140234134,0.0013927190519843527,0.040987159561429634,0.9493836781580406,-0.3114301586855972
30.432083624696126,-10.678520305730483,3.558398374676365,0.0013578219041889192,0.041247051169958776,0.94955474495519,-0.3108739709919941
30.401688908811806,-10.700511654730468,3.560083760892283,0.0007460236555610077,0.043350855026936946,0.9496442602443173,-0.3103158703138604
30.3719300436347,-10.722700530936894,3.5615180044693524,0.00038725321517560254,0.044620097399209885,0.9496922273634315,-0.3099896501640724
30.34382984276067,-10.74311586831611,3.563198742402843,0.0003150940351661683,0.04589325765696242,0.9496463158035255,-0.3099444922544921
30.315767534150353,-10.763812428389187,3.565131501043222,0.0001446824753793602,0.04601139947268895,0.9496553382436084,-0.30989944825866456
30.28904618939974,-10.783636190201056,3.565847712653479,0.0006525397937153554,0.04705932694703549,0.9496684480885617,-0.3097012148777264
30.261778002274955,-10.803182212004636,3.567017710849562,0.0009986373006343726,0.047851133154009434,0.949453309202808,-0.31023809710222966
30.23625099132633,-10.822513564159543,3.5692383927420934,0.0009480621887249839,0.048516543746853255,0.9494756029278029,-0.31006663676184115
30.21170107269982,-10.841360878428192,3.5707950011105893,0.002434751815774953,0.0480667712330804,0.9494770624776023,-0.3101241183301151
30.18820129547787,-10.85957487005659,3.572748042622152,0.003822283575243514,0.048877169935913255,0.949425349102724,-0.3101417792464835
30.164475979808714,-10.876155730636452,3.574758195022085,0.004862082246699086,0.05095487170196606,0.9490850691989793,-0.31083353520552337
30.142797398257642,-10.892246075673885,3.5764018430950273,0.0050074997588487515,0.05328131422737595,0.9487154297316496,-0.3115686947880468
30.1210551536456,-10.908505321501437,3.5777303356786803,0.00517463879751433,0.05437639020578894,0.9482091628824768,-0.3129150280031063
30.101133995443682,-10.923751599475553,3.5790562839506137,0.005793033326583395,0.053802531022848515,0.947632952385662,-0.31474358124149504
30.08193632059139,-10.939395923043989,3.5804193709539547,0.006987159036676328,0.05304028924712017,0.9473520298513728,-0.3156929479307578
30.064011922835263,-10.954234273407847,3.581883756845315,0.008019809834712996,0.05169394635137656,0.9470871118088914,-0.31668505842375755
30.046787389630303,-10.967848241571087,3.5836432206188036,0.008155815600407094,0.05106548045538283,0.9466624984613069,-0.31805018985335587
30.030412808246158,-10.981058534149856,3.5852570163757633,0.008264281196197187,0.05111489786031587,0.9462517178846158,-0.3192595666130414
30.015199613881006,-10.992543915339839,3.5869338562689492,0.00794824258663078,0.051679371081214454,0.9458271076120731,-0.32043272509667914
30.00106342427399,-11.003753795619748,3.588116341339436,0.008024150661503962,0.05212058726313115,0.9454672741882375,-0.32141979473848487
29.986900472438816,-11.014303169489446,3.589558361708413,0.008281137326742823,0.05288353988215387,0.9451870480358312,-0.3221120730601927
29.97399485975174,-11.023928940947568,3.591348241943983,0.009066125617173982,0.052893309841992246,0.9450796171487029,-0.32240443109576367
29.962978351124004,-11.033541140360958,3.592498711043895,0.010429374223052951,0.052184791182509196,0.945246528656444,-0.32198909933041275
29.951920493874912,-11.042191435581616,3.593686311875807,0.010885270489284605,0.05268224066486936,0.9452845592940878,-0.3217812902613365
29.9416827835788,-11.050154803223847,3.594402990014359,0.011070736399947222,0.053306212382129584,0.9453783091187457,-0.32139654541437307
29.93154130447235,-11.057952600210882,3.594887133480583,0.011716005516779069,0.053651698449706825,0.9454926642244785,-0.32097953858674166
29.921900933207443,-11.06527285361919,3.5959171037799678,0.01230603890009482,0.05366535109191907,0.9453067937000906,-0.32150219873340713
29.9133803367235,-11.0719524209502,3.5966546451948744,0.012769658264438011,0.05370640264820211,0.9451176387362459,-0.32203294735839794
29.90527980515866,-11.078462157510396,3.597496949496005,0.012719038398376868,0.053889983567339046,0.9450892586788187,-0.3220875534418636
29.89759967986584,-11.084387158591724,3.598138095152322,0.0131449713372831,0.05386240354231442,0.9450208513542968,-0.3222757079007397
29.89069122852402,-11.090058588143794,3.599107276773843,0.013705292977166723,0.05333414016931256,0.9449672304885078,-0.3224974147230734
29.884250889826852,-11.095689913745296,3.599745606729684,0.014494431597131159,0.052405417441923986,0.9449720873192055,-0.3226008883892777
29.875909018154836,-11.102543390960985,3.6006922649686857,0.014501873523916539,0.0524723530797181,0.944902961860227,-0.32279210842360845
29.869687848420586,-11.107001061897236,3.6011970228902186,0.014331660179028906,0.05313043791220756,0.9447615570659623,-0.323105807989084
29.864496384036503,-11.111307298136882,3.601770657844014,0.01423133950302664,0.05345902332053384,0.9447237025373986,-0.32316670468079656
29.8593112418813,-11.115616171558521,3.602434467686365,0.014629833200264761,0.05321339204374637,0.9446740634882579,-0.3233345313403384
29.85466331048475,-11.119164896171448,3.602791481024056,0.015198957145383987,0.05287968288189746,0.9445951829828042,-0.32359337995796167
29.85040502461382,-11.12275066441812,3.603211694538686,0.015470246193995157,0.053031221177743205,0.9445483295294242,-0.32369246041343375
29.845461356038427,-11.12621735391718,3.6035820632515936,0.015388697527693989,0.053429826410190465,0.9444361478699808,-0.323958031117509
29.84142769072652,-11.129355217469453,3.6039449217375363,0.015433273562451106,0.053606012808576284,0.9443909906160767,-0.3240584419701675
29.83762195912787,-11.13242519603218,3.604289297430796,0.015696310486125846,0.053889645322856,0.9443475353708288,-0.3241253783099778
29.8340770978602,-11.13513027372628,3.60465811121621,0.015898618199657023,0.053885528699524635,0.9442617787668539,-0.3243659456319074
29.830909220334917,-11.13751376153429,3.605032801448644,0.016015112340595612,0.05394782658000292,0.9442167315350259,-0.3244809861838211
29.827928669140622,-11.13969843086843,3.605322269019851,0.01620724608018151,0.054169601434751594,0.9441507230825493,-0.32462653924467294
29.825648886438007,-11.141687998350143,3.6056902195396816,0.016102757254092846,0.05418950768656405,0.9441552526803132,-0.32461527558676256
29.82307293721338,-11.143454644174213,3.6059103912604087,0.016171586144463786,0.05416648012749516,0.9440838103428838,-0.324823405179268
29.82101170226064,-11.145046445353307,3.606089958677842,0.016399852495549098,0.054017779476213494,0.9440437109326624,-0.32495321777197894
29.819207284393276,-11.146371206645018,3.6062573934377014,0.016557210110708452,0.05395556869348314,0.9440074376903316,-0.3250609665147941
29.818413907609017,-11.147558033951185,3.6065916106566647,0.016503274778720746,0.05396361781606953,0.9440341060779209,-0.3249848887835741
29.816528300096586,-11.148945796659564,3.6066156108238943,0.016779787051794136,0.053817697041481594,0.9440401357598581,-0.32497741478710424
29.815961970736453,-11.149772562402845,3.606762983365172,0.01685726628642418,0.05394253412305565,0.9440427638683371,-0.3249450675352994
29.815043422034343,-11.150453921402105,3.6069392999904437,0.017014794934434595,0.05407738075798677,0.9440028363504472,-0.3250304283151941
29.812541465271735,-11.15198022669961,3.607119180587148,0.017364879551174595,0.05420365243609172,0.9438982859696883,-0.3252943919502396
29.81204951274746,-11.153081963047839,3.607319104541503,0.017656952530559208,0.05444282440206376,0.9439975799038545,-0.3249504236467627
29.81107325928076,-11.154055443696869,3.6073858020016587,0.0179483640173543,0.054377686576038704,0.9439921734680412,-0.32496107709355554
29.809463784704327,-11.155297616005917,3.6074934579043827,0.018061594458297595,0.05448042156165694,0.9439865223283125,-0.3249539932384457
29.807551418149217,-11.156689124983805,3.6078224945471646,0.017825195680128206,0.05447295015819418,0.9439694424210341,-0.3250179166570145
29.80543035188029,-11.158212279157388,3.6079882655866555,0.017899835206527385,0.05430286126826469,0.943935494793147,-0.32514085097918427
29.803316459190974,-11.159879463268894,3.608157290042257,0.0179157824097486,0.054347716521856396,0.9439260230213757,-0.32515997888380116
29.80109426974872,-11.161766981620374,3.608282844772745,0.017937565559655175,0.053979062891465424,0.9439554325621305,-0.3251348201630733
29.79831938503782,-11.16379255748646,3.6085804584620433,0.017967830985295957,0.054106433458312786,0.9439112942274623,-0.3252400706601931
29.795903963346735,-11.166070543899133,3.6088131592997996,0.01791003757225184,0.053928080302396694,0.943986175050466,-0.3250555337191507
29.79277888422692,-11.168672157567325,3.609238514580767,0.01768802881140549,0.05403084922835201,0.944046946728605,-0.3248740819595665
29.789652198741777,-11.171456726677206,3.609722653893897,0.01749220810916873,0.05379879121734562,0.9440698416410859,-0.32485666983144873
29.78676877007877,-11.174013920496108,3.610057546857149,0.01756881416396982,0.053635712912158455,0.9441080143780793,-0.32476853268512224
29.783066701640568,-11.177431832525645,3.610429101280616,0.017734605280920808,0.05333258696470249,0.9441853968366523,-0.3245844425959291
29.778869114203857,-11.180819883636051,3.6111677526860575,0.017509400028156978,0.05351573300100998,0.9441429422245149,-0.3246899938785999
29.774005170165076,-11.184688179346267,3.611522627962046,0.01763230343096216,0.053705583931551566,0.9440900448944906,-0.32480577638686225
29.76951808099846,-11.188932179545802,3.6119983266736853,0.017564838034141696,0.05387730394318377,0.9441653061001484,-0.3245621519996075
29.763040984909868,-11.193096662939098,3.6125845521955,0.01758987610975196,0.05413356930679552,0.9440607184677715,-0.3248222903304043
29.756904031863314,-11.19765404734553,3.613054484936555,0.017703011508160848,0.05418625888629608,0.9440176426402681,-0.3249325313933502
29.750372316870923,-11.202721298234906,3.6137503407271225,0.01771720583533233,0.0541116081751192,0.9439689057091429,-0.3250857429554329
29.74437964391752,-11.207992355352353,3.614403688485197,0.017786071515187504,0.05419545410748685,0.9440174611146668,-0.3249269744730304
29.73752556969221,-11.213451652841307,3.615290804814407,0.017504568547814514,0.053986912803363735,0.9440386441274667,-0.32491543750397917
29.730439505295998,-11.218813591764295,3.6159838794022647,0.017376640967921454,0.053474495015162625,0.9440020392035224,-0.3251133377503498
29.723783353158126,-11.224809083615964,3.616779698769875,0.017405173958350673,0.0532253929965098,0.9440928070244466,-0.32488903148489867
29.716560692642066,-11.230647964767243,3.617464762291732,0.01772047044446306,0.05337681021951338,0.9440873379992932,-0.3248630553678226
29.70902152222149,-11.236661928397275,3.618439710876146,0.017405782641020145,0.05433260457303819,0.9441154404020745,-0.324639886218285
29.702028775659947,-11.242549344235636,3.6193071645805617,0.01727603102167105,0.054752690877934315,0.9442071442219852,-0.3243093253642684
29.693426340980906,-11.248765369328922,3.620074152108529,0.017156472022236333,0.05500592595738609,0.9440716173349846,-0.32466717251077043
29.686006553034453,-11.254970502134183,3.620696881544916,0.0165532964777041,0.05622099164878361,0.9440752791998568,-0.32447966353420704
29.678392033100955,-11.261159426527831,3.621723630889406,0.015699823519345214,0.056998388464165224,0.9442007368441031,-0.32402107839771443
29.669632958308256,-11.266984062302184,3.6226332490765287,0.015465191243788793,0.05709181001207216,0.9440546178883307,-0.3244414327381782
29.66282172556043,-11.272951377791486,3.6235339039850203,0.015642051898032323,0.05635948182617322,0.9441030978603427,-0.32441992706987655
29.65647190021729,-11.278007052382808,3.6243830796534837,0.015470701697453825,0.05643113850814441,0.9441421451958826,-0.3243020280634422
29.65018798584774,-11.283260582470456,3.6251066545388824,0.015338525996628306,0.05657167826727511,0.9441464538773076,-0.3242712869990039
29.643937854054165,-11.288499460051794,3.625796725701335,0.015185975301280638,0.05627985555742009,0.9440347374600337,-0.324654237711435
29.637791369656732,-11.293179043521725,3.6265545716524485,0.014831247183563528,0.05631195475771569,0.9439674692140506,-0.3248606130438627
29.632438645871844,-11.297239166373908,3.627091590540161,0.01458247008453888,0.0558995969998792,0.943955148416362,-0.3249788588399893
29.627812467023972,-11.300964361955062,3.627699553452686,0.014237936308418428,0.05569671968186892,0.9438172171194243,-0.32542928216623757
