position_x,position_y,position_z,orientation_x,orientation_y,orientation_z,orientation_w
-0.952285266648273,0.006003986245014312,-0.002123906037119891,0.003097327467280273,-0.0013782033192957755,-0.0032828003284620074,0.9999888613199726
-0.9355820067486909,-0.0005388577935051007,-0.004440586100991423,0.004458799655946118,-0.002359092105030667,4.705612483164842e-05,0.9999872743273691
-0.9190636745164094,-0.013000313865017134,-0.005193783739189838,0.005117552495742454,-0.002932800617839731,0.006458077299927794,0.9999617554384728
-0.9018813067470296,-0.030157825764886678,-0.0051676067187969655,0.004871264718438542,-0.0030612791336443635,0.01529774357353384,0.9998664245204346
-0.883200899615298,-0.048105885193762646,-0.0052755519290231,0.0025824403938851325,-0.003246237503384876,0.02514381405355063,0.9996752435136177
-0.8626514523610007,-0.06557365733675469,-0.0064811438316910806,0.0007294435994737151,-0.0040402763963621495,0.035040657166473,0.9993774517690084
-0.8400766538955264,-0.08050968947891873,-0.00571434832272502,0.00042417155205538604,-0.003943776681469609,0.04416075717600994,0.9990165613260351
-0.8176630825703635,-0.09989708792364745,-0.005093178704206005,0.0012429794391350224,-0.0036538367657391875,0.05500353436101587,0.998478700865281
-0.7945861335225829,-0.11505644587979193,-0.0036359728384887918,0.0019041546804563934,-0.0030910772880551815,0.06450994318462183,0.997910462255974
-0.7714533002141468,-0.12675554174232587,-0.0022837450986435033,0.0012302272498359865,-0.0027408831470783854,0.07284579930781984,0.9973386875976138
-0.749335580840197,-0.13413547072057383,-0.0002954347560545894,0.0006113002627675924,-0.0020692045547597406,0.07923585090569464,0.9968535648181946
-0.7255619838105434,-0.14318251319223269,-0.00011882746229437309,0.00023763154149756614,-0.0022193700674967105,0.08600160082613889,0.9962924983390309
-0.7012932052299651,-0.14882996823915806,-0.0007771670898463826,0.0009562377190402074,-0.0026645388067414676,0.09152645415719265,0.9957986207455822
-0.6759961342351193,-0.15437866897854038,-0.0028362294954600575,0.0028171149226370747,-0.0036245155782801642,0.0965508649755798,0.9953174632860452
-0.6519336394350682,-0.15585588742930723,-0.004082143598064674,0.002128902923974854,-0.0045606856144026365,0.10016040131205034,0.9949585673077949
-0.6260317617875705,-0.15747018161514087,-0.003964453511233484,0.0021409718523329275,-0.004943287123676868,0.10391076676114727,0.9945720343606528
-0.6006541873565115,-0.15940147344657732,-0.005902528858652471,0.002126755035349508,-0.006209797739979397,0.10781712084999918,0.9941490787528887
-0.5750199725603591,-0.15998823020786296,-0.006568908912498107,0.004032369100378859,-0.006649648748743601,0.11130733818670853,0.9937556107680555
-0.5489061783853139,-0.16173396104879603,-0.006768979958301176,0.007284810288541761,-0.00666751427742176,0.11509510833680255,0.9933053950420068
-0.5208340284321047,-0.16303547901623056,-0.009036667346950196,0.0073691810219254205,-0.008089975982665431,0.1194362524849614,0.9927815588769585
-0.4917222858822821,-0.16404720924908078,-0.011813576106607323,0.005131758261505819,-0.010240384481360268,0.12384064054914748,0.9922360160560205
-0.4615584837473835,-0.16354214753291743,-0.013664086081184152,0.003272078657451041,-0.011945474058737264,0.12800015367685835,0.9916968146050376
-0.43050748236661796,-0.16394175097415253,-0.014264001672330773,0.004413405877878284,-0.012614657622385245,0.13240413416036492,0.9911057214376268
-0.39897755835990856,-0.16352464695364283,-0.015042870824678797,0.0057469152844885265,-0.013373310362707027,0.13664538558938677,0.9905130870672786
-0.3661550125636782,-0.16147870377995882,-0.016258554911065894,0.005195164125948588,-0.014704108039810681,0.1406082789400483,0.9899424813038848
-0.3331486929351364,-0.15930802893663798,-0.01806234058186363,0.004301702505153674,-0.016498635699638838,0.14472638227270274,0.9893247952618711
-0.29988808577951276,-0.15659937867239343,-0.021495658513059294,0.004488391570423583,-0.01897233791529113,0.14860968275486178,0.9887037316551405
-0.2633965883644782,-0.15269145162253284,-0.027428072667471604,0.004898444134494235,-0.022772421221128727,0.15206458438372153,0.9880960388934041
-0.22993994816225305,-0.14485089928594072,-0.03317195200895799,0.0042066127018048315,-0.02686250793796315,0.15396301171179275,0.9877024452113354
-0.19551675008304836,-0.1374640148643015,-0.03976017885365768,0.003369108427276557,-0.03142076139706716,0.1560199342948291,0.9872482842125935
-0.1598245824503226,-0.12977271212802122,-0.04597331677184602,0.002318836529337992,-0.03604763081174879,0.15828362895785056,0.9867327322916853
-0.12287362453236295,-0.1221332406938114,-0.04945921110246035,0.0015193442417774585,-0.03949120040801052,0.16064096918986312,0.9862213832392536
-0.08827174092006596,-0.11372512992506342,-0.052887964189806236,-0.00021554500529329977,-0.04318175461662632,0.16283966235691974,0.9857071309651877
-0.052593637594284925,-0.10575495535195259,-0.05509233455757645,-0.0013897456956256094,-0.04630791988615908,0.16527837203498083,0.9851582151267821
-0.01558933031268217,-0.09791495180339505,-0.055941539861965706,-0.0030623812248670177,-0.049148229279720804,0.1678175001964373,0.984587404253714
0.021487543340366733,-0.09024082214505408,-0.055562059235093275,-0.004262830169061956,-0.050980051377455406,0.1704613385074569,0.9840354636613121
0.058657642557444656,-0.08066827033779767,-0.05260842494725891,-0.005555207322269312,-0.05188342692955845,0.17289164590971867,0.9835576872694846
0.09678762913329231,-0.07201894646167811,-0.04825349294697934,-0.0057101685091287884,-0.05172197894470077,0.17595738880268644,0.9830214792230398
0.13505570049022775,-0.06326604089718707,-0.04210302857699126,-0.006379288891774558,-0.05095024320305271,0.1789585271101274,0.9825157666700605
0.17313804827333645,-0.05668340886127976,-0.03586406795006725,-0.00586591582578133,-0.049892819460247886,0.18279038372044823,0.9818676016326677
0.21226087689049367,-0.048354158642635925,-0.028523635530296465,-0.00627924926130667,-0.048431480720302414,0.1867689390593046,0.9811892350935555
0.25265793146497284,-0.040615123443923706,-0.018951394354154494,-0.006639921112015181,-0.045649618096328455,0.19108158603926442,0.9804895938314273
0.2932747037482073,-0.03163731165870304,-0.01002827007375584,-0.00849858861459488,-0.043526636786434106,0.19529858931528124,0.9797406095501042
0.3340761584143037,-0.02327911036695668,-0.002374309886035153,-0.010166384563590763,-0.04201573189638085,0.1998475913916722,0.9788729534895003
0.375366371773163,-0.014282138280253043,0.0033716229895832672,-0.010968144455584163,-0.04126213123674136,0.2043936838570784,0.9779572330813928
0.41813996782884777,-0.0052257169424758665,0.007406718779112087,-0.011022813031847656,-0.04108764374341353,0.20929858865034567,0.9769260035139722
0.4600630707598934,0.0050297380725509155,0.012036920562596976,-0.011020711013672779,-0.040538847999180075,0.21375703575667604,0.9759831273909896
0.5030029478223079,0.015497281518549788,0.017273452678555068,-0.011750025644077889,-0.039981684340773836,0.2183448990219676,0.9749814930406496
0.545314546878592,0.02687230252031919,0.022997108224753704,-0.010703882293398897,-0.03865102962128962,0.22259171360416394,0.9740864759522806
0.5889799015384014,0.03958248741537579,0.030315377392421017,-0.010774566623230411,-0.03672814238498446,0.22686213834255217,0.9731744588412136
0.6317903165908829,0.05261745458844014,0.03930631030847359,-0.011321696765639046,-0.03399003601381314,0.23090498267221551,0.9723165064272649
0.6760407665322841,0.06745817251664643,0.04581821548108801,-0.01160932779274932,-0.032298315059186705,0.2348794479727045,0.9714183896935139
0.7211470720765614,0.0824662068154205,0.051420697823027356,-0.01093453904834964,-0.03102454386964773,0.23895167280285395,0.9704741240466078
0.7650743458494824,0.09900016209440088,0.055171208255685916,-0.010553819418652133,-0.03054680930650749,0.24226801070488288,0.9696709347046671
0.8098556592148243,0.11727269510286764,0.060449547137606086,-0.010750344325011773,-0.029536303171342863,0.24531164226542693,0.9689345799232137
0.8554976354721244,0.13536202860714175,0.06377174254761608,-0.009741932073689213,-0.02897114976972436,0.24848353720843686,0.968153754682155
0.9008751963664374,0.15433447913668907,0.06701634899949371,-0.009069854065434157,-0.028802383369131213,0.25127967253894895,0.9674433771833844
0.9442268063504069,0.1752563698558206,0.06860743053459795,-0.008498533129468596,-0.029119681444319093,0.2531703950120099,0.966946006601377
0.9874812906080903,0.19759333908481846,0.07125347647244412,-0.008301718834383394,-0.02909736602594877,0.2544566172857485,0.9666106998476517
1.0312045058550539,0.2239193304626369,0.07569476246282125,-0.00921274208385686,-0.028844585553841555,0.25474156755964306,0.9665349663365715
1.0756720027699322,0.24856813375303977,0.0807003454226049,-0.008715613212356824,-0.027744905909957644,0.25511015423631284,0.9664745602715689
1.1205807906897807,0.27426222430533587,0.08418398412346773,-0.007812583026551388,-0.02721995305888314,0.25534701069811455,0.9664346575127484
1.165086368776712,0.2984122878547164,0.08549304189175488,-0.006870507851763699,-0.027563615938905654,0.25613254537670266,0.9662241771154105
1.2123901997617086,0.3233737758417248,0.0885255519653268,-0.005603204243743804,-0.02733862671460381,0.25733178535609724,0.9659200603326319
1.2591359001639328,0.3486411201728439,0.09397927987300869,-0.005700299124026812,-0.026354279630838275,0.25872295651125615,0.9655751687682448
1.3061203725659691,0.3721323444672626,0.10116330487430725,-0.005358551558135448,-0.024218863197957005,0.2606548345380232,0.9651133589178996
1.3539928571186595,0.3937202688062762,0.10787630269789839,-0.004659110635438853,-0.02207741698486689,0.26348191226076323,0.96440041739096
1.4027444269699862,0.415118322780028,0.11284386224848492,-0.004090812883900497,-0.020930850276391383,0.2670983825227621,0.9634332424023961
1.4536946657141754,0.43428903646541916,0.11343896022396299,-0.0023054969544884997,-0.02166876450183506,0.27217468342865747,0.9620010878800647
1.5052870678380894,0.45554978393439205,0.11350325841038814,-0.0010485980121387036,-0.02289337714905149,0.27737334338873537,0.96048884268838
1.556645760430341,0.47591996849170526,0.11715687238235006,-0.0010076328516996295,-0.02256510768556635,0.28281994839676206,0.9589070213181748
1.6064751416712602,0.49889619348742986,0.125294014255054,-0.0021403623714235267,-0.020369904020700727,0.28749523359455503,0.9575630423207736
1.6565991332198888,0.5225067992215824,0.13243740653973557,-0.004491060765667245,-0.018932052811829976,0.2919432521216602,0.9562377053137376
1.7062074287193867,0.5472421106164354,0.1335882159044013,-0.004401190180537084,-0.019704966795072675,0.2956211113554042,0.9550918858946826
1.7532515094895622,0.5734368464727468,0.13282472902046227,-0.004157039960608096,-0.02169129691120801,0.2984373500192097,0.954173652478983
1.8003217370227826,0.601511963850828,0.12923086826302388,-0.004183712084448151,-0.02526773516497649,0.3007054089723607,0.9533731184521088
1.8501039364960654,0.6301221449716898,0.13012487861051847,-0.003678667614924462,-0.026279579304069264,0.30359216599874134,0.9524324903067909
1.8974821622201605,0.6581362521326211,0.1375958290526088,-0.0035888671818017762,-0.024046534423743632,0.3062084688225735,0.9516539556341417
1.9458553386875956,0.6877664753353534,0.1452241830410188,-0.0045338820221862645,-0.021924920116303443,0.30877314608650364,0.9508721743060657
1.9931945184737976,0.718512311065487,0.15044899722186056,-0.005739997704479776,-0.021029286544054178,0.3108754580288167,0.9502006522770575
2.0407588312477056,0.7482067008491589,0.15364160011948957,-0.005559675678584803,-0.021026120002626245,0.3133150344432084,0.9494001662589692
2.0893739742902895,0.7770872952834451,0.15409692768166605,-0.00513031045541627,-0.022058801923382925,0.3163727168442252,0.9483645956309131
2.135603072735944,0.8060082316536823,0.1557304172111067,-0.004284326498032948,-0.022694929164062832,0.31914637579213095,0.947423972826378
2.1827788431295145,0.8328682841699309,0.1577807583149764,-0.0035619781458556213,-0.02281326401077286,0.3227437676360036,0.9462047023589019
2.2300346456521423,0.8621593953536608,0.1619223711354114,-0.003348550878766245,-0.022186654222563957,0.32609411942048583,0.9450709846241349
2.2775779071424145,0.8924154649652176,0.16572625542366715,-0.003991517195770739,-0.02207009532264301,0.329509265296346,0.9438859090143065
2.325027842530625,0.9213141965637441,0.16696403186361408,-0.003139617701104844,-0.022582773576472884,0.3333332712771449,0.9425333406865256
2.3737245244739693,0.9509064557755809,0.16918605651332308,-0.002673617767518382,-0.022863193347925248,0.3372919657090678,0.9411186158734723
2.421415666321449,0.9798717965202763,0.17113825257305637,-0.0021720845277775685,-0.02321049711000827,0.3415314763318825,0.9395811901716558
2.4679054502434283,1.009791245532151,0.17346220262115697,-0.0019606172881689306,-0.0236206365959605,0.3453786216100642,0.9381640784341477
2.516637436026668,1.039552110420695,0.17639344271826896,-0.0004447521155526888,-0.023371536649143234,0.3498923008834405,0.9364982418613051
2.5642385588898566,1.0701301834885795,0.17896422059732586,-0.00016537293325540254,-0.02355889343412286,0.3542126974224904,0.9348680745345329
2.6121806893835195,1.103128550730533,0.18416770517243863,0.00020707248757434235,-0.022503554005220472,0.35827055411388237,0.9333465360590382
2.660016939252473,1.1354962446368484,0.18784283097510746,0.000719971631646621,-0.02200305598486688,0.3626096948876216,0.9316810423203127
2.707802027587507,1.1683169943179856,0.19047565127913585,0.0015479042234578418,-0.022051526027261445,0.36695940832611385,0.9299742552952174
2.7538904348666113,1.199623221030574,0.19162791623522846,0.002285032682673024,-0.022727568868748743,0.3713774002899285,0.928200983861029
2.8000383240805435,1.232343957274328,0.19475957424403267,0.001446183442616394,-0.02303559510943219,0.3753384346789424,0.9266004197593773
2.844923320884408,1.2683746466635126,0.19950394318819353,0.001441315923091783,-0.022433506393618442,0.3786968538320439,0.9252477388222912
2.8890874274512623,1.3064823845082691,0.2027419188888666,0.0007124798704635676,-0.02276206312160438,0.38150312702344613,0.9240869800600479
2.933785587296441,1.343504629139599,0.20484225853338778,0.00097785172452212,-0.023241979404677444,0.38457266049670746,0.9228015623726576
2.9792521768233016,1.3802175602658457,0.20499809522301482,0.0015059546245786534,-0.024731416246161996,0.3878583094657278,0.9213859262953253
3.025090706254279,1.417478834019259,0.20651972691800413,0.002013561239640766,-0.025689307540918114,0.39136487375184037,0.9198747367687448
3.0692440969727826,1.4555562229773518,0.20946806785854832,0.002313920721791955,-0.025882361314701157,0.3944911021118187,0.9185322594342973
3.115190302379358,1.4959561471046308,0.21436504935101985,0.002106806887400519,-0.02534964511111833,0.3974523828505823,0.9172701673279069
3.1606733704813674,1.5366176872879667,0.21914637192462605,0.0022696882702479635,-0.024725333694135765,0.400610707462194,0.9159118821340153
3.2061598527886592,1.5761884867062226,0.22190027943589397,0.0029898169618307307,-0.02483812150722543,0.40392460798859214,0.9144501312480613
3.249656323164074,1.6166241204761556,0.22529976938518537,0.0032330514106029113,-0.024869842283619104,0.40671973319176236,0.913208693142162
3.291434157723978,1.6577796159632068,0.22886894618949094,0.0033419496642635095,-0.02470370503639437,0.4091140000025398,0.912142693770772
3.335096148555136,1.7003122890140432,0.2327818856798094,0.004126846017925838,-0.024247733411855467,0.41156960370911644,0.9110463664595672
3.3787934921375626,1.7435048210714803,0.23537449480120887,0.005557393003567192,-0.02421388934358706,0.4138875038316471,0.909988969156983
3.4238433146055387,1.7855606127698156,0.23689771039311092,0.007918265342866104,-0.024478406337607908,0.41681546204615055,0.9086269825231378
3.4666155993063548,1.8275433895606668,0.23842715786619173,0.010344032095094026,-0.0243519221335384,0.4195675327212995,0.9073384506493883
3.5109437253330356,1.8688744077372599,0.24184649307867223,0.012457392380871533,-0.023480923173848915,0.4233031266607621,0.9055980935585104
3.55646192381458,1.9096958249358829,0.24436322847092418,0.014909433845881025,-0.022886788305728885,0.42798958032352113,0.9033708053086099
3.604477889087174,1.9504157682537935,0.2499655576430697,0.016124589166285702,-0.02139658645721274,0.43331920481971486,0.9008421851636921
3.649214135670218,1.9919734463824503,0.25644878098837154,0.0160684591306876,-0.0200195846647148,0.43807297187002425,0.8985728037579649
3.694664166539546,2.035315370628055,0.2595603247995051,0.01604121170380468,-0.02017472167840397,0.4429988779005281,0.8961515785454957
3.7422904670159944,2.0795436161124976,0.26187950324642273,0.016175961404073326,-0.02104261493864404,0.44832201348170586,0.8934779816936735
3.790272899424206,2.1244414411822348,0.2651060838209198,0.01698711035089844,-0.02142704778454599,0.45388623494525865,0.8906399993302685
3.835982690568418,2.169992210631766,0.2680448522976784,0.01772388036749769,-0.021696177722020555,0.45911508505264603,0.8879349472187492
3.88173471030285,2.2157685587268827,0.2732094510231672,0.018728300230839566,-0.020530497926141318,0.4644522082485701,0.8851620794308006
3.9280379163795205,2.26262936065348,0.2781183152729054,0.019193401795552997,-0.019867332689978232,0.4698522916483212,0.8823127175844468
3.9729714836454173,2.3107630867616513,0.2811398391373814,0.019584947254646,-0.020073998129433883,0.475209607924472,0.879425548152621
4.016978511874506,2.358304664182731,0.28501318131739906,0.019567509680702096,-0.020414696887647653,0.48044583775469074,0.8765683933814722
4.058521882472174,2.405781831708513,0.28760563297759867,0.019463921636448223,-0.021252132362704037,0.48533255429517597,0.873854568620196
4.100510261354623,2.455316250419335,0.29068599129963024,0.019483574634447283,-0.02202856063856113,0.4901439093701019,0.8711452639961564
4.143005657364842,2.5058424442858698,0.29530199714102334,0.0192365929079621,-0.022042839921348124,0.49501459222229666,0.8683919789812511
4.183295683306343,2.5584721254347285,0.30235830267741726,0.018313930050712034,-0.021223434822559974,0.49913451277026505,0.8660709564744227
4.223014797894928,2.610527666810834,0.30903741664604256,0.018095607136371403,-0.02002464075644214,0.5031727327957909,0.8637643040854149
4.262828061024818,2.66252963844149,0.31342163184831984,0.01836925313560655,-0.019848127333871382,0.5072162025001157,0.8613944211950678
4.301321045499862,2.715602279282183,0.31529080673588883,0.01993303357677531,-0.020249757811921003,0.5108294122994561,0.8592123918147192
4.334930620838976,2.7681919900385377,0.31638925845419674,0.02153670466105673,-0.020890698864919104,0.5136269728345145,0.8574888251024116
4.370326262569766,2.822121023176135,0.31885062574583145,0.022695993106501073,-0.02144401311409055,0.5164687257183331,0.8557365860426807
4.405495935934635,2.877286047558137,0.32070099025212206,0.024287486433378844,-0.022170268854716967,0.5190633237341598,0.8541029604942453
4.439325969006478,2.933053395205316,0.32676701289173504,0.025565665411282038,-0.020930056050031624,0.5211822485352755,0.8528056039388086
4.473846752403752,2.9908737987963647,0.3361076833671337,0.025423148666527905,-0.01866864443918961,0.5233713002981407,0.8515207647893006
4.505464303512416,3.046268256761609,0.34411846332018303,0.025662807664520726,-0.016408232332661227,0.5249556654148686,0.8505843564357144
4.535978164170933,3.1010614136213306,0.34959623944469564,0.02623797029656166,-0.015408589210965079,0.5264731527730465,0.8496470826649287
4.567829920224565,3.1567480139431954,0.35561425743547925,0.026679472380369496,-0.014339676810343746,0.5281939900087852,0.8485833341267977
4.596132976057736,3.212734050901499,0.3615421977249156,0.027144308198614995,-0.01296580015889055,0.5289825758450032,0.848099355422372
4.6265539660263215,3.2668726268436163,0.36822768102042325,0.02759940192040278,-0.011330430951031943,0.5305568880152055,0.8471241304779543
4.655629390836049,3.321381654195564,0.3719686933880473,0.028795789899162177,-0.010624027118438234,0.5317536987498171,0.8463426863062895
4.682388255659697,3.3754415561673348,0.3764571297328301,0.02918717444050635,-0.010024368908256982,0.5324583597916834,0.8458934420022174
4.709665597581373,3.429239697312398,0.3823835332428409,0.029851487486239673,-0.00836653364618524,0.5333919809277656,0.8452998779116048
4.737745083693112,3.483086228029337,0.3881296031027599,0.030096499545248897,-0.007123235096418814,0.5344730526229173,0.844619461943573
4.765994023773029,3.539231005116685,0.39070151486923077,0.03110061084043871,-0.007018026436444255,0.5353199146699158,0.8440474498046789
4.792213709731646,3.593650442653156,0.39435272146821276,0.03176514015556404,-0.006868072036942983,0.5357220759758632,0.8437687244810106
4.817793192796422,3.647736084675901,0.3969724212109611,0.032341287062145584,-0.0072405137336117135,0.5359728897925731,0.8435844197104377
4.842372839412306,3.699485206119874,0.4004145267070376,0.032446453138737785,-0.00760112681110083,0.5361531623235749,0.8434626434340862
4.862615622515453,3.7531970310133334,0.4033492422582068,0.031217431153109952,-0.008925967875922147,0.5348487011774786,0.8443237976218029
4.882268800468295,3.805556065039558,0.40553035709718444,0.03159957338633404,-0.009497794821181337,0.5328639202771661,0.8455573830775044
4.89942827620295,3.858260328435584,0.40950773206994384,0.030714660800274157,-0.01033273954487444,0.5301350369271147,0.8472937366892398
4.917469666282718,3.9080854925573867,0.4119519632369464,0.03127117628492839,-0.01053691262005436,0.5276930934542075,0.8487939012266565
4.9363222598524334,3.959778255549039,0.41657480115818224,0.030463591612450245,-0.010578014518759843,0.5249731887938426,0.8505076252989628
4.952658389839327,4.012169512013652,0.42103787011304394,0.02930153634487796,-0.010945184085854502,0.5212890073245956,0.8528067790042576
4.968356689284343,4.0660810569888675,0.42562890361793126,0.029312402687068962,-0.010596060178338558,0.5170337596733571,0.8553973259568868
4.983015656095805,4.120106211460936,0.4304537518349765,0.02798350446899293,-0.011082546760582198,0.5122242869029893,0.8583241670352095
4.998521201990583,4.172843709809022,0.43256049079859693,0.027894508290533426,-0.01209736981056103,0.5074718695127378,0.8611317235498948
5.013938819262654,4.223826436196136,0.4330979650027702,0.02784038457161896,-0.013903406648823287,0.5025532961286069,0.8639859865813261
5.030135299501379,4.277550224597249,0.43525905511844076,0.02771955967348943,-0.015157014917790007,0.49703221887429316,0.8671567670857788
5.046955678132806,4.330020054143155,0.4394828131042221,0.026559177947442527,-0.015602903743133698,0.4914326987256688,0.8703706417147196
5.061575871034698,4.381954913287554,0.44570446138934017,0.025390018184955246,-0.015141465059249954,0.48507526055409234,0.8739725790730701
5.078154333179236,4.4359448700455,0.4508279281303258,0.024345113272742983,-0.014776107450508596,0.4786821903906872,0.8775262637704634
5.094874176832466,4.486432809135435,0.4565314981977686,0.024020763591569433,-0.014129609561648831,0.4726098349160069,0.8808310222926239
5.112134112302599,4.538216916081463,0.45763316451230196,0.024369952241657816,-0.015138983408635363,0.46640937625548795,0.8841036157765797
5.12964372902276,4.589540562521889,0.46000761696055426,0.02443038676951921,-0.015797009965424286,0.46016057592203985,0.8873589259168322
5.14827890532904,4.638158489444732,0.46319853958541146,0.025166655328794637,-0.01576554876169205,0.4544244423489829,0.8902901304359719
5.165591994463931,4.687716422749369,0.4672164450231291,0.02473107056775535,-0.015931952412277215,0.44819931660478524,0.8934494540257755
5.183986844874294,4.736963841497125,0.4743439804468852,0.02376659448896001,-0.01480605899152261,0.4418797318385107,0.8966371825722894
5.206770455707998,4.783524479366709,0.47924182671730176,0.023077646504103877,-0.014001561760128971,0.4369171878234207,0.8990966369279195
5.2277556244149945,4.8299080226715185,0.4835829782766643,0.022038878112894653,-0.014048386620804452,0.4313253701125802,0.9018178125439532
5.246908549886478,4.877261733509145,0.48586174964414763,0.021515777176408863,-0.014935720880594559,0.42487928012488096,0.9048710394755646
5.269170435690635,4.924491868835528,0.48842743510249764,0.020732752960449612,-0.015863066198448773,0.41907742952161037,0.9075751399755994
5.2906749423142925,4.96949418558966,0.49260020216922973,0.02026808907334591,-0.015793088943264876,0.413366738009361,0.9102020252160827
5.311211740943509,5.01336924151174,0.49723864363681003,0.020149122696720055,-0.014955210817270104,0.4074178631609013,0.9128970598509025
5.334297198847993,5.056370578517211,0.5030236605444576,0.019684045129763718,-0.013831617259139471,0.4020832977785898,0.9152869801660865
5.356546434572162,5.097401884605691,0.506843597607554,0.019620779360062932,-0.013446503579107861,0.3970103471816269,0.9175058536966463
5.380291519371522,5.138878748840824,0.5097945456883031,0.0188666689644899,-0.013776079629625577,0.39205364736253634,0.9196456931952715
5.404458525282394,5.179784274723013,0.5129771174514964,0.018701345830233196,-0.01367974351859106,0.3872623773879919,0.9216783362279882
5.428950767266108,5.219309668719037,0.5182601667478312,0.017395253779773058,-0.012701795431673484,0.382368471523037,0.923758852984653
5.45296513171068,5.259973803422199,0.5233807639783497,0.01644534299311006,-0.011852230805900366,0.3773101731683423,0.9258650649232838
5.476924548568282,5.298949410172795,0.5272098409845001,0.01549657362508999,-0.011633380653110955,0.37241891693112367,0.9278624195277425
5.499363732832676,5.336515950878496,0.530102879053608,0.014633071934012547,-0.011755509386592892,0.3671872301716521,0.9299576471026728
5.522685066907402,5.375528549778272,0.5335825434513584,0.013039446332764347,-0.01176378825884725,0.3615222807624125,0.932198059809969
5.544677401896181,5.414006094298074,0.5383986808700223,0.012148788256676734,-0.010660700508994357,0.35520749495642867,0.9346477273190692
5.565951000220175,5.4513510217711065,0.543463001231045,0.010796869305375089,-0.009569074186605075,0.34886911570443224,0.9370604040747955
5.58718609997069,5.490594993038664,0.5470285610147136,0.00947695152522678,-0.009351003431649347,0.3414257126209968,0.9398144604058128
5.618408996292252,5.529482376061612,0.548123601937913,0.009384281263337282,-0.009983098092153564,0.3364130807924262,0.9416148480924312
5.6380522995711075,5.565164226871666,0.548130254754355,0.009578451042102757,-0.010829412911636001,0.3292580125884546,0.9441293058399473
5.6583826051996935,5.60228853371448,0.5495849609374623,0.009327579031204413,-0.010831775560422302,0.3216533369557245,0.9467495957981372
5.67743127973864,5.636059471137473,0.5538322165142295,0.008415985692631776,-0.010094142766269158,0.31404308658961894,0.9493177699807289
5.708625938045484,5.677916584201793,0.5582579875791751,0.00790262189365304,-0.008877755783734594,0.30694053838705215,0.9516544801827546
5.731561780582127,5.715004103804635,0.5612777867963306,0.00778724272464133,-0.00798702041206625,0.2989482660996718,0.9542041204145272
5.755969682643965,5.7506668099238905,0.5657030193335708,0.007458125667721565,-0.00659770468172312,0.29145635501342504,0.9565323054530825
5.781736295252255,5.785932998571254,0.5693661016843333,0.007574335808022411,-0.005434501273230086,0.2844465143532093,0.9586465866089776
5.807698196145853,5.818462309903148,0.5724013658608595,0.00802968746741462,-0.004567296532871486,0.2781075794228729,0.9605055124903079
5.834951071643803,5.849576057836965,0.5737327201605689,0.00802025073515255,-0.004570778043119446,0.2721331139503115,0.9622153338042462
5.863394334834346,5.8810480923370525,0.575298820770092,0.007432297511545658,-0.004614784470809784,0.2661592722947588,0.9638893642792337
5.889897910863347,5.9113201065748076,0.5769676264434245,0.006547590707873816,-0.0044540633149094825,0.2600076897677296,0.9655740807820475
5.918833834658579,5.941764064926529,0.5791842838284489,0.006234311710308076,-0.00416307893889737,0.25413985319937654,0.9671384265880281
5.947897325491578,5.9713775762061045,0.5802533209779073,0.006478551504890325,-0.004122252912284426,0.2483432289264176,0.968641667307671
5.996364371520817,6.010655404705487,0.5814586717619217,0.007093019508110915,-0.004417784835552708,0.24423589139165874,0.9696798476600449
6.029027908802276,6.039204939080549,0.5821997703750887,0.007536943764356348,-0.004516462482655187,0.2397959913669451,0.9707835373298177
6.061648036274612,6.0652893090820506,0.5839194746520451,0.007153938018345636,-0.004278969924236015,0.23608822723293388,0.9716958662823552
6.097855719607655,6.0907553831595775,0.5880125245662122,0.006532621911865758,-0.002817933769086459,0.23295316409941627,0.9724619338104605
6.133593853267588,6.116183143263087,0.5934483299828606,0.004943593391142971,-0.0010645915127585753,0.22965957500763462,0.9732578822154067
6.171001827665577,6.143120373197022,0.5969938095059694,0.003752164243582845,5.667224650483674e-05,0.22618370432638735,0.974077427394476
6.208533794140579,6.170166607561433,0.5996789468889234,0.0024174272853647364,0.0007725322033217925,0.22260026040462097,0.9749064938627796
6.246833924623583,6.196738252231134,0.6024799170910697,0.0019135818731363529,0.0018768481443199522,0.21894887297592844,0.9757326491189121
6.285626947439769,6.223032562889167,0.6057850208621343,0.0014385414889602588,0.003196119381968793,0.21523337113746951,0.9765563583180896
6.325521112471431,6.250247169975309,0.6083436542722938,0.0016015347596537177,0.00424636013332342,0.21135110526596382,0.9773996655808032
6.366169664882281,6.2783064337111725,0.6090268348361909,0.0019596192927812755,0.00469575140152173,0.20719719007943618,0.978285970026074
6.4075845605622215,6.306454578143727,0.6098114016780967,0.002212952802673797,0.00483471473399885,0.20282837435541687,0.9791998612411368
6.449312778715031,6.335195914560594,0.6092969973462228,0.003484868779786215,0.004761193237781898,0.19798640396245168,0.9801870070450563
6.491387553366627,6.364021957320011,0.6089574403888276,0.004117812109805378,0.004457831856601998,0.19293016140964908,0.9811937227936908
6.533531551932851,6.393683498238892,0.6067800697180283,0.004353964085126332,0.00328038375364422,0.18711434101285757,0.982323021588884
6.57430011810462,6.424540755681537,0.6062993867127795,0.0033954015944435358,0.0026448740372680673,0.18017691674996503,0.9836248006608388
6.615575781178547,6.458715984336631,0.6072777161324732,0.001661146282411823,0.002713265044265371,0.17168801153419447,0.9851462355368649
6.657491601750917,6.4946954132983095,0.6111051763100888,-0.00021757934227413785,0.004069766146089591,0.16200324471588418,0.9867818110015886
6.699285560229133,6.529082253433272,0.6127969595468689,-0.0016615441260618246,0.004557226200703442,0.1518691421586783,0.9883887040295531
6.743111480719849,6.566153780536154,0.614381311139276,-0.002899260813034464,0.0049669907866619,0.14097522549934544,0.989996420656342
6.787260890457612,6.601735109151569,0.6154234675130392,-0.0033575119612352772,0.005525975397854619,0.13006338334576495,0.991484595796132
6.833997774603599,6.636873313152376,0.6183658245965598,-0.0038567482094887,0.006866911384852845,0.11904266270625692,0.9928579093002936
6.880542201682696,6.670651600748589,0.621270026522291,-0.004576282713361343,0.008494915793138526,0.108052476025909,0.9940983626520157
6.931596640574306,6.7059944664310205,0.6252255451747692,-0.005853454111301831,0.010536029263179801,0.09666385086714506,0.9952441088716022
6.97899681910533,6.736780399761976,0.6279842615766906,-0.0066749074981209845,0.012140807962248689,0.0855782465593452,0.9962351231200136
7.03016734023393,6.768339832699089,0.6265915020887824,-0.007751070087486872,0.011904144563406181,0.07443891252661906,0.9971243967898733
7.082362133086523,6.797474707814396,0.62459202433419,-0.007618843840157335,0.011003335313501677,0.06360170497074043,0.9978856219610741
7.138232503709665,6.826167995588014,0.6222312383756332,-0.007872536702509748,0.0105161122891202,0.05311539557798304,0.9985019743612843
7.192071116266844,6.85050274961406,0.6233475139021554,-0.007248299757458358,0.011503628947459958,0.04325886867698364,0.9989713727970497
7.248554259602894,6.875243275568311,0.6243182450823062,-0.007451611180596895,0.012346989522594191,0.033232264044558334,0.999343611944189
7.304636056177751,6.898525903423673,0.6247647972262791,-0.007845222148583852,0.012923805165328492,0.023184871168221415,0.9996168699054356
7.364626795382069,6.9222134490440395,0.6247922202566638,-0.008975994527176984,0.013317391299888985,0.013109378074883915,0.9997850947128629
7.4237382833503105,6.944628271011375,0.6241015035013939,-0.009171331223755517,0.013605784939676228,0.002893236549344964,0.9998611935004378
7.487027862255166,6.962536082310781,0.6224590115131567,-0.010254359802628368,0.013341981252913152,-0.007239327336404495,0.9998322062981747
7.551578216926096,6.9802259393819135,0.6203928828208873,-0.010870489132157551,0.012758644040031245,-0.017088487100331774,0.9997134766776605
7.6162970070332126,6.996301020131698,0.6172218108475169,-0.01111597811727939,0.011769616154947619,-0.026500509855791072,0.9995176970168445
7.681200194186609,7.011647811301274,0.6143490155964768,-0.01202901137085089,0.010624043182191817,-0.03594116815591906,0.9992250255897666
7.747164543641505,7.026414374162034,0.6111672901415908,-0.012373665748438662,0.009770510753092659,-0.045506304538236605,0.998839621539261
7.814843685560808,7.038958521384835,0.6088571193458456,-0.012287893342071175,0.008516187721825637,-0.05481476235726751,0.9983846089259019
7.879249458865635,7.046479523925857,0.6039620870590334,-0.012831292260407237,0.00598162034794644,-0.06372079965540058,0.9978673441264811
7.9472847723994935,7.054701313105897,0.5987597521620973,-0.01341764243532631,0.003057286917068265,-0.07252817251517545,0.9972714212908848
8.018294193968417,7.06340623171152,0.5934230922359653,-0.014068000418858334,0.000606341881459078,-0.08133739819402323,0.9965871523884872
8.092231827323777,7.069887667729494,0.589693530140833,-0.015074753084839725,-0.0013051055709520979,-0.09048988256869177,0.9957824220505297
8.163991407647483,7.07505600064271,0.5880568525549297,-0.01603253923864753,-0.0025635767969393267,-0.09919461215371786,0.9949355853498636
8.236868224842976,7.079072350871123,0.5904057612168372,-0.015665202895375045,-0.0022019499850657533,-0.10800828071732523,0.9940241237645058
8.309751309922152,7.0804763744514005,0.5924795699895906,-0.015208416864581993,-0.0021862903985527572,-0.11655530877044569,0.9930653480826502
8.386316853956286,7.081532150425969,0.5883645882667903,-0.014753654222834499,-0.004821106862911256,-0.12518579870359361,0.9920118882366749
8.460390842803918,7.079753119014956,0.586379731041264,-0.015370326504343333,-0.006733973849131597,-0.13350801821836325,0.9909056545735669
8.536657074920008,7.076467252963822,0.587752585541299,-0.016394890663936672,-0.006677654079504256,-0.14203359170218405,0.9897035308252637
8.610930812752358,7.072364490139236,0.5903074557730577,-0.01752361189714457,-0.006529617345528861,-0.1507955924587792,0.988388078366408
8.69175036031742,7.070114151268834,0.589721939958098,-0.019239966916385694,-0.007688921196526162,-0.16037363324986148,0.9868388902461234
8.772091749899433,7.064213548253683,0.58901189096777,-0.019222825869531137,-0.009382155038312709,-0.16941611392136224,0.9853124544607649
8.850797516861213,7.055642234332282,0.5881632822399938,-0.01943964569127947,-0.010595797121850024,-0.17813794219654808,0.983756431112632
8.93257393466157,7.04691444790322,0.5872480323278069,-0.01927524240559762,-0.012960606901609946,-0.1874967950177351,0.9819905526795419
9.007557273083801,7.0389914858356,0.5845869974582456,-0.020372828845103358,-0.015698673904077753,-0.19749797941969283,0.9799658408829017
9.0893909145132,7.028897039717513,0.5846924135207558,-0.021607915763059832,-0.017079003650752232,-0.20867918065846852,0.977596239367079
9.176464943254297,7.02032503446086,0.5884393726235686,-0.02278604585972721,-0.017248170436083312,-0.22127439228602178,0.9747927690013162
9.264853884359896,7.014530504351021,0.5901000175180684,-0.0249022837435279,-0.01794136259571818,-0.23534283874305187,0.9714276777717142
9.344749330766517,7.004381427910691,0.5915262161329764,-0.026944450094545273,-0.018764168096335583,-0.2488019882548181,0.9679976587543075
9.432669970814239,6.9853968419195525,0.5936461444078471,-0.02851103780545003,-0.019858877039886567,-0.2620381115788358,0.9644318369311713
9.51662731841459,6.972036828133587,0.5968927134377715,-0.0287827516235319,-0.020607944748172548,-0.27568822542773,0.9605950621517123
9.600925541206333,6.952182403254694,0.5985486091904697,-0.029323356190423117,-0.021514470521477577,-0.2887435031183992,0.9567154499540929
9.684420110000868,6.928658204827946,0.6005074841849058,-0.029469978046278805,-0.02363686588793514,-0.3015725740850715,0.95269449861415
9.768266361841377,6.903227639160923,0.6015638705483184,-0.0295099170956028,-0.026168236650793715,-0.31423333560884226,0.9485261140429883
9.851894556801962,6.873868296633102,0.6035029869064132,-0.02988340728910751,-0.0277900945193861,-0.32631272216812585,0.9443806003553452
9.931374736950092,6.84365910676133,0.6086490561870903,-0.03012070750103927,-0.028885815170349858,-0.338015546191489,0.9402147802158223
10.014777152670112,6.809741446934842,0.6143688082595169,-0.029979964472616197,-0.029736050134738616,-0.34934926396263916,0.9360406245637537
10.096489620757797,6.768599078077365,0.62041632677332,-0.0300924610606315,-0.030543741766572374,-0.3597366038905289,0.9320681888394179
10.172345808369105,6.72928136252569,0.6255958043393388,-0.029484810512461046,-0.03205807417945272,-0.3697566290518814,0.9281071927709608
10.25162747212021,6.685339872250577,0.6308515038433047,-0.029404904348798493,-0.0336218600912692,-0.379200792038426,0.9242357157345548
10.329136537059682,6.638372672748259,0.6345523379979774,-0.029047661870920574,-0.03610015178993891,-0.3882058269599418,0.9204071125820034
10.403721081317215,6.592680198942013,0.6397047734111005,-0.029402397939169496,-0.03755663600756299,-0.39741872612121615,0.9163969421564442
10.477287860405921,6.5446613904051905,0.6487036426452022,-0.02962538955725077,-0.037625668085619984,-0.4066109417932761,0.91234543908811
10.549259073429244,6.496008310419786,0.6575692053807103,-0.02987700379606916,-0.037417220329420034,-0.4160227145599644,0.9080927299757119
10.621122062171027,6.44406851957786,0.6679602039937205,-0.03077825557068727,-0.036253634100407946,-0.4256850637213619,0.9036208276651013
10.692355285044744,6.39455338323112,0.6785004321231547,-0.03234246806235676,-0.034558578904991304,-0.4356741772417365,0.8988590992775889
10.761643427476926,6.341671828464126,0.6894295494420621,-0.033553516839260146,-0.03325397296497602,-0.44514653397057447,0.8942107663488927
10.828367455261123,6.286900643620868,0.6963082384002455,-0.03500317989684602,-0.03383009481259412,-0.45431106290684803,0.8895120945457216
10.89597190862354,6.231936311884446,0.7031143160788051,-0.03657851780502718,-0.034166182443681616,-0.4637556434388751,0.8845481268386755
10.962615660413004,6.1765411846434475,0.7144574446739096,-0.036685570285222645,-0.033321398094954886,-0.47384950055057623,0.8792101610115697
11.028783151630318,6.120098482948048,0.7250187827571679,-0.037332374372491164,-0.0319190183414139,-0.48438934021935787,0.8734726262407997
11.09303039935271,6.064577613619306,0.7371113063415997,-0.03710566715393553,-0.03023161652034436,-0.4951667462256164,0.8674785881533127
11.152273490668598,6.0095483790585575,0.7484325959915417,-0.03717802353211477,-0.028802314675077725,-0.5053550396619884,0.8616289750869017
11.209626442546593,5.955369902000985,0.7577925323213606,-0.036898993464866435,-0.02817043509017564,-0.5155898955508192,0.8555769655943042
11.268362479656291,5.894060803945567,0.7657481210981647,-0.03679746622719604,-0.028149188942520716,-0.5254421672979507,0.8495670132654303
11.32345788815612,5.832821972776777,0.7745453177920858,-0.036177008239711324,-0.02836634410987923,-0.5348736858113926,0.8436804539664398
11.37824791615531,5.7714513612367995,0.7819906443118629,-0.035668408373134584,-0.02918543519515496,-0.5444153087433042,0.8375487663888606
11.4297627517712,5.712184199069255,0.7896910555676847,-0.03503231808522522,-0.029789801378323225,-0.5538646073896465,0.8313358517103001
11.479180288834431,5.6506980210151685,0.7998354869493369,-0.034048962732143896,-0.02929699046789628,-0.5630372330211695,0.8252099255955208
11.526755616581221,5.589523656493133,0.8077651181878442,-0.03436373132275864,-0.029009807512237716,-0.571906158438405,0.8190854204501014
11.573759611702243,5.525425673688998,0.8109373475993016,-0.036672789596464986,-0.03027968426854827,-0.5805750035067001,0.812816649869645
11.61555039453733,5.460174305908854,0.8111721808221146,-0.039527516787395,-0.03364204624669734,-0.5881969084139407,0.8070502961192537
11.65686363685641,5.393911800384918,0.8136668771836675,-0.04350987535443482,-0.035111993073246604,-0.5959782298559718,0.8010518058925554
11.698719654742078,5.325506163530591,0.820646181793947,-0.04570618923429529,-0.03542237858618591,-0.6038416168824591,0.7950040882533297
11.73980424376368,5.256512143765698,0.8298188952970662,-0.04706025875135509,-0.03482380838828459,-0.6117096761158383,0.7889131178002585
11.777369002610051,5.18894329307239,0.8399940376287844,-0.04885942749381092,-0.032931939911805,-0.6193060946212509,0.7829356366998135
11.815398757252991,5.12080729810071,0.8507265072179031,-0.04971302377817875,-0.03191306688459705,-0.6269749085483639,0.7767963926437923
11.848402791683425,5.05577393700537,0.8610904365140968,-0.04966700962822333,-0.03103824706018397,-0.6342576742241818,0.7709001381166468
11.880737135621953,4.989872283994221,0.8716418328175948,-0.04982933359453146,-0.03064032307372926,-0.641319752542171,0.7650406466154323
11.910420582475705,4.920621264820831,0.8797062157221784,-0.0506567796261452,-0.03068971614045425,-0.648189208865593,0.7591724335540068
11.943675262152507,4.849456903409242,0.8864803214176398,-0.05319375961520005,-0.030384348052956114,-0.655354045963626,0.7528335074458393
11.97128264801517,4.783273929886493,0.8936222791890511,-0.05421793130742164,-0.03073516052614954,-0.6622073812630154,0.7467242829528312
11.998494113906274,4.710536426557305,0.9047578984793851,-0.053835544059672155,-0.029588334339571806,-0.6685809371876037,0.7410976866195909
12.022203354924459,4.638898362048741,0.9179117223317803,-0.05231275074353164,-0.02840619900780689,-0.6742470542206886,0.7361028324073773
12.04185325167705,4.570516333388273,0.9311413448581582,-0.05096997343230641,-0.026975447806725443,-0.6792748588414319,0.7316146891305023
12.061651297430013,4.50325692630512,0.9429115848765441,-0.04949262681968274,-0.026308242421280346,-0.684092414899468,0.7272385751154508
12.075822271593893,4.434883301587691,0.9512438146012947,-0.0493927528631681,-0.026708959424325218,-0.6876929537322236,0.723826911959221
12.086173795305678,4.366358691596739,0.9576501477764534,-0.050519845579979426,-0.027293114572872434,-0.6903244488860856,0.7212177057449171
12.097310968452735,4.302414047686497,0.9631428811968235,-0.05173775393760404,-0.02757597698048021,-0.6928210468952449,0.7187223189403538
12.105367656908117,4.236166118178772,0.9681976030463133,-0.053319637360221724,-0.028837017733863192,-0.6946366869973813,0.7168021503976761
12.113791668046016,4.173610783145913,0.968829667986352,-0.056260935170521886,-0.031780963837891946,-0.6964575592973354,0.714682829311606
12.121847644916894,4.109756826103268,0.973630083415415,-0.05834950435944678,-0.032104407857023114,-0.6982080142664302,0.7127904432920723
12.127048264427735,4.0485675415602795,0.9905077536234188,-0.05529420387927376,-0.029423385821569642,-0.6996177256701482,0.7117667083292659
12.13198036321008,3.986482186441658,1.0083739184864893,-0.05158371454655186,-0.026422912711417747,-0.7008368485094222,0.7109632096056585
12.13534373117235,3.9238324687515878,1.020499486144102,-0.04989968316381166,-0.02548158182405572,-0.7013108551409954,0.7106502587705004
12.136542423962284,3.8623841894177744,1.0258391446066248,-0.05085217991895395,-0.026090953359891176,-0.7011735595116183,0.7106960936074059
12.13769713745794,3.801498636206663,1.0315299211900602,-0.05167078305420877,-0.027066382102021325,-0.7008837860849757,0.7108863850508378
12.137238403111677,3.7398391285129158,1.0363347100078393,-0.053464092663082156,-0.027348724624608967,-0.7000716068675104,0.7115429578499299
12.136117489574463,3.6789197517445773,1.043600543774259,-0.05452790285454439,-0.026928695571699027,-0.699068477643994,0.7124639099506042
12.135425613423658,3.618235882610641,1.0498468304682618,-0.05529283236007025,-0.027269977906650793,-0.6979348223683345,0.7135026489577587
12.135108579904667,3.558035842159569,1.0578961741923116,-0.05631474515608961,-0.026592231020421343,-0.6966339386841555,0.7147185845963645
12.132394085315296,3.4995116247253897,1.065882876859078,-0.05685604344389979,-0.026326851106342208,-0.6947114777815754,0.7165544155692503
12.130226248844199,3.4403556201177885,1.073813294929609,-0.05714220148561836,-0.025667224175334364,-0.6928402812326616,0.7183650232293185
12.126565215640925,3.3848488310380676,1.0829371117600424,-0.05629336015276485,-0.025439521132370985,-0.6903963965662869,0.7207889654371775
12.122955981907666,3.327545715817579,1.090153027273999,-0.055461700408235094,-0.026164147405407446,-0.687860655682112,0.7232476385664719
12.119946392611999,3.2689481158432656,1.0973413845841122,-0.05492984323613006,-0.027192081703501878,-0.6852478866530348,0.7257262777045176
12.117003649999457,3.209524174097478,1.1055857739589463,-0.05511554538982763,-0.02689762562601385,-0.6826862562837026,0.72813341326212
12.114976872428798,3.1505785135362157,1.1144371573471687,-0.05493744055244305,-0.02617999712549409,-0.6801442707806756,0.7305478994052083
12.115296373582098,3.0925051643181707,1.1249472803319724,-0.05430221520266466,-0.02502138413417537,-0.6780066394136476,0.7326201081630871
12.114302172321077,3.03302183673118,1.1345338243726406,-0.05360314607606125,-0.024525259767854773,-0.6755529395648269,0.7349513207099665
12.113505543019503,2.974656911936634,1.1412623870742058,-0.05376241277454379,-0.024733151510202177,-0.6729968788320512,0.7372740833928703
12.112605299511547,2.9158817398176105,1.146823914309754,-0.05383785942489422,-0.02595011990765174,-0.6702659804020231,0.7397104651303141
12.112205059925316,2.8578642738322646,1.153189763764615,-0.05427697044918394,-0.026338770474117867,-0.6676576305557833,0.7420199330547895
12.11364798175785,2.801117329719716,1.159360481074939,-0.055543173423244566,-0.026180942365309923,-0.6652754858377568,0.7440685778004742
12.115397856532962,2.7444346955511847,1.165346487185236,-0.05659328484157208,-0.02583395024420623,-0.6629231565665198,0.7460983211317387
12.11724266468277,2.6881453092124326,1.1736109457661752,-0.05629531058825104,-0.025613471371907295,-0.6605380528593069,0.7482407769269799
12.118706708800874,2.6321764032105834,1.1839266405840747,-0.055654669651922506,-0.024378955875527783,-0.6581873026413904,0.7503983537433805
12.121830936760999,2.575369716244782,1.1921479014760514,-0.05545840574331616,-0.02370470854895068,-0.6559163026483541,0.7524202604992426
12.123993059930227,2.518309777751977,1.2010411423766012,-0.05432947823658325,-0.0239150816581985,-0.6532970417648207,0.7547710676503403
12.128728047872672,2.46037381222545,1.206615758717632,-0.055206675826439025,-0.024058765173965737,-0.6510388833397653,0.7566516799591814
12.130084051221118,2.4016707633458,1.2136690631425617,-0.054006179128892856,-0.025344449418592905,-0.6480433566436677,0.7592633236881655
12.13248214492461,2.3447943653051597,1.219369394307801,-0.05390707837380294,-0.026529953104982868,-0.6448603177005511,0.7619352839882566
12.133383646668907,2.287045678865635,1.2248715265699452,-0.05434077938679682,-0.02746323647548339,-0.6411191883771394,0.7650222424899766
12.136739550836863,2.2304264682749286,1.2306378233778243,-0.05469762711604934,-0.027974633921422232,-0.6376515224374731,0.7678711625435963
12.139382581442028,2.1763825151049687,1.2394275292722972,-0.05475023433901492,-0.026999446428117083,-0.6346251707430773,0.7704053116804562
12.146087205993693,2.1217931066187177,1.2487946779001406,-0.054585051503179126,-0.0257357942389299,-0.6326628529133034,0.772072442377744
12.155573304551812,2.0658525770129277,1.2563172722740603,-0.0552672291787483,-0.025101686040401992,-0.6313805002488682,0.7730938528512566
12.16415932492958,2.0116523307074825,1.2610526026722502,-0.05582764486682132,-0.02588748876705437,-0.6302009258021773,0.7739896007903191
12.174384324592548,1.956084016833806,1.26663896590604,-0.0562549025334032,-0.02638487744472545,-0.6291491767026006,0.7747970923014718
12.183918672021871,1.900539417837484,1.2736578439271842,-0.05589975025733111,-0.026660358208769944,-0.628009871906408,0.7757371085094932
12.194259064674508,1.8435017938954665,1.2816659291932133,-0.05489976146459015,-0.027211990924495,-0.6267994366309216,0.7767676586153431
12.204621883417635,1.7856985318389205,1.2882858115057942,-0.05452595063015351,-0.027968166804196164,-0.625565187448284,0.7777614645309165
12.213344968128931,1.729412602337896,1.294936470586947,-0.05477703389728672,-0.028090605662116658,-0.6239773322509877,0.7790139145893855
12.22390656986164,1.6738178017928362,1.3038468645726091,-0.05375562127953923,-0.02767238449630671,-0.6227564003068455,0.7800763016031395
12.234107856674967,1.61714933113889,1.31398717930335,-0.052154199254801914,-0.026990305937954234,-0.6214171119110025,0.7812760301068238
12.24440297478092,1.5611708836672564,1.3224392499461537,-0.05142869327961481,-0.026736799232985907,-0.6198567452533765,0.7825713094464214
12.253420441511818,1.5040189932081445,1.3278262153297007,-0.05143611565760523,-0.0278469650730415,-0.617591543815309,0.7843210774576668
12.26266063680485,1.4475545659451283,1.3326221495112573,-0.051511415798992766,-0.029189539787759195,-0.6152566605392853,0.7861003655792389
12.271992878378294,1.3881555566784787,1.3409666470639863,-0.05138282787777765,-0.028740260271867483,-0.612670928474235,0.7881422034578465
12.280173759183171,1.3304752276648752,1.3489866337012142,-0.050559362363404206,-0.028885437924642616,-0.6098515380495995,0.7903736287855772
12.28763499257817,1.2723141106823164,1.3577944845990064,-0.04966089705100058,-0.02860118217075147,-0.606407082863944,0.7930865129867906
12.29480273818621,1.21631394019591,1.3618470091677466,-0.04906246671936346,-0.030376024416100805,-0.6026649501294407,0.7959052149946284
12.302803611341831,1.1592500351717208,1.368378651273881,-0.0481642936549871,-0.031341822781981395,-0.5986300909718609,0.7989617681284402
12.310108635273965,1.1008523119137932,1.375617747609791,-0.04718869721014186,-0.032043985324654134,-0.5940986867406138,0.8023672262024081
12.318032713383449,1.040772298681273,1.3861706556196687,-0.046447836125526436,-0.03065246411976056,-0.5895744066058498,0.8057946717714671
12.326212859177645,0.9804817763658882,1.3939266925070335,-0.04623986690456283,-0.030706348794878043,-0.5849149343217809,0.8091931263928468
12.33593251996339,0.9220915185939536,1.3998756832594488,-0.04774520945954216,-0.030214397872816927,-0.5804427000754621,0.8123384507672832
12.344813977575813,0.8643016444511362,1.4049015344269726,-0.048636882529561026,-0.030887600548302262,-0.575848173272695,0.815523925635221
12.35561693650663,0.8082174830657465,1.4118955823808257,-0.0494159428977053,-0.03026870305822178,-0.5715200341637937,0.8185393879725144
12.367325868609104,0.7516911814499494,1.420200385513425,-0.049975823044932734,-0.02920861610124286,-0.567275597774065,0.8214911213451324
12.38053392734155,0.6952919017831851,1.4286221219922979,-0.04961869513287318,-0.02856712959221755,-0.5635263784701291,0.8241115925269776
12.392733084734132,0.6384209886578844,1.4386455912721061,-0.04893925220660755,-0.027528993932634357,-0.5596490329532188,0.8268252870821078
12.408042129230891,0.5823307235831221,1.4453939129918218,-0.048648105474873034,-0.02753673314852034,-0.5563251927760009,0.8290822416644652
12.423802128742128,0.5254282340527858,1.4539938105004282,-0.04873604078426051,-0.026426231794431803,-0.552834000929531,0.8314451382981616
12.44003054108659,0.46931216952915733,1.4614287354702746,-0.049488641708010365,-0.025739999874517645,-0.5493550152641642,0.8337250111922913
12.456354448865058,0.4139947054542814,1.4670434451121288,-0.04967788956925848,-0.026412482401779475,-0.5458427782092917,0.8359965054017474
12.473326257266777,0.35707727673521283,1.4721491463510148,-0.05043266121004148,-0.02683700577457328,-0.5422412504754668,0.8382784383891968
12.490423696358336,0.30065183431928766,1.4799398135544557,-0.050498257062867,-0.026243997083914557,-0.5384783348221395,0.8407153330982579
12.50756853727192,0.2450883187720443,1.488172564546847,-0.04969255328407844,-0.025946894721570316,-0.5347417554949236,0.8431539991324776
12.52550076292631,0.19003308274743613,1.4970695493111492,-0.049198106126833945,-0.024958942231589565,-0.5309332778286677,0.8456160167913342
12.542881414950132,0.13641895828610728,1.506324325320712,-0.04820524777283286,-0.023699467753770884,-0.5272298949685073,0.8480231242673538
12.560749421925888,0.08244446086801815,1.516175031801346,-0.04726157066921713,-0.022270345365396512,-0.5233743265423348,0.8504996710389234
12.578849205947806,0.028136728903907837,1.5231305383257805,-0.048310632092866866,-0.021196145992341358,-0.5191377208980441,0.8530608652621703
12.598125884920488,-0.025678491151676752,1.5279424258822694,-0.048493727889563625,-0.021271163228232515,-0.515235818032009,0.8554109876109407
12.618782108855944,-0.07860593192738996,1.5359647187121972,-0.04881187045750713,-0.019921327850187912,-0.5115588665580116,0.8576293251188187
12.639704018824926,-0.13326762330472164,1.543781070385549,-0.048666469234445155,-0.01924982229452211,-0.50766119461854,0.8599657802371788
12.660276609572563,-0.18555352513119416,1.5488997547181462,-0.04904849421950835,-0.01920933140929349,-0.5038235190576986,0.8621989970600349
12.68100668761756,-0.23747359972256366,1.5551578125248327,-0.04883003863097303,-0.0191570759061725,-0.49985082318250773,0.8645217061580328
12.70255568303996,-0.291370055490745,1.5600738796470637,-0.04908922396619434,-0.019530025312816102,-0.4957213129442372,0.8668732374403018
12.725973586529753,-0.34358859896991234,1.5675176241843758,-0.04831015468907688,-0.019004450925541032,-0.49189575736507923,0.8691050147144426
12.75021002850315,-0.39510554851922564,1.5742271597833621,-0.047918389850727806,-0.01833996112862745,-0.4884546969000076,0.8710794918107947
12.774226367543317,-0.44557290796893234,1.5833310421675293,-0.047160620155580715,-0.016889615511621606,-0.48544993774194856,0.8728281468246489
12.80032021232216,-0.4957515342057164,1.5907064259863688,-0.046671744495019075,-0.015931587140255787,-0.48306085776889685,0.8741968504998203
12.827052612547298,-0.545702455468982,1.5989075914113116,-0.04633862815358275,-0.014396474373911752,-0.48092895446443007,0.8754157968738004
12.854407987152577,-0.5936652719842783,1.6075448470087466,-0.04555410010455996,-0.012725352702338957,-0.4793777344565951,0.876333200243278
12.88330185670954,-0.6417992027544237,1.6146600021893747,-0.04486801347335615,-0.011448276998658094,-0.47824138296639684,0.8770068264769505
12.912198968993632,-0.6897870491336624,1.6212117247558488,-0.044157810198401155,-0.010769247470391064,-0.47721517647790207,0.8776102641240021
12.942195171243782,-0.737381971115239,1.6251196470072173,-0.04478033983833418,-0.010732852479158951,-0.47637738650909506,0.8780342353802361
12.971922251508953,-0.7849156492180072,1.6274397259829456,-0.04504958816083053,-0.011818983684172503,-0.4754953743888074,0.8784844891232396
13.001876794752192,-0.8316172986120591,1.630867506263371,-0.044497304141451796,-0.012672467690489613,-0.4747412521397951,0.8789084964299634
13.031651276762878,-0.8805081433826469,1.6367892971980638,-0.04411302107101689,-0.011937965345078523,-0.47366839748142225,0.8795167794581491
13.062399583562675,-0.9267165649554254,1.643244184376453,-0.042381326105708474,-0.01177362474724206,-0.47312852963873214,0.879894650260052
13.09409671116133,-0.9742811514931002,1.6504762672495232,-0.04133837269080965,-0.010508474363209076,-0.472691673211392,0.8801950372824071
13.124823145355682,-1.02108953314265,1.6575704853867244,-0.04042176282449764,-0.009304631403123851,-0.47207372299998707,0.8805827110213481
13.15616224196934,-1.0684479255893429,1.6653798009249492,-0.03921931759611138,-0.007722468721632382,-0.4713632346898556,0.8810328547470854
13.183705947822226,-1.1119295165589236,1.6676910995149825,-0.038173606063153794,-0.008479461453734707,-0.47088805469924594,0.881325887902593
13.214634904559574,-1.157444939615356,1.6719351774072315,-0.03930497203226964,-0.007409153099361572,-0.47066818037681657,0.8814032455201075
13.247044649100182,-1.2069269871776305,1.6762233790388947,-0.039990735119458165,-0.006960368099341849,-0.47034014008735187,0.881551153724564
13.277233836652329,-1.253837930588702,1.6823258300918127,-0.03930015683202275,-0.005931449512135584,-0.46982851096473827,0.8818625090219329
13.310781408964347,-1.3021494795330923,1.6885640093854235,-0.038747691139509786,-0.0047076565509106645,-0.4696321391069832,0.8819989278731675
13.344040635866662,-1.3494909799414714,1.6952860481037817,-0.037822263156753744,-0.003453480145621475,-0.46963381876544175,0.8820440019440907
13.376746109311796,-1.3985205077743759,1.7001833309050838,-0.036971744764779504,-0.0032837219212429013,-0.46907219978407866,0.8823794931853147
13.407714211147429,-1.446318096678647,1.7050751222313565,-0.03668859682060697,-0.0025506403654085396,-0.4683451362994727,0.8827798550401749
13.44020092466168,-1.493648581558924,1.7099046185069895,-0.036214268642547745,-0.001662355868393523,-0.4679713459219763,0.8829997632073877
13.471959292762858,-1.541262884379984,1.7147413219571028,-0.03567238774751696,-0.0008196485745424011,-0.4671870159781244,0.8834382346156614
13.50332876092562,-1.588804877648995,1.7194699360058294,-0.03505394356025257,-0.00014552929680199456,-0.4663603993091957,0.8838999810349685
13.533023199932925,-1.6367527006957356,1.724963693920488,-0.03441727400189632,0.0004495968317873501,-0.4649956931661619,0.8846435715317543
13.564686259471989,-1.6836939475666508,1.7279114717676762,-0.034300776509097027,0.0008947099555032674,-0.4639437049023251,0.8851999223243224
13.595320462439119,-1.7326415625284426,1.7343025937752152,-0.03331369061346982,0.0022499634520659834,-0.4622745053905433,0.88610801166001
13.624383082865762,-1.7807156799003163,1.7401670842886077,-0.0316272966603997,0.003231206323464483,-0.46007050451181053,0.8873130218564513
13.652423859381528,-1.830923604133332,1.7441849287991094,-0.03081736513671601,0.0036740087565559527,-0.45681694170505627,0.8890191709556095
13.679857120455003,-1.8795694243776566,1.7465639889335272,-0.029295069534121202,0.0030607372276627875,-0.453671888523731,0.8906818923848623
13.70845243214057,-1.9273260524617477,1.7485701525587949,-0.03060361281528573,0.0035198544641591714,-0.4506075939356694,0.8921904692458467
13.736139440892458,-1.975633179530763,1.7511484130642998,-0.030403975607245323,0.0036468458616534393,-0.4472941358050206,0.8938625534918387
13.764569728201934,-2.02382168554459,1.757041235749682,-0.02972249124626786,0.005304008544130091,-0.4437968237980941,0.8956186772966519
13.793791687913062,-2.0733019895194085,1.7622311404210134,-0.028285622588368992,0.006336282756453267,-0.44013547708466494,0.897463394842426
13.822321451366985,-2.123469795087092,1.7661230784852417,-0.027794856983668546,0.0070820874470842845,-0.43602421356737714,0.8994777130898616
13.849153654887981,-2.173347709151024,1.7661992206447046,-0.026983457312552205,0.005912712656947864,-0.431218020668957,0.9018247854220953
13.876893852393788,-2.222165176734034,1.769010579636415,-0.026083255716140112,0.005873509068954697,-0.42620032572789895,0.9042336213171243
13.905079082103029,-2.271826623917126,1.7708854869222082,-0.025389329507884733,0.005670092493088076,-0.42105769583086716,0.9066607103666366
13.933219585791408,-2.322195895305022,1.7743086700349693,-0.02459793331023128,0.006189117783620941,-0.41549541847778126,0.9092415482304194
13.964846863080318,-2.3714210587565034,1.7788236678669556,-0.023918827592052796,0.00740714129556139,-0.4104792684976365,0.9115260707571159
13.997119975381317,-2.4214050191070884,1.783244849488265,-0.023985186515274575,0.008904491521994509,-0.40518210670836496,0.9138779331593799
14.028021224291805,-2.4732655701275927,1.7853422232260385,-0.023294022192091524,0.009007799332519103,-0.39948837296905926,0.9163979909643383
14.06268958742512,-2.522669995681275,1.7891198429075008,-0.023017774393180028,0.01034652609262275,-0.39438089083158684,0.9186004818680843
14.097653435030733,-2.574744872745384,1.7943060306254406,-0.02135962633738705,0.012124433702235454,-0.3888924382033544,0.9209557249468375
14.132476255173898,-2.623877443210636,1.8010304403502122,-0.019705722258246128,0.014464454369522628,-0.38366684049130617,0.9231479955842471
14.166538543235692,-2.675462574208989,1.8043652329785047,-0.017509067425239673,0.014979039229246255,-0.37789290066733466,0.92556253899909
14.201450007314431,-2.7257489395919414,1.8044515019396776,-0.015292438459445777,0.014095190631480443,-0.3719838602959755,0.9280061905850702
14.23648524640729,-2.7767194881606496,1.805202096068852,-0.013651042159715555,0.013911561755967269,-0.36539759053699905,0.9306474746234528
14.272943706675571,-2.828809008777033,1.8086977117926946,-0.012256016581545511,0.014845637523382214,-0.3589141519561725,0.9331720269547674
14.308667455036897,-2.878652937014671,1.8119823136398416,-0.011280953311844736,0.016141859541105832,-0.3524903727597326,0.9356082107729606
14.346288266253426,-2.927284106694041,1.8139426613418372,-0.01006480710029006,0.016919437743921757,-0.34623149182692314,0.9379425196528257
14.384766492203607,-2.9757491505624944,1.8152327718930366,-0.01017311655396637,0.017706453899537487,-0.3397300796262469,0.9403012545500486
14.423622801310623,-3.0255975866512705,1.8165294860657255,-0.008246854608178159,0.018164218159327727,-0.33310576634193023,0.9426784229626852
14.463468711533462,-3.0726766139888024,1.818435331229363,-0.008556892400778308,0.019140070465649417,-0.32665438610875147,0.9449112962916739
14.505730495669383,-3.1181909753254438,1.8174680937796959,-0.0089107575772269,0.019431209645177097,-0.3210723298879622,0.9468133849690622
14.548957184967247,-3.163450984483495,1.8177247146870386,-0.010213030877485879,0.020263002533329685,-0.31566238510512223,0.9486002064489727
14.594194013285989,-3.206400819326292,1.818650514809974,-0.011455192002514129,0.021449390147823943,-0.31121639590531786,0.950027921542377
14.638772238058479,-3.24775096617568,1.8161628687020155,-0.012732659836718114,0.021120316484479942,-0.3068855404211679,0.951426869389952
14.684504188267987,-3.2911416433627387,1.8140878507358238,-0.013729094769415657,0.02083407289664729,-0.30220383414895813,0.952916724477871
14.731405826309697,-3.3333598052966344,1.8156554305471957,-0.01466577531904393,0.022386767159325974,-0.29781911103816516,0.9542471033796401
14.778530708175795,-3.3731366135991263,1.8197723487044595,-0.015732107073566537,0.025113097137450732,-0.2938626420586557,0.9553881884943181
14.827113254073128,-3.4157533508617117,1.8199317025684287,-0.017661989494080862,0.0265168251861326,-0.2895956616307495,0.9566186599421659
14.87760487532043,-3.454286979014049,1.818720318921061,-0.019188337682177835,0.02716518694634655,-0.2864359548182789,0.9575219589583898
14.928963589704104,-3.4924375029187633,1.8205572002565766,-0.020902507164397725,0.029268696331464734,-0.2835109992601553,0.9582942880402542
14.981183086798517,-3.52661050565143,1.819831911098678,-0.022721452220927914,0.030132509087551388,-0.2817440556175522,0.9587471351928881
15.031003312217976,-3.563690010402297,1.8143701745291736,-0.025061208218836745,0.028747618693144024,-0.2795792395307205,0.9593648757773141
15.084477460192167,-3.5980021198993715,1.8054787303181143,-0.026849751772249516,0.025731704940387453,-0.2786432209042097,0.9596743849662801
15.13927242699637,-3.633066690791807,1.800402176211426,-0.028811603632414064,0.02435014341792043,-0.27784107381387235,0.9598860920070083
15.19417577029192,-3.6663869890356837,1.7994358514067557,-0.029135508950118152,0.024374976533100348,-0.27773896367446893,0.9599052250044425
15.249260679861415,-3.7033493176759222,1.7982075381692084,-0.028649263014126947,0.02442808985534978,-0.27696446247227235,0.9601422717797266
15.303086593450928,-3.7377890097595525,1.7987064604000054,-0.028679906012017076,0.025073727759733298,-0.2763846780186651,0.960291769584149
15.357129846512304,-3.772163685565247,1.7976407471996545,-0.02793614692338115,0.024693369536056088,-0.2759572581260343,0.9604464571146589
15.41175539524686,-3.8057224927985764,1.7960983635464203,-0.027887017233326362,0.024296377217269755,-0.2755781446498313,0.9605668523882084
15.465507508466118,-3.840932307018588,1.79463176918458,-0.027231098385529097,0.02360788894584729,-0.274794409700842,0.9608273326711766
15.52005296300797,-3.8768727263320244,1.7925299122218803,-0.02645056031497525,0.022720289440930838,-0.2736277882361949,0.9612034065353696
15.574169416004658,-3.912474825347429,1.7926064897685805,-0.025866707208124968,0.022963351424292375,-0.2723862883149373,0.9615660681796265
15.628997229853255,-3.9489840569548704,1.7924876798133234,-0.02543737334052502,0.02331879656199394,-0.2704114787484969,0.962126198240914
15.680656002411148,-3.9895047920193054,1.792700979720685,-0.02460264906594785,0.023328879334171198,-0.26678524558663563,0.9631594346516941
15.73087643249086,-4.029415347943325,1.7916912004082128,-0.02387070603211049,0.022986724264311465,-0.2622501113694109,0.9644307553805334
15.78262910704423,-4.069753004802568,1.792391966564562,-0.02308854759545759,0.023457840017504672,-0.2571486946376914,0.9658111633546289
15.835779727850657,-4.112038546752043,1.7925488493295774,-0.023148500092339812,0.023871470344462586,-0.25136123157118784,0.9673219892333762
15.888217762402661,-4.153132840954915,1.7904772172058614,-0.02341256050531008,0.02339053171014652,-0.2453335795789678,0.9688736621314448
15.93979953182955,-4.19508622831918,1.790369744822896,-0.02357922466215283,0.02366816232403641,-0.23885830190857396,0.9704795518531005
15.994965911287071,-4.234566389998035,1.791558981573548,-0.02388360036789784,0.024945053491193452,-0.23296886499069053,0.9718707869582531
16.0487456657224,-4.2751734012405045,1.7933691468045367,-0.023373811423523568,0.026051830166952367,-0.22659704921905824,0.9733595163204545
16.10055074909676,-4.315458997111008,1.7934077027632913,-0.02276590142125567,0.026244632048517416,-0.2198024322898683,0.9749255460652747
16.153901413042192,-4.354656701778866,1.7925875011512886,-0.022587800331832154,0.026299155095104148,-0.21304055482851755,0.9764281142276388
16.20704139228265,-4.391957038792633,1.7922725046194055,-0.02309253976544243,0.0268099666987474,-0.2064697342304613,0.9778129735026885
16.261244001538362,-4.428342960344082,1.7908404187768152,-0.02467095968070783,0.026971087949172065,-0.19982043638940095,0.9791505014153836
16.3170769236554,-4.46256284845596,1.7881263100650227,-0.027024337361580032,0.02685238215246376,-0.19378294774533283,0.9803044382845516
16.37286021287123,-4.4952752016916735,1.786936255123619,-0.028696880424326318,0.02702842193019124,-0.188220517289839,0.9813353140001052
16.42896212177073,-4.524482720445289,1.786761046320283,-0.03134122984088528,0.027939817001558825,-0.18382763042541375,0.9820613540854427
16.48679421421276,-4.553238507954077,1.7860108735506497,-0.03211036472912984,0.028291986368149055,-0.1802670866981492,0.9826862517932868
16.54584524982704,-4.580815967798814,1.784241806097974,-0.03209853435166271,0.028115121707685677,-0.1773527716249619,0.9832218545759746
16.605241228162146,-4.608000124644331,1.782394278852287,-0.03097119883455485,0.027654755433020324,-0.17477734755059549,0.9837321195467953
16.665241882576492,-4.634309268348122,1.78089287681086,-0.030482501510449452,0.027499146391583833,-0.1724940547871397,0.9841546765764474
16.72270365074586,-4.6597312711997745,1.778860310209394,-0.029503094503787596,0.02706992589940255,-0.17003777563837572,0.984623756464083
16.780756759719395,-4.685863042560575,1.7759089104884596,-0.028708362022064584,0.026116664313362157,-0.16734817569908628,0.9851336734493005
16.839025543624587,-4.711098510526275,1.7729100377104223,-0.028159084377588406,0.025200063556233502,-0.16470668895902718,0.9856184493060666
16.897436575307175,-4.735819187015338,1.7703102519639713,-0.028675815956470427,0.02454641962234104,-0.1619022161539317,0.9860846039443538
16.955928080069732,-4.76177834033104,1.7685136965317785,-0.029083883970809812,0.024189592574393633,-0.15865217582817012,0.9866095868371975
17.01521650077633,-4.786730093746819,1.7686208221150075,-0.029299586875954076,0.024948665200625417,-0.15531992423370447,0.9871143870798206
17.074038535130793,-4.809877799728261,1.7705207363761382,-0.030473075292187214,0.026896575126409954,-0.1521325712803905,0.9875239988018376
17.13329328037949,-4.833551517678806,1.771170779820129,-0.030210944704796388,0.027882677036605255,-0.14904881290297847,0.98797485064919
17.193426557020203,-4.857435408450026,1.768836186216685,-0.029816432980730605,0.02730376058237032,-0.14608763613509226,0.9884451854574664
17.252699616276892,-4.879588571498086,1.7635696860833971,-0.028808740232981817,0.025213175886325958,-0.1438010554177479,0.9888658189396784
17.312243950598827,-4.900488045688796,1.7608900840286728,-0.027611374096522447,0.024439993041674105,-0.1419639822734747,0.9891847769917349
17.37050795737579,-4.919028397692745,1.7600415750042817,-0.026693071230484457,0.024358489595518597,-0.1409883317736816,0.9893515223321891
17.428841113966083,-4.935282952368248,1.7601174566581481,-0.027529900977831406,0.025115525607516533,-0.1410857402673015,0.9892957704572997
17.48965897306062,-4.945192386343918,1.759280651662346,-0.029938722565258053,0.025880574412768975,-0.14410826450301242,0.9887702847701604
17.54958239497871,-4.95162315408923,1.7585074405899803,-0.03227684922676908,0.026497929792033473,-0.14921715084655307,0.9879222112140997
17.609500489221166,-4.956353532759687,1.7568131426098974,-0.033863125267989194,0.026790926583890557,-0.15526833514220498,0.9869282020689871
17.668659480525438,-4.961796442083083,1.7542271028524077,-0.03413054996272721,0.026583750739866196,-0.16119747392323822,0.985973521026494
17.72665491259664,-4.9712031650917865,1.7543172664282283,-0.03335074014528586,0.027115802910792984,-0.16600478402591556,0.9851877323961797
17.78215860814341,-4.981539876489819,1.7540496414335838,-0.032046708652308346,0.027246973782813714,-0.1699827058577948,0.9845488788289938
17.83688888757226,-4.995375649790667,1.7523007901412786,-0.03127856749507074,0.02677303830778465,-0.1724834095270937,0.984151572650881
17.89003164717981,-5.010738137739667,1.74853557275571,-0.030863713591348745,0.025450113090880865,-0.17404439262256932,0.9839249369200818
17.941508566747316,-5.027725091693053,1.746426543236467,-0.0302195194468515,0.02464761920952207,-0.17424889168457403,0.9839291622576969
17.991856768840684,-5.048986715399042,1.7439953702752904,-0.02928904284785655,0.023861378768919847,-0.17251277191189288,0.9842825422311507
18.041915988804234,-5.074176295037736,1.742411393281765,-0.02816580020731349,0.0233209302420269,-0.1690729550904675,0.9849249499431766
18.091328062201722,-5.1004550766620955,1.7418287430689086,-0.026065623699354702,0.0228237848034013,-0.1645333678560769,0.9857628666156304
18.13941568524571,-5.130563676081367,1.7398593875438744,-0.02441654183876163,0.022169360014961927,-0.15813143320579348,0.9868671719395841
18.18827504275478,-5.161358937123914,1.7406612323180903,-0.02300378005855094,0.022378795629336954,-0.1507711690128475,0.9880475985585544
18.23631045116062,-5.191963106694468,1.7396923266762672,-0.021938064922184485,0.02222519760489075,-0.14241258407169882,0.9893146208619229
18.283389972474627,-5.2255195488965445,1.7400547312241352,-0.019209618618325285,0.02210709971466102,-0.13248129920732724,0.9907527221509456
18.32984259525879,-5.258988414547564,1.739216325712371,-0.017372366212463183,0.021557853383915564,-0.12188348592987255,0.992158190977684
18.378017180556313,-5.292467023759956,1.7376738662758058,-0.016588454773946472,0.02095270542933535,-0.11048465300890467,0.9935184697875901
18.425458966428216,-5.3270559608601715,1.7369138295572029,-0.016919637309525632,0.02078706422558238,-0.09792537660097558,0.9948327703455719
18.473831978294914,-5.361544489591388,1.7346092555769097,-0.015921241338571673,0.019798332716980494,-0.08481531841091788,0.9960727390242486
18.521983020513098,-5.394128566967213,1.7315944469623163,-0.015789112126942485,0.0184224905984221,-0.07134041002404908,0.9971568848092258
18.57203755348964,-5.427127082856295,1.730640768254533,-0.01661072222276371,0.018126327456899533,-0.0571739164799898,0.9980614543529257
18.624040895368655,-5.460127823721179,1.7296058307807805,-0.01718334356410424,0.017980576402136152,-0.042328312882163634,0.9987941415411362
18.67703111368476,-5.491890511728503,1.7302740294014836,-0.01639959462433336,0.018564095764834098,-0.027217709892018948,0.9993225798299216
18.729208543355508,-5.5221381145046635,1.7289735646750142,-0.017499275131176786,0.01803710140333861,-0.012083163177505473,0.9996111381965402
18.786806822375816,-5.55145695420112,1.7264111468088785,-0.016558095084882946,0.01720668628880931,0.0028925518497582283,0.9997106595470532
18.842578367803497,-5.5773683300358075,1.7254550423796076,-0.016743405444157523,0.016908004994113823,0.017273928052690356,0.9995676014777837
18.90157445123512,-5.597798372032267,1.723074201511647,-0.01811783966515475,0.015631774587845374,0.029784856397613718,0.9992698522150897
18.957221979635335,-5.6125336481192365,1.7225770508609468,-0.019237964862371115,0.015602059767778552,0.04009052277901859,0.9988890004619119
19.01594506593621,-5.621988713343061,1.7254165746557035,-0.02202526877156837,0.017321925824792743,0.0483553099380896,0.9984370773386173
19.07135623338746,-5.62496537087495,1.7302753986995114,-0.025005450132701154,0.020006148379496946,0.05357476927018907,0.9980502119213839
19.12815989180981,-5.622316572403008,1.7282118601682068,-0.026708987566854525,0.019503297373575996,0.05624755719068019,0.9978689643565513
19.181964160061835,-5.617983723246747,1.7198920670949676,-0.028184333564187005,0.016085901777203333,0.05763254228026199,0.9978102834708579
19.237421131115493,-5.611547944777709,1.714652111787622,-0.029552818565183953,0.013710189749927553,0.05800798286957318,0.9977844102192903
19.293349475805158,-5.602974932279237,1.7129780772026102,-0.030394060480931788,0.013100137329074692,0.05718263133407435,0.9978149801594406
19.34936694957664,-5.5932996361466225,1.7121776957587134,-0.030015776312822803,0.013239540994042669,0.05578471511925618,0.9979037202713364
19.405689487672074,-5.583295399835474,1.7110640631133194,-0.0299115545796452,0.013295981895911378,0.05422194973433158,0.9979922285255165
19.462949042405924,-5.573316401051547,1.709046050658353,-0.02877714019931361,0.012651852744724527,0.052744089297123556,0.998113155963544
19.52136543551165,-5.5655548111055495,1.702182146774211,-0.027619991551977915,0.00997628340814017,0.0517821364514172,0.9982265377889131
19.577551050427584,-5.556528693883072,1.6981276150283797,-0.02691212196796206,0.008006883792853052,0.0506026135638975,0.9983241000422489
19.636691623942163,-5.5486841336907275,1.6937094135830115,-0.026070177174572818,0.006466595950308745,0.04969977590876688,0.9984029519158788
19.695941046958524,-5.540114810592683,1.6952563802851195,-0.026393550917023476,0.007298768962483038,0.04888212518837027,0.9984290852438351
19.756060627552188,-5.5314345990060865,1.6976285536566227,-0.027396603647808777,0.008476592704724702,0.04829421484080556,0.9984213766548311
19.817447619869572,-5.524656707637519,1.6982495864551694,-0.02804683348913461,0.009051387012283049,0.04828329210521113,0.9983988027580546
19.87928614312818,-5.51572784484285,1.697608298435954,-0.029567155946690706,0.008925361936267168,0.047688371896882784,0.9983846611643502
19.94228108690053,-5.510219079077348,1.6970162077590096,-0.030609703345789198,0.008735987456374068,0.04824621816337278,0.9983281151755111
20.00519513247034,-5.502969313630289,1.6956176656641837,-0.03120330697005563,0.008366437790054608,0.04847165464861135,0.998301986667636
20.06845872250146,-5.496111420642878,1.6934423808614483,-0.031774447156631996,0.007431768753293313,0.048751271527620835,0.9982777531900391
20.132337650756853,-5.492811645650579,1.6900205739458247,-0.031021313013513307,0.005931546782910701,0.0499352556454991,0.9982529518892019
20.19743947484448,-5.488162462591163,1.6874229262296936,-0.029444966644503624,0.004882856324982807,0.05139671179308066,0.9982322028102412
20.262413041495478,-5.48592837076801,1.689256794080304,-0.02712916933381251,0.005705048046895241,0.05388970861066677,0.9981619886090815
20.327829710848317,-5.48608725452995,1.690421125480551,-0.024525507335017665,0.006302018319239558,0.05756195032082061,0.9980207391291656
20.392199520981162,-5.485108419919502,1.6908080578461195,-0.02238082691477904,0.0065460504158161865,0.06183126409532385,0.997814181201258
20.458711370198863,-5.4857468878972915,1.6902579845891808,-0.020548209712831982,0.006182684453417383,0.066886043525541,0.9975298458668004
20.52459278177277,-5.484750552038239,1.6890880995316984,-0.019503188275010505,0.005343698817653012,0.07155760998191324,0.9972314657658354
20.589636051826723,-5.484755219594689,1.6881096628165437,-0.018603264653950922,0.004884642550255313,0.07653118428678359,0.9968816520803806
20.656982888169956,-5.482960983464629,1.6882971593610385,-0.017809820164230585,0.004983552476321488,0.08134137866096851,0.9965147063911427
20.722946190506264,-5.479342709375448,1.6903278199176341,-0.01787820892066808,0.005530678551681201,0.0858724513894285,0.9961303704205928
20.788946532099164,-5.476606816722392,1.6907757309327636,-0.016838616134825,0.005636818583531403,0.0904217967473126,0.9957452426172304
20.855164416980138,-5.471178476511604,1.689151565301941,-0.016642116629317437,0.004817122520603015,0.09474712766570112,0.9953506016287794
20.92134160497065,-5.4666676990738665,1.6873722388456383,-0.01708545557711572,0.003714693821437993,0.09908658471803859,0.9949251912499445
20.985539936749767,-5.460669096622336,1.6862197103118,-0.01662604285150002,0.0030210674580059224,0.10326086334537142,0.9945107466149176
21.049908778955157,-5.453186130017761,1.688357282423059,-0.016958515582875408,0.003309061638685021,0.10692632273292672,0.994116807213879
21.11450164294522,-5.4446437038183735,1.6881721528732871,-0.016846176690271834,0.0028943909015967666,0.11043690243247964,0.993736139836612
21.17935590184434,-5.436858196143913,1.6881946334211584,-0.015869930999878906,0.0026667022982796453,0.11374239941578114,0.9933799426506773
21.244161068439887,-5.42673308423058,1.687631944721061,-0.014067460702747106,0.0021386505375746738,0.11656193377265109,0.9930814860625704
21.30790166110926,-5.416956332683014,1.6846302270608358,-0.012278606051620811,0.0002704124074440499,0.11955738735243257,0.9927513292707671
21.372382948655773,-5.405927399943203,1.6789110219313095,-0.009669110714500249,-0.002355770171106641,0.12225254322030717,0.9924491327111988
21.435680126019303,-5.395268626522741,1.678798304867994,-0.007795886754570764,-0.0025472954194274947,0.12525387857551779,0.9920908212492646
21.497968973551416,-5.382957537641741,1.682899366907347,-0.006832163514631145,-0.0007169990827456683,0.1276568692900275,0.9917945909868213
21.56121129749025,-5.369417990248582,1.6847116237524145,-0.00703515461234112,-0.0005829488609004925,0.12984301247775085,0.9915094311395959
21.62587155482562,-5.355160323820003,1.6847049144823034,-0.0068055159650560965,-0.0008202827997978096,0.13145149908348397,0.9912989008916939
21.68824147718179,-5.340132370851746,1.68628372598123,-0.007679203724252403,-0.0006345278930824714,0.13303359328180028,0.9910815751171262
21.752755156461486,-5.323849562595953,1.6897247306214362,-0.007445539563529346,0.0006022418743783738,0.13399807784765128,0.990953443934889
21.817105737901084,-5.308899628142683,1.694587270507756,-0.006462100900725496,0.002624220165460605,0.1354308311742005,0.9907622576188005
21.88022303016464,-5.29040759870863,1.6967611360751995,-0.005078190102851719,0.003766861479398719,0.13562571134052587,0.9907399679432156
21.94114564659682,-5.271453398110315,1.6960689673524207,-0.003237333891303216,0.0037073286335479543,0.1353601551802968,0.9907842384778192
22.005444106455897,-5.252634688269607,1.6976638337125056,-8.755945562044123e-06,0.004914303286159119,0.13561364529500175,0.9907496088158574
22.06822451147273,-5.2353817487523,1.6965054886275337,0.0013243548942489566,0.004387279300682067,0.1360845607026595,0.9906866180799127
22.130545844232607,-5.219214831995867,1.6980426356007747,0.0024157449454244445,0.0049142265489444436,0.13680192503105204,0.9905832868512231
22.193190573128458,-5.202215641858865,1.6981966414794076,0.004110080802900733,0.005029362294391717,0.13726557666278752,0.9905129817601047
22.2553051939132,-5.184362259259497,1.6992453252173796,0.0045978493732219666,0.005456152760314569,0.1375343998078132,0.9904712942836644
22.317271582171834,-5.166100502819117,1.7029726847495752,0.0039078091609138325,0.006679423551624773,0.13788215878028848,0.9904184113983163
22.38062434691797,-5.148938678878554,1.7037007025673567,0.0030700908806134803,0.0070535437596647085,0.13858537902554363,0.9903206044711396
22.44244160844136,-5.13031163525482,1.707432408069824,0.002546314456921773,0.00855119042036771,0.13885103470446955,0.9902730855203442
22.506471834420175,-5.1138432752382315,1.7100471405357034,0.0005492269192484901,0.00952044980185934,0.13962655993728226,0.9901583189037464
22.568877949327856,-5.096258739396724,1.7101936225098961,8.182906467484131e-05,0.009814657704797121,0.1398696530304951,0.9901212819543357
22.63075019893016,-5.076585420810889,1.7120168816979076,-0.0007131575617578962,0.010472446736159928,0.13929691143230713,0.9901950233961978
22.691736228979693,-5.054988370374749,1.7133362842302198,-0.0012611414499975819,0.011212761767377061,0.1380921336988391,0.9903551061943985
22.7529834578608,-5.035017086774902,1.7155411145731287,-0.0009399090902507616,0.012529136498274857,0.13717890860246437,0.9904666003835628
22.81599956090838,-5.017756422805739,1.7173448245248797,-0.0010689012657321335,0.01356423249733013,0.13711529428730657,0.9904616431796567
22.876367703028343,-4.996907857280769,1.7188079967154266,-0.002399332717545659,0.014444388091138603,0.13608974074335828,0.9905883036173447
22.935783171075688,-4.977546734396979,1.7200595252877104,-0.0034819438057044423,0.015241002262978864,0.13529011636923519,0.9906826772656061
22.995837343722684,-4.95900600779452,1.719953775363236,-0.0035600648804460303,0.015397416279662356,0.13473704531953626,0.990755354189886
23.055719983287382,-4.939360289201338,1.7197715143513772,-0.003563951401538117,0.015546292444227694,0.13387378653122994,0.9908700290977281
23.116611520378985,-4.92043479882692,1.7207251972299789,-0.0031203042565898964,0.016384919767719833,0.13331352432082802,0.9909335495248399
23.1777603333744,-4.902619882344276,1.722530608331986,-0.0027459812818676024,0.017877414057332175,0.13301274574318595,0.9909492786228343
23.237633490539615,-4.884758565524734,1.7246062707400203,-0.001600976949871902,0.01960078496204569,0.13241220492134737,0.9909996220879551
23.297389942304665,-4.867860043655894,1.7254961537615037,-0.0007163590262920143,0.020620095143058487,0.13210127750001807,0.9910214698748454
23.35767772775244,-4.849750219679885,1.725128032019629,3.7302510927291363e-05,0.021149686998451336,0.13164816463596257,0.9910708624422084
23.417271029424462,-4.833162251210655,1.7240074610552973,0.0020847086849278143,0.021565644358060177,0.13140065538546247,0.9910925507902817
23.477548756743623,-4.814861185974846,1.7227038764040383,0.002828476952420984,0.0217200683196338,0.13100582316032916,0.9911396094905401
23.537438083650564,-4.799139444121751,1.72149372092165,0.005413883766343844,0.02225351237063624,0.13118503345771063,0.9910933175793432
23.597430567899877,-4.782251176061065,1.7186243929968636,0.005935493814348575,0.021568301651646467,0.13120371723868818,0.9911030076370506
23.657656171292377,-4.764607625325328,1.7180046601707417,0.006406464327717958,0.022068796971537068,0.1309419662676823,0.9911236654112182
23.71734482167993,-4.7492850571876755,1.7177156675386165,0.007069320095868708,0.022694667287397496,0.1313708003154708,0.9910482789923589
23.775689086522313,-4.731753264936182,1.720603007459939,0.006564505565258353,0.024585352870812698,0.13122533533235747,0.9910259205693491
23.835276649072902,-4.7153968308045195,1.718697762687185,0.006744896888655434,0.024475231731095237,0.13147948072842217,0.9909937503191316
23.89333099313948,-4.700906528339632,1.7172572711791716,0.006367890066045033,0.024460482130856488,0.131957429646972,0.9909330833622946
23.95113199973101,-4.684667196276697,1.7153764277722843,0.006988325086852408,0.02414560183263757,0.13197976042423137,0.9909336472685716
24.009249529286826,-4.66898617798741,1.7147009025723925,0.007115298202113333,0.02464263104157939,0.13227281815126443,0.9908814357054349
24.066939880789736,-4.653955725668816,1.715029648189585,0.0074928470576085295,0.02556173288059344,0.13266788665189846,0.990802549221377
24.123607021451654,-4.638168343085431,1.7140872063262833,0.007827486004947279,0.026066393507784207,0.132953057521014,0.990748586075626
24.17929114057953,-4.622433813787731,1.712159684362362,0.008070763710901884,0.02599270592469919,0.13311687209027104,0.9907265668240034
24.236125366507096,-4.607934515937858,1.7107411207162464,0.007415312075802301,0.02592229347338692,0.1336485583959439,0.9906619576500655
24.29122781490781,-4.590647138829656,1.7102671356813808,0.006357903053124794,0.026241043416555646,0.13347652998099943,0.9906840986679936
24.34681043294606,-4.574687353959899,1.7104248386396534,0.005506454705246165,0.026939796139666055,0.13341043939342567,0.9906793456107482
24.40251604628657,-4.559012847576656,1.70971912342217,0.00499845981782357,0.02757225818294156,0.13338086701110297,0.9906686285862892
24.45778686767122,-4.5447093321156755,1.710649606615057,0.004472592306384612,0.028693047691550465,0.13364448598879347,0.9906037824747217
24.512620828168437,-4.530552498653583,1.7115888686310008,0.004379460804850683,0.030066865643466417,0.1340489245601322,0.9905088070738346
24.564977188290527,-4.514908471704936,1.7130299431073368,0.004128530228037894,0.03186070559619852,0.13408608632690683,0.9904487723872158
24.62006916307673,-4.500122789449596,1.7150560561677182,0.004734499536306312,0.034014204887615994,0.1346824368815887,0.990293527375064
24.67441723015088,-4.485961464381852,1.7144472461633669,0.004755730917548699,0.035257921069471426,0.13552746216189038,0.990134623542523
24.72804975303204,-4.472605776399943,1.7149980852156723,0.005937342224263448,0.0367874461403507,0.13648620040374912,0.9899408782057433
24.78207450853539,-4.4586083315865475,1.7129896107325582,0.00596319297253519,0.03734469787801824,0.13738843039340462,0.9897950456254201
24.834095352588278,-4.444597307953434,1.7119860520969894,0.006811402478971354,0.03826280650998861,0.1381371502067786,0.9896502831883947
24.886961272492996,-4.430496502017334,1.7097869142510564,0.006707371086887671,0.038630585791156746,0.1389811447842998,0.9895185332246883
24.940349261947766,-4.415836840819533,1.7064654058121072,0.007366759544843898,0.038712112664163564,0.1395608865629565,0.9894290561210906
24.992624050401176,-4.40179089596037,1.704524352589761,0.008364067484406677,0.03930824398953165,0.1398817000090265,0.9893523205936835
25.043641035315787,-4.385858224853507,1.7022021599764159,0.007487809723917676,0.03929037226187882,0.1395589187045981,0.9894056369787667
25.094910204819026,-4.368937171810504,1.6993273228937404,0.008147129731546025,0.039446607683896275,0.13893908255723117,0.9894814422085427
25.14451692475661,-4.354662044406234,1.6963074853375133,0.0104369649252641,0.03965826510673748,0.13870890223487173,0.9894837689087712
25.19502354736772,-4.339688335920556,1.6949402300667131,0.011546308756021195,0.040610520103853964,0.13845900720831386,0.9894678207372375
25.244308754014646,-4.323700803234543,1.6922438445846666,0.0116976322286178,0.04077339792511627,0.1379189306989365,0.9895347742246523
25.290572231977798,-4.309044575138283,1.6888870833839178,0.01173457739574689,0.04031418881577139,0.13768098015831057,0.9895862888827441
25.33696804548686,-4.294203717468992,1.6836307932381374,0.012086840619364348,0.0391308880181588,0.13714669523449197,0.9897037265556722
25.383587571784304,-4.280519145178817,1.6794484001922996,0.012622421530042211,0.03831653512043953,0.13694870904383577,0.9897563164083799
25.430052369815883,-4.267641616220571,1.6765666815716216,0.012111681973725879,0.03798954874245833,0.13689625493468915,0.989782557594448
25.47472765795871,-4.252803083529193,1.6742829123624006,0.012129891818355045,0.037807042311010126,0.13635518127455662,0.9898640092373727
25.52100094294212,-4.239384309673613,1.6708191959314576,0.012967783647351318,0.037502717256366544,0.13612423277350333,0.9898967505930498
25.56531793736425,-4.225690036313077,1.6669872955147405,0.014133907510015774,0.036928015342675966,0.1356819883670098,0.9899631030860512
25.609446492557083,-4.210342395497268,1.6637283375004444,0.014452540101980401,0.036542275085195454,0.13454714434633924,0.9901277006878433
25.651465466994267,-4.1939932276575425,1.6615337597696396,0.014033974650805876,0.036345077149915354,0.13262646372395767,0.990400070984334
25.694071859052173,-4.177525676411079,1.6572908164584277,0.014887286504868164,0.035575591040000965,0.13017213867741964,0.9907411185359103
25.736727897736834,-4.157908280377183,1.6539885278885507,0.014629575242626324,0.034973450689553764,0.1264724964377589,0.9912454533322365
25.778221208723345,-4.13694311896877,1.6535620381197589,0.013009677567882039,0.035429205336626086,0.12149978446701715,0.9918736389429649
25.820769800002864,-4.113547861291565,1.6554286046794005,0.011093741041905724,0.03712293078099873,0.11543028196515617,0.9925596560486769
25.862793423955722,-4.089920445217096,1.6588154998855487,0.009811297077409246,0.03992241768692163,0.10847776639201327,0.9932484698741081
25.904612518955755,-4.064198479326989,1.6619020086148772,0.00912164717904682,0.04230055553753295,0.1003089560794989,0.9940148744324102
25.945765224817528,-4.037270690760587,1.6613135966917696,0.008877429359377527,0.042911685778483796,0.09091386876225716,0.994894188030263
25.987894173349673,-4.009294760014961,1.6580306480239173,0.007969867722275247,0.043172590752310336,0.08068381053395876,0.9957724258651995
26.030856307008968,-3.9787253923687547,1.659612373276702,0.005750693426618758,0.044558645115083326,0.06905770287312567,0.9966004672253972
26.07339829865022,-3.9484163895547475,1.6586243726652299,0.005472095323678599,0.04572535280806738,0.05661179649221341,0.997333622611632
26.11682193990528,-3.919190830723817,1.6562057285058027,0.005573278745788378,0.04590133941008622,0.04373673865013641,0.9979724968295927
26.15977849324441,-3.891333151994626,1.651063765497022,0.0060105262573627825,0.04483600075999051,0.030663139209004996,0.9985055709224052
26.20295985851498,-3.864260413777025,1.6458743575074788,0.00641782962817404,0.04377867019879795,0.017629264131417306,0.9988650795877533
26.247944995483465,-3.838009855677571,1.6414250434026387,0.006676226672000064,0.04320518160312995,0.004558873134422258,0.9990335130230062
26.293967582098787,-3.811502424897334,1.639267649084931,0.0069764286668755416,0.04347022269032705,-0.008912035361472987,0.9989906074447052
26.34052875017921,-3.788182384283268,1.637477436486428,0.007528730376137394,0.043928828506044966,-0.021806496537954523,0.998768271397262
26.388895683350274,-3.767378299801366,1.6354423712582458,0.008569077535201312,0.04449933239714775,-0.03437147866155508,0.9983811835702524
26.4362602664066,-3.7471700228364426,1.6336525949687006,0.009792170088915829,0.044974123499976516,-0.046673549394896624,0.9978492003566151
26.486076140330365,-3.728462145548008,1.6306063969337,0.010344107803973112,0.04510341397715933,-0.05905350907313015,0.9971817133707811
26.536345967249297,-3.7104523406376435,1.6276647779964368,0.011082937754388544,0.045108857154309435,-0.07154663662584353,0.9963550823198821
26.587035436828174,-3.6946546093532167,1.6233494507009687,0.011583046239579708,0.044659111940442045,-0.08375963681023021,0.9954173615220206
26.637666309650708,-3.6789628319771914,1.619694108038673,0.011964658717106037,0.04419054791481517,-0.0960171358771515,0.9943262837439067
26.689017488526964,-3.6677780075296527,1.6141374060737679,0.012183776064124735,0.04310161480799588,-0.107330595009869,0.9932139486351583
26.739799942297815,-3.6587697908867653,1.6101227816265848,0.012580363263803816,0.04247813609683853,-0.1177034317307912,0.9920600974520628
26.791838540694503,-3.65111421860835,1.6057701408061584,0.013445562345129829,0.041774608329196564,-0.1278374088836284,0.9908237471503115
26.843946405927518,-3.6466088519545563,1.60213554654044,0.013014249385889227,0.04159642464851725,-0.13703088809392752,0.9896074526340422
26.896738641328753,-3.642519837973306,1.5987020030468875,0.012724853447709397,0.041255925454817245,-0.14629994149558237,0.9882977073414917
26.9477653203532,-3.6414935867168845,1.594559868028445,0.012510333751072304,0.04088353692143896,-0.15482760160544273,0.9870159281558516
27.00017724158517,-3.6405349558862383,1.5907566105839157,0.013367316933229428,0.040579393642815424,-0.16372379347484733,0.9855806218680851
27.054575340811514,-3.639461618489255,1.5868135414294997,0.013214195351100336,0.0402832956912323,-0.17300491890888775,0.9840081000411425
27.107337983607295,-3.639964647670511,1.5843128408428622,0.013117577474898376,0.040517811841102945,-0.18203661910279711,0.982369029024896
27.16125891799404,-3.641290270725385,1.5828985823975454,0.014258426381092437,0.04116979762198502,-0.1912025199801648,0.9805831614456054
27.21488281534647,-3.6442719287965417,1.580908195608508,0.01460417218624495,0.04174477930970127,-0.2000998853582819,0.9787768550150668
27.26788180398019,-3.6493576137364983,1.5766475879883788,0.01443560968733406,0.04128691338691665,-0.20862186523826282,0.9770178763107069
27.32082445690613,-3.654552082208152,1.5718730876293705,0.014169285254534246,0.04051225322444482,-0.2173178883532415,0.975156871084594
27.37534956123792,-3.6614714039134597,1.5647559203685812,0.013931092798013902,0.03866716462301247,-0.22586700917162267,0.9732907382063503
27.429465740788082,-3.6684069197927878,1.559986658283143,0.012548575676260791,0.03799106220783693,-0.23467754748787534,0.9712495244637482
27.484636675442403,-3.6754657164177758,1.5552650289973893,0.010153142477823018,0.03763610200398369,-0.24399807136026114,0.9689919415730354
27.54028226485643,-3.6819832169886535,1.5517349612515794,0.008820898810166783,0.03775654499179568,-0.25409693430396235,0.9664012523327618
27.595695437723876,-3.689873073819939,1.5517982026125319,0.009008400664990304,0.039126969798624525,-0.26449174143167115,0.9635517875895908
27.65241413059689,-3.698638784489285,1.5506476323749787,0.009078367278797496,0.04019106108339994,-0.2753191936508491,0.960469465328389
27.709970546746824,-3.707334735577305,1.5484278439071848,0.009139853114742608,0.04069506958505084,-0.28698410756124526,0.9570269059063159
27.769368473653504,-3.715281167557732,1.5451957544173935,0.008965430217027717,0.040835134120452435,-0.2996687688118634,0.9531268291768517
27.828346025863606,-3.7245030058818873,1.5427370005866514,0.008982890775137194,0.04105453299502978,-0.3127500095248097,0.9489052965324909
27.88714022326187,-3.734987525242806,1.5398756668298494,0.009169825940644612,0.04093246059542736,-0.3257273448393171,0.9445327585238266
27.943204500815995,-3.747867911993761,1.5360373280715436,0.00992923004734802,0.04051309969947832,-0.3382503014388252,0.9401312856734152
27.99985625191372,-3.761575074984349,1.5335281073614393,0.01117761522759321,0.04036355808431255,-0.35086569050016503,0.9354886970668029
28.055375183714233,-3.7782325268620482,1.530832579224807,0.01251535701276667,0.04029763780996322,-0.3629461427672237,0.9308542095365968
28.10954766567687,-3.7970823390243993,1.5279052777188422,0.01325945074801765,0.040138576463015795,-0.3743435920477772,0.9263260521985787
28.162733994640888,-3.8183611118138465,1.5235447886660287,0.01324585036142569,0.03944459871732728,-0.38480691549989066,0.9220587256377666
28.212325004419913,-3.8417956676527467,1.51887838883043,0.014084912708032872,0.03839702954463636,-0.39417132571268587,0.9181264944694099
28.261962165727596,-3.8683746266070784,1.5172690340701624,0.015181536495539251,0.038916920247743285,-0.4028646651433288,0.9143057768426744
28.31237163412545,-3.8975770701482864,1.5164449757622593,0.015863115826946838,0.04004047249209172,-0.4113412407166231,0.9104633468093138
28.36252443956552,-3.9254744810816717,1.5129819833019233,0.01587528085587156,0.03993611224496668,-0.4201976904198415,0.9064143541536336
28.41183546916603,-3.955780274806763,1.5068962335018412,0.014594041422240226,0.03919117584472248,-0.42854187077052497,0.9025535587285011
28.459932851263034,-3.9865560728040705,1.5022067261780014,0.01527720476036954,0.0383652543879643,-0.43710423288484596,0.8984623532382133
28.50762222483589,-4.018812619120361,1.5025212557076628,0.016332591268231566,0.04000124547202662,-0.4456138957432156,0.8941819704295028
28.557630445807344,-4.053691344515661,1.5034004699763752,0.017197695876413333,0.04243612204851462,-0.45447869725592516,0.8895799713086124
28.605658718202527,-4.086341277144534,1.502187472145442,0.017092001212313884,0.043929131082601644,-0.46378682872096383,0.8846919637504785
28.65703180374396,-4.119531505155486,1.4988811798005912,0.017155637290300146,0.04398340879140945,-0.47400377493148405,0.879256259314021
28.70537918836503,-4.154352535718061,1.492254404798686,0.017422109504306834,0.042920452489796514,-0.48406608364140336,0.8738045189183796
28.755220304741584,-4.1912110423549365,1.4868179170332994,0.01815590423418423,0.041914445005125915,-0.49442746824331757,0.868017864468657
28.80423829481588,-4.22805511849376,1.4823366758677992,0.01936333841413034,0.041201584622791936,-0.5049807395737343,0.8619291971979728
28.851336119879704,-4.267254696877899,1.4792517853354905,0.020893683557000685,0.04058304699667537,-0.5154604131640521,0.8556968045321237
28.89749528936946,-4.307919787350306,1.4765574636636476,0.02286038336541506,0.0397557621392589,-0.525832547630599,0.8493509359929808
28.944124414894933,-4.349295702469682,1.4722751202937752,0.02333112910464302,0.039588377106166646,-0.536375461800452,0.8427275803202681
28.992113734571547,-4.39293342670072,1.4687441839372717,0.023679278573017506,0.03968345776921368,-0.5471367061023994,0.8357666723449497
29.03638488630981,-4.436089519884625,1.4648084722843713,0.02338363854073945,0.03937367633444389,-0.5575519357940228,0.8288780153662944
29.08285713424483,-4.481281871400304,1.4586966465374172,0.02230197463261897,0.0388928972156624,-0.5684858452778276,0.821470514997739
29.127080176038938,-4.52784903453108,1.4528355071529582,0.02124975278968068,0.038835083351204815,-0.5791995350973204,0.8139829124454386
29.171771514503597,-4.577538159682334,1.4488064310385056,0.020021075015299535,0.03951340327174529,-0.5898838104874832,0.8062722517240118
29.215569828535152,-4.629005789684719,1.4450712417199476,0.019959428198009842,0.03997368603966342,-0.6006279567235842,0.7982792542589993
29.254802139737485,-4.680460430295657,1.4417336980176074,0.019926283857173502,0.04021268876708108,-0.6110136119601415,0.7903469084764471
29.294944576228225,-4.735274060084576,1.437695049658572,0.02053975630313254,0.03973387578375997,-0.6214577401857612,0.782169820987319
29.333512891426885,-4.789683144395699,1.4339752826539751,0.021778135102494843,0.038870607908827515,-0.6319229776921022,0.7737494066148309
29.3719050124566,-4.847847253775367,1.4287626211211126,0.02234549320811369,0.038345758259179054,-0.6421750437593418,0.7652721662473321
29.40628646963681,-4.907477054558466,1.4253231894252991,0.023394299865828156,0.038070746601168125,-0.6517986265758913,0.757074544887011
29.439771214406633,-4.966980027249964,1.419073456049322,0.023376252428390813,0.036762651201765986,-0.6613762064360573,0.7487880729904773
29.47231999480452,-5.030618681177202,1.4133605253736334,0.0232424629754103,0.03617366221407693,-0.6707256050347044,0.7404582432437956
29.502690483155664,-5.094558135586169,1.4075802995866944,0.02306779783013962,0.03567972628144993,-0.6798426041659756,0.7321262665887115
29.53147238319417,-5.161525382264941,1.4050377046979179,0.024050923085899234,0.03623313373504394,-0.6886903240830843,0.7237501988715391
29.55737289999537,-5.2299650709952505,1.4028697188960848,0.025153649811643936,0.03686949399550376,-0.6972435552373202,0.7154434722699188
29.582013985879925,-5.298853528679237,1.39983035598717,0.025473073954205044,0.0375790442668179,-0.7055950702500668,0.7071594808933414
29.604853630046605,-5.367855020942741,1.3931669310232095,0.02447412199339689,0.03758063480768334,-0.7139742900470625,0.6987341598130681
29.62855112509319,-5.437806278495543,1.3866608268903136,0.02323585830462374,0.0376726581965853,-0.7227161445042528,0.6897262094551544
29.64897522978046,-5.507418104277015,1.3812307613693946,0.023057120190777835,0.03695344250347363,-0.7312794515595644,0.6806858105790445
29.667847512877515,-5.577898098545759,1.3755950463525615,0.022594958039321416,0.03667471428670156,-0.7396663889924318,0.6715936598465085
29.682414854487206,-5.649574534157775,1.3718278408938787,0.02383708694812213,0.03583188873939029,-0.7474636372629041,0.6629072237830782
29.696394576531702,-5.723551905419631,1.3686672965620126,0.024685452756274106,0.035918096632322566,-0.7552030531752013,0.6540404173006997
29.7070333209535,-5.796335853875259,1.3627845627648654,0.02569520057536386,0.034063112685680706,-0.762501128197671,0.6455784180501534
29.714020589382397,-5.869522989139657,1.3547839925484775,0.024932041247536653,0.03233537616413648,-0.7690627346909988,0.6378677976113074
29.72085493098848,-5.941891047926932,1.349674261063392,0.024264118999602305,0.03248697610258282,-0.7756245555357091,0.6298907966994882
29.726241035745623,-6.018588783924371,1.3456720472004806,0.02414474651855014,0.03289404488659634,-0.7821171269094223,0.6217940449138011
29.728803782884363,-6.094659596391034,1.338572020128392,0.022967993287435286,0.03247061420366718,-0.7885708147225868,0.6136564212749686
29.731119522312355,-6.170140942597057,1.3304302069607576,0.021236926192003274,0.03142568867767332,-0.7952194620646924,0.6051342193824739
29.731658488743527,-6.2436776531543146,1.3245444075877817,0.019127653422893687,0.03206089035368967,-0.8013785216702488,0.5969913623886233
29.731114977254073,-6.321778682930429,1.3213722228510658,0.018989962629597814,0.032819213936533836,-0.8077913632892084,0.5882477420215582
29.727803638418745,-6.400201344000266,1.3200699937891187,0.019259169931743324,0.03407916356829715,-0.8138054652057695,0.5798175367733022
29.720919154608694,-6.477153798609272,1.31479515145125,0.018808815842961814,0.034006040878253437,-0.8194929427826584,0.5717701703801699
29.710191721941086,-6.5547128014035,1.31112456803079,0.018998783080686563,0.03438076912746868,-0.824415596472044,0.5646201813791794
29.69604695171298,-6.632269861304792,1.3094795738565068,0.020336216526693946,0.03412534092753904,-0.8286476212775169,0.5583592169251571
29.676324512271663,-6.706800751101032,1.3056393402292166,0.02098699024903937,0.0329158574484082,-0.8316639344750004,0.5539054125414975
29.65393358263451,-6.781418027687181,1.300341541751898,0.021618487638433964,0.030511940142358564,-0.8341229290209597,0.5503095338320145
29.628917698148594,-6.855101072410982,1.2967871719328414,0.023201861966447503,0.028303267690457264,-0.8359255468240472,0.5476213131153345
29.601396109266283,-6.929911683050911,1.294389278639354,0.025288402213356896,0.026573109106018126,-0.8372896843929376,0.5455275898375934
29.573272362597134,-7.003845007073265,1.291069871636612,0.027003935377298224,0.02505593331577623,-0.8382786225190232,0.5439962709072043
29.54249174827081,-7.077498371259068,1.2903165875869984,0.02879238073749842,0.024806594790311318,-0.8387422840420047,0.543200690314626
29.511541899771277,-7.1514375673657895,1.2878917721367067,0.02966057228262679,0.025021104338076285,-0.839099866626333,0.5425915883249756
29.480922522000522,-7.226673096583491,1.2857757035308452,0.03051165284513728,0.025744499312892178,-0.8395644850630617,0.541791229108617
29.450486172229613,-7.3012246719042135,1.2834197583477547,0.030808956707555596,0.027698629090721773,-0.8398547831965149,0.5412278155169956
29.420478081015634,-7.37767065524109,1.283813961792763,0.03301082569490156,0.028500938934048564,-0.840500079722102,0.5400532932717385
29.388864629887085,-7.453191129586823,1.2780966896655226,0.0325647504630421,0.02912382883294583,-0.8408114598735856,0.539562221768291
29.35638993719747,-7.527958082195344,1.2701170654119949,0.03171493276602712,0.02816079064662699,-0.8410039642578667,0.5393639633777889
29.324177658388244,-7.603209811570849,1.2602739471444622,0.03096445943132806,0.02623339141652526,-0.8413646879031137,0.538941991853448
29.291961795649453,-7.68168880985246,1.2604649845815228,0.03154574266055658,0.02735329518828751,-0.8417785848398197,0.5382058413300372
29.25565199821417,-7.758202799275182,1.2539758211262146,0.032257738324054784,0.025583293254810804,-0.8418750696360888,0.5380997145424273
29.22517733269424,-7.835064102428223,1.2481760529820036,0.03238398716773235,0.02571824003770577,-0.8425588137106447,0.5370144222598675
29.193398790543366,-7.910044028636172,1.2483019743699053,0.03377249689054268,0.027165889332541642,-0.8429429611750965,0.5362542159130413
29.163078280569188,-7.983634746761961,1.2450629182118114,0.03389681531043553,0.028762743161483466,-0.8433526730641282,0.5355184192735385
29.12956002094278,-8.058714673178738,1.2432275351851558,0.03549135426949951,0.02872379524701553,-0.8436629935948531,0.5349280991769478
29.097121661073004,-8.136492942400182,1.2343969952231824,0.03448626874292167,0.02894600576890227,-0.8441291930609586,0.5342459489359087
29.062615245958135,-8.214408595631115,1.2296921603046194,0.034737705032454685,0.028889520407485016,-0.8443893652439608,0.5338214112134145
29.02888294526922,-8.291333413362217,1.2194309180027822,0.03411115239937239,0.026964814698706156,-0.8448211341204346,0.5332790572207703
28.992799860132347,-8.370322818271614,1.2126491931981578,0.03476727163805206,0.024885859282944133,-0.8449397136522575,0.5331498982338628
28.95819881375809,-8.455561723436078,1.2077798667315118,0.03452454753402406,0.025992871752165983,-0.8450918505247267,0.532871597402216
28.91898187860898,-8.531274926160709,1.2017195061932142,0.03501696312552176,0.025955277312809555,-0.8446955969447887,0.5334692909006028
28.88381743179216,-8.612163214272373,1.1967602994612978,0.0349991817138775,0.026775279916116265,-0.844708798454248,0.5334090020534887
28.84383941546402,-8.686507577952035,1.1885890193589903,0.03390992409935634,0.02535067157805544,-0.8444355856259006,0.5339812724449591
28.806993677827244,-8.76387498128674,1.1781063711150601,0.032111202921973774,0.02400662666976017,-0.8441900901074672,0.5345424696417492
28.76713303805132,-8.845310872135238,1.172132111187647,0.03218135135608923,0.02266164552739873,-0.8439223323072322,0.5350195299354035
28.732032243853784,-8.929521648547722,1.1671049195608116,0.03256232729745354,0.023408283854058732,-0.8442990413763704,0.5343696075301221
28.695300512300427,-9.011844213681218,1.1670455759568785,0.034311684764033346,0.024704791242474662,-0.8444090592364014,0.5340278172489521
28.658142160312742,-9.093702330277809,1.1604254592439478,0.03418846150097619,0.02468574121721008,-0.8444785096041093,0.533926762707896
28.62053866938812,-9.173769219211884,1.153381344150791,0.03306233337002325,0.025211807594781886,-0.8445076941824555,0.5339269441139203
28.58469712935559,-9.256636403634268,1.1500032604179848,0.033431540718089105,0.025693106557089913,-0.8447260934832043,0.5335354101478779
28.54891395448437,-9.339220916292778,1.1440124900946564,0.03312311689243826,0.026483471876591922,-0.8449089368135279,0.5332263550221898
28.511344412039634,-9.422716358098654,1.1384798906991556,0.03309658122889279,0.026508581545710473,-0.8451196532191536,0.5328927516629173
28.472359768233655,-9.506666552244262,1.131733367600095,0.03300033847358638,0.025671306431110118,-0.8451822507492721,0.532840430738592
28.433943071567334,-9.590741620882177,1.125751675350049,0.03316234804895122,0.025123196219965997,-0.8453136390380652,0.5326480351556218
28.39489502302009,-9.676883255733998,1.1200758440336873,0.03324703267520039,0.025080663204520577,-0.8454546359180649,0.532420901593601
28.355850176358675,-9.762097219161596,1.1142076080116041,0.03347419029619444,0.025312565314295297,-0.8455625233076681,0.532224357670408
28.316157154479413,-9.849373772519566,1.1093232273063087,0.03353423991850706,0.02611625565229564,-0.8457032897947331,0.5319580380653647
28.27597351157152,-9.934532410298424,1.1018975669647126,0.032602351967166994,0.026410828269389387,-0.8457307774129678,0.5319577159282912
28.236850318505276,-10.020630017377401,1.092852550375909,0.029756733076525686,0.02814492821644354,-0.8457676286632617,0.5319769807828781
28.196963890849723,-10.105295463527554,1.0870062616774518,0.028332095236913615,0.030104138943615962,-0.8457396257839305,0.5319920224307775
28.157794714196218,-10.191388240077188,1.0834737746496081,0.028062145185568887,0.03213056646575591,-0.8458335807222869,0.5317383653204565
28.116112208533416,-10.28438906796763,1.07638269384754,0.027982653902722483,0.03144816054702638,-0.8460113089501329,0.5315005819397339
28.07425494480639,-10.371390504936642,1.0698638866988155,0.028405371778069115,0.030168298407047885,-0.8458239669446334,0.5318503773970796
28.03083178090362,-10.457607891479299,1.062608486054799,0.029299097194074974,0.027965200714156667,-0.8455090374954842,0.5324227207818034
27.987060886981645,-10.544777236800721,1.0594383923090724,0.031343573597150086,0.026648138642363164,-0.8451375817036522,0.5329633460082634
27.948710001311884,-10.632279166941002,1.0561804510583608,0.03224864881281695,0.0269591866194845,-0.8453658036656224,0.5325316158611517
27.90526282584111,-10.717650539357757,1.0526948988533675,0.03290649601525651,0.02754553212940156,-0.8449002594446335,0.5331997504494327
27.866516560593265,-10.808473181918455,1.0463945785130342,0.032771671391804265,0.027718068713547858,-0.8451489382699164,0.532804836430629
27.825978782786073,-10.895691333141142,1.0398457657873408,0.0322098693911109,0.02824985252727757,-0.8451136824849448,0.5328670532511851
27.787320552695846,-10.98313891499023,1.031416847251423,0.031862107716883914,0.026644618796738313,-0.845419664526053,0.5324851921310565
27.746785556536583,-11.070596104909317,1.0255949693674822,0.03246607023992542,0.02533723771056156,-0.8454177616157456,0.5325155261176113
27.70488955430522,-11.156002375287686,1.0166368627935194,0.032088187296828365,0.02368654025343597,-0.84515715995786,0.5330278366985084
27.663685438937,-11.242549517950865,1.008989852560494,0.03166914529282285,0.022390543841573952,-0.8449535350871289,0.5334315806162667
27.622394689182745,-11.329129988345546,1.0102005185389444,0.032545366024341056,0.026582873030627143,-0.8443893567874181,0.5340793313107974
27.581888955249223,-11.416625882010546,1.009444736209888,0.03450961325709089,0.02845339181490601,-0.8441543901602899,0.5342310614002664
27.5402442711489,-11.502347224141747,1.0014680246819514,0.032616410674594795,0.030100623680771103,-0.843465633740948,0.5353464776973298
27.49916895019803,-11.588832049440363,0.9912704184017098,0.03128783651466174,0.02901183305878165,-0.8430921802605864,0.5360736362616583
27.45669108053882,-11.675320285550848,0.9841572274648772,0.030472537991638956,0.028786028782946876,-0.842367966196522,0.5372699636195696
27.418048832593975,-11.761457253000815,0.9765533470811723,0.02949158957975314,0.028335525919019583,-0.8421295874719598,0.5377221651920441
27.379446721104678,-11.847184839637778,0.9689678341010399,0.028450351336149177,0.02821776483926462,-0.8420531857155744,0.5379040474695593
27.339391185391058,-11.932416162167701,0.9661440246722584,0.029020367994630383,0.029238313571096936,-0.8416447212956419,0.5384580983291763
27.299696778827958,-12.019876511856552,0.9621602392973494,0.02969075969702164,0.029850745845895456,-0.8415174491992373,0.5385868143664861
27.261246351341946,-12.106015339598315,0.9578559508575339,0.03028122403084506,0.029355165366995523,-0.8414560556612117,0.5386771469466811
27.222571055253937,-12.191771328641238,0.951552902923007,0.029354834281390546,0.029953472035665278,-0.8414505224394936,0.5387040826409628
27.18537263545041,-12.278360442724662,0.9438432118085398,0.02884325515976886,0.02887200139842899,-0.8419858947589549,0.5379537084151335
27.149459265858344,-12.364696743125766,0.9371039679002156,0.028496509114680737,0.027828904197031618,-0.8426498930375023,0.5369866525724544
27.112280780971574,-12.453769668826684,0.9307629909822257,0.028891921155725784,0.026500900189592856,-0.8434025897403528,0.535849817905162
27.074638697997134,-12.540738661892409,0.9263487303127698,0.029679194648502216,0.026070159455923704,-0.8441474142948385,0.5346537479268734
27.038562375145453,-12.628278890385618,0.923573989488478,0.030755505147969934,0.02622378118491787,-0.8450782473482157,0.5331127173941943
27.004308101355115,-12.713873890470651,0.9200845775332116,0.03093338891523043,0.0278016277558514,-0.8460963715182321,0.5314048793767198
26.96816275990649,-12.798959763965238,0.9157737300915576,0.032005306674575754,0.027066861246642343,-0.8470167268397641,0.5299110509123257
26.928143074760015,-12.88485774884229,0.9081266082225241,0.03176760885490385,0.02634156138873756,-0.8475255622340141,0.5291477640848358
26.88989712389085,-12.968335095765756,0.9006524687215984,0.03149602449182348,0.024423566414114577,-0.8482190907759075,0.5281437845105972
26.853920294695264,-13.052444123650492,0.8940047424130455,0.031088177081183502,0.023683777973100745,-0.8490565409434613,0.5268544222703782
26.816973234713217,-13.137233514473493,0.8883878093360877,0.03042559035970435,0.02421503655210168,-0.8499636511371317,0.5254043662390783
26.77913092598578,-13.219955155737164,0.8855679461258816,0.03084463946302459,0.02534545789679094,-0.8505989852000886,0.5242972288214363
26.74187134999981,-13.303065677536948,0.8810876904125009,0.030418421196367007,0.026834082314223642,-0.8512903943680702,0.5231245656963082
26.706720156722096,-13.385656729052627,0.8784243645722012,0.03058111436746374,0.028339460491209084,-0.8522482734705251,0.5214734737099767
26.66930157519674,-13.465005835892777,0.8730561085952231,0.03021110086329002,0.028774302862740672,-0.8528811113602952,0.5204355501037843
26.63221939598814,-13.544734185408458,0.8695871272355156,0.030628352568153567,0.029500348851605882,-0.8534060878704934,0.5195090927332437
26.59466968008215,-13.622056677767066,0.8663049100770639,0.03121334461644391,0.02987510648846555,-0.8538626261829284,0.5187020388803074
26.557099100282727,-13.697983401478638,0.8617397980163748,0.03077038743053908,0.030855634388146584,-0.8542216170857123,0.518079644266853
26.521631225617725,-13.773577562581647,0.8544386418104177,0.029412591411203535,0.0314498746384814,-0.8547365000246717,0.5172729672232206
26.48842545962122,-13.847514654377111,0.8493082833973835,0.02812919116310584,0.032751007762294664,-0.8552752102778679,0.5163723630073679
26.45084911973725,-13.918281340809123,0.8450646269818325,0.02746032659330316,0.03395128071641691,-0.8551721460722761,0.516501541406357
26.414594864040847,-13.989790182908806,0.8414868944508966,0.02725197810337754,0.03482145884295391,-0.8551045310147609,0.5165665872484847
26.379311147513747,-14.059987562860377,0.8364391171828629,0.0266672060256547,0.03543695030889714,-0.8548422967894436,0.516989102874996
26.34172894453117,-14.128181282432045,0.8325888302312885,0.026357614930761625,0.03594019085140255,-0.8540025475153163,0.5183562493535477
26.302642108317237,-14.194085209207188,0.8282324239530414,0.025978777937172872,0.03615234821893077,-0.8525429210274524,0.520757776184003
26.26211046362077,-14.25806112234261,0.8235046941876591,0.025700241123041218,0.036141764777958746,-0.8504325988613607,0.5242114821269889
26.221707774967594,-14.32111374430294,0.8207915088521158,0.026018545376854017,0.03651450330739632,-0.8478046764074197,0.528409855106506
26.180582798092285,-14.38287046399282,0.815883836270455,0.025571309765236788,0.03678306176491044,-0.8444602395470406,0.5337415638464669
26.137777406071546,-14.442436455804256,0.8111472058793368,0.02517091142728145,0.03650022868298373,-0.8404171601044917,0.5401232621015555
26.094729953607768,-14.502169000261459,0.8051597277186033,0.024177723766550693,0.036090377740434075,-0.8358770559234975,0.5471950888529585
26.053696530050686,-14.563949221338476,0.7995245999800673,0.022029535155869966,0.03786383766797192,-0.8312119995958874,0.5542270468560531
26.01027123944612,-14.622774826038071,0.7946723356934662,0.020614702941961473,0.038268705815665174,-0.8260125059386878,0.5619731992617445
25.969464336062913,-14.682339684516371,0.7869743082917289,0.01891740541281448,0.03734374771063849,-0.8210070382534471,0.5693812474955929
25.93047603717848,-14.741702414362287,0.7826609294500031,0.017247925951432985,0.038951778587852405,-0.8155310594285359,0.5771432608486845
25.890075244026278,-14.80246371019821,0.7778566042322836,0.017179443257067547,0.03801768570575553,-0.8097319481437396,0.5853150367478177
25.851099536267544,-14.864767826654424,0.7760481370023911,0.017186069518301463,0.03897790565990153,-0.8037569187014859,0.5934308599790588
25.813868603492917,-14.928402456763884,0.7746670259555586,0.017946817288795838,0.03955758795874189,-0.7978107825770856,0.6013410829563128
25.776631758617643,-14.993906519834189,0.7737633667034345,0.01808997803408646,0.04210492189397412,-0.7915278262904404,0.6094125161482354
25.740615394078517,-15.05777378623128,0.7728439511038303,0.018561075571937157,0.04365474427500472,-0.7851674288235089,0.6174640518798207
25.708004422522116,-15.123359167387079,0.7709148674011885,0.017593459581615588,0.04632808412667065,-0.7788505619836529,0.6252487522060934
25.676449727399437,-15.187805362055002,0.7667081993790816,0.016366763231234475,0.047683888054852325,-0.7725628225417166,0.6329336903932905
25.645410832029718,-15.252867836630884,0.7625033329867108,0.014985968558920594,0.04903128922270023,-0.7660794087424322,0.640697829828521
25.61784507973162,-15.318476648246598,0.7586678641763527,0.014089184398568702,0.050182452279929124,-0.7597362801565394,0.6481388823467236
25.588442758170316,-15.385257059993663,0.7539521302036079,0.01462050434297498,0.04962436190773635,-0.7526433224443146,0.6563929362400863
25.557902276838764,-15.454401368214114,0.747809001793911,0.013942398473996066,0.04907259583143976,-0.7448325291430258,0.665298407144663
25.524821036303553,-15.525640638180846,0.7404765176258437,0.014260612899495,0.04602328872005282,-0.7362526577491777,0.6749892803506549
25.495300731845873,-15.59385551535545,0.7330277285063929,0.014014256480057673,0.043506442752260434,-0.7274103815877474,0.6846786935641251
25.46623585155917,-15.664829772523007,0.7264499959536295,0.014275686857195742,0.041581098171275886,-0.7181209945059394,0.6945282338509222
25.438664002066773,-15.736322558270402,0.7217948494637838,0.014248714849849853,0.04125983610544736,-0.7084018652068044,0.7044582183690935
25.414015708697768,-15.807174430182265,0.7191333014542067,0.014393789247961326,0.04154350789286665,-0.6986139457941374,0.7141467172053799
25.391078502960294,-15.881140399288498,0.7154372155642719,0.014327113707539224,0.041781440334201746,-0.6884184540888447,0.7239675789981385
25.36999432267115,-15.955063094956756,0.7132879365673759,0.013887933574520723,0.04298052878343339,-0.677800709053734,0.7338569302582444
25.34899242775341,-16.031954594304732,0.7111357038995436,0.012973486275625744,0.04515864468349003,-0.6665901976229864,0.7439421353982119
25.332576180358622,-16.109440988323215,0.7086794831597842,0.012188241837016908,0.046989384699575906,-0.655625969453056,0.7535237369723635
25.317713328470614,-16.186697766128194,0.7022306664914808,0.008966925514961003,0.04816970966976594,-0.6444558576346919,0.7630700718265548
25.30654506403996,-16.26438934268966,0.696416956179533,0.0068930346923414786,0.04879748894852806,-0.6336199636256654,0.7720732023231857
25.297440771838374,-16.34342878291294,0.6908430718388487,0.005027603698191198,0.04912977594449623,-0.6226810355251152,0.7809157013913283
25.290827417863845,-16.424439106016358,0.6862528159506525,0.0033771827478762365,0.049714266556042525,-0.6115659170589522,0.7896228396455754
25.285988435974957,-16.50736118124769,0.6805046483924571,0.001835147433352799,0.04986143642582463,-0.6002097548182548,0.7982848588866013
25.282969511682015,-16.588707329798567,0.6781615598651953,0.0022089423666018892,0.05086132357691129,-0.5888008494764168,0.8066732986520093
25.283467894389418,-16.67018070518635,0.6751288272677272,0.0021983282490541187,0.0520926030947812,-0.577386297175479,0.8148046370762806
25.283965608352542,-16.751566636735824,0.6738955436340888,0.0035623149849866834,0.05269318150767587,-0.5655589922271488,0.823015052712505
25.288706658143337,-16.833940423465926,0.6659140398783663,0.0011724881281456254,0.05235697734585205,-0.5536528224552385,0.8310992344393627
25.2970490603251,-16.91684769151686,0.658050631889509,0.0016682998539144052,0.050372299315487624,-0.5423557195038258,0.8386358712671976
25.308249884408877,-16.99899707425254,0.652245551356053,0.0004225201260386671,0.050684824249931676,-0.5310463096469782,0.8458254463590716
25.323159639126374,-17.079896306515877,0.6515609202933348,0.0003927190704086974,0.053105505020433055,-0.5201983929287441,0.8523926800425516
25.341001997347206,-17.160592970651763,0.6506149033467601,0.0008630532797730039,0.055204821630725945,-0.5093452019094077,0.8587893484504229
25.36073432020129,-17.2413314664295,0.6495570361871401,0.003055111428992415,0.056474325403592145,-0.4987037328397379,0.8649253767065158
25.38436018929722,-17.322933976440822,0.6448778930334242,0.003103458182074672,0.05730327945741903,-0.4884146999044621,0.8707225675880831
25.410337569999797,-17.402579939032762,0.6399498313787113,0.0022189086533168554,0.05821636157618167,-0.47828603692933586,0.8762695945094375
25.43855249354104,-17.482547200688124,0.6347303934267821,0.0031073427211878546,0.05812220581233008,-0.46855833497437716,0.8815130358628429
25.47236739038749,-17.560945420411585,0.6277777556677684,0.002072159562673139,0.05872595310402062,-0.4598579004583164,0.8860460914518075
25.508020034782056,-17.637152711302036,0.6221186476842568,-5.3374626741069105e-05,0.059990709460427685,-0.4518389470046773,0.8900801514580968
25.54530632404891,-17.712029721206346,0.6144530392498169,-0.0012661998525671583,0.06032749120327155,-0.4444266358017107,0.8937807141208346
25.58835678523578,-17.78952321750634,0.6079327725793888,-0.002939993505100755,0.061388199778022366,-0.43778470861988406,0.896976809421948
25.630626755220646,-17.860806306411682,0.602039754264581,-0.003775816980373855,0.062087564262776056,-0.4320449468212386,0.8997044213688886
25.674895970156683,-17.934653160188716,0.5956406229370828,-0.003918050091882272,0.062370815729199926,-0.4260865781449976,0.9025213306289115
25.721505743064665,-18.007347827456055,0.587576588984664,-0.003792708765361116,0.06162380449273348,-0.4205694229800638,0.905157162010488
25.76919471675499,-18.079505550531422,0.5768617660612545,-0.004482877557221149,0.06000755053379516,-0.41526153183466774,0.9077096808637087
25.817361548848837,-18.149617315619658,0.5679483523013076,-0.004435010983397036,0.05874230026027768,-0.41045896267605364,0.909974239634508
25.87060082861111,-18.219346757235364,0.5608536983751087,-0.004830813115485651,0.05891090716960619,-0.40661827105133136,0.9116840146728349
25.92473650719858,-18.287566256800307,0.5552046130085984,-0.004559967082930031,0.05938082025657705,-0.4037607114858728,0.9129241065568477
25.979617648710793,-18.352372183916646,0.5499997108389358,-0.004620285048363609,0.06011839604155253,-0.4016418748536289,0.9138097413594554
26.036565585956325,-18.41661823899691,0.5446412494690076,-0.003876548566300385,0.06090396084300649,-0.40026594376139146,0.914364724039572
26.09245352955076,-18.480981823706475,0.5387690826347047,-0.004231975461400926,0.06147550963009399,-0.39869848352176435,0.9150094889581325
26.149942080283964,-18.5429518602673,0.5325838444489879,-0.0036133784816729055,0.061707597050259,-0.3977252576993191,0.9154199725450064
26.206071834374022,-18.606944623624535,0.5256809413355548,-0.003958368680178379,0.06201862755459214,-0.3961881636244425,0.9160638402031257
26.262924329576922,-18.66855045906958,0.515154484578499,-0.004875149855234236,0.06087613514328434,-0.39519439495177483,0.9165651751094555
26.319356481786414,-18.729382235055695,0.5066466750217771,-0.004218205112563074,0.05969534690589493,-0.3944456195677003,0.9169685596351074
26.37478697295709,-18.788724883041752,0.4971645764474566,-0.003790348667561047,0.05815001473293328,-0.3938656259047237,0.91731896636133
26.432919625444228,-18.849408067676592,0.4901660165076205,-0.003057763262711798,0.05755662712780414,-0.393795209919391,0.9173893418870548
26.49318532698171,-18.91030279482583,0.48351274437170844,-0.0030740236085663227,0.05795796244394736,-0.39403827905244004,0.917259648554334
26.551418798848005,-18.966078714933907,0.47856062015837253,-0.003249886433934953,0.058971795831665764,-0.39534358499926336,0.9166325441786373
26.608442343785516,-19.022155020827405,0.47386700748464605,-0.003497309391598572,0.060025201107928174,-0.3970874720707107,0.9158090793720423
26.668639603806636,-19.07544852451938,0.4692987979772312,-0.0044078240109490215,0.06138804940592698,-0.399848776429191,0.9145124583201311
26.727510572244515,-19.12969546076036,0.4627128230552984,-0.004770879640406061,0.06178141658682432,-0.40264291190352436,0.9132573420753946
26.78507918609783,-19.181130652623576,0.4545866466358568,-0.005421616967728623,0.06127229424202452,-0.4060892294149953,0.9117608476610093
26.843995671441093,-19.230385011313416,0.4449360948153931,-0.006822248425021682,0.060145980801937685,-0.41053606948745586,0.9098329829516216
26.902017830104512,-19.27699803961064,0.4354696136579861,-0.00814214855199295,0.05932960010321708,-0.41588739569571886,0.9074422212471714
26.959920254644885,-19.325833469337816,0.4277725094551812,-0.007294826415058358,0.05783656246810017,-0.4216660453575472,0.9048753951765184
27.014062658090126,-19.37283784998837,0.4206042830865613,-0.007026427357637996,0.05663235625863972,-0.42744500679250313,0.9022384268324172
27.069270446452098,-19.421278012108708,0.4115211497318825,-0.005914220957644198,0.05445988990150642,-0.4334592022817756,0.8995066790780724
27.123116136264258,-19.46611148935381,0.40488918880139124,-0.005550670844757808,0.05340327582146317,-0.4399663563481759,0.896407761967318
27.175306845322076,-19.512986748562536,0.39942514787991,-0.00392017523492734,0.052013737976720084,-0.4464160435556848,0.8933039245610218
27.223507509272682,-19.55880375204528,0.3896303321586103,-0.002797246249286587,0.048445354585507014,-0.45276394172050555,0.8903089514675367
27.276484610298233,-19.600801752265543,0.37796609616438204,-0.0020845459331934263,0.04369138321609083,-0.4605440701921805,0.8865584510062654
27.324043181808257,-19.64339896792676,0.362181374951831,-0.004042177278958022,0.03736664702182918,-0.4676589649755968,0.8831095575492988
27.37046550141976,-19.68343141054496,0.3466982984503737,-0.009233918913027083,0.03295082442981188,-0.4752225236413109,0.8791999326230805
27.41941567039978,-19.723213014831156,0.3360676947970269,-0.011554658727271043,0.029276465408539225,-0.48369467558454476,0.8746706990069341
27.465254361747505,-19.762438735246015,0.33078683166532485,-0.01199158317618405,0.027749022641073113,-0.4927326711218228,0.8696555166226679
27.516806496981065,-19.80057621262274,0.33324317585978847,-0.013941794329962728,0.03004042103146278,-0.5034924072314224,0.8633646946274476
27.56786293331571,-19.838975461735316,0.33255078324295084,-0.013356923577352613,0.03064776907557017,-0.5149929271504511,0.8565422272953525
27.617708483830903,-19.877983210439343,0.3343904829883684,-0.012024439848351595,0.03182711695165217,-0.5271668877099259,0.8490803968209248
27.670757006784903,-19.914413975712808,0.33469185212317143,-0.009553531939589563,0.031560555111093104,-0.5412066690912749,0.8402428321997998
27.724423781028083,-19.951161793211732,0.33042963981936424,-0.008192776381131892,0.02917001842638619,-0.5566782189611396,0.8301755017777195
27.778397698097756,-19.98686655812013,0.32308780591004904,-0.007576521554542034,0.02461267822567403,-0.5728542792357182,0.8192525691651869
27.83209172537066,-20.02359083315215,0.3126962525539767,-0.007621722287083805,0.019049695100505887,-0.5893707518614663,0.8076020854013044
27.886309776509755,-20.064254852490652,0.3025994255033915,-0.010673436543694195,0.015603185259525709,-0.6059048138297266,0.7953125043093339
27.937361221061934,-20.108360340158107,0.29507506493903435,-0.012745709697400808,0.013078371463512869,-0.6220057972726113,0.7827996453735484
27.988610545632845,-20.1533272993192,0.29436074111757193,-0.011481984447691536,0.0115790630961692,-0.638121882102108,0.7697626627635958
28.032867897414025,-20.20056412149691,0.29902589228488097,-0.009785239005147524,0.01268162602824392,-0.6531710024151723,0.7570409976894615
28.08151569696446,-20.250782639835137,0.3052157548070831,-0.008107896803769913,0.015141924988408354,-0.6688868323747791,0.7431657906410687
28.129585697367414,-20.302620356123445,0.30721973675858294,-0.007168960339426784,0.016092925901622004,-0.684906036225875,0.7284183846383135
28.17363987906669,-20.35462669898161,0.3084966649976906,-0.004304299852195939,0.013981867594554607,-0.7007570398487845,0.7132499768921167
28.212734385403458,-20.409101406036662,0.3075617455018538,-0.0037207438338712536,0.012917424562418267,-0.7155987724541021,0.6983822031954393
28.25048009355341,-20.465291886021372,0.3051520661452898,-0.004823494728800343,0.01201137034114434,-0.7301993307327472,0.6831115670576144
28.28343883010288,-20.52291478618991,0.30220415899957764,-0.004640088846098067,0.00923453432154973,-0.7436774258959638,0.6684587310033773
28.31059155873041,-20.58252526097624,0.29948606013159473,-0.00289062437701663,0.004861816929300682,-0.755632711504136,0.6549711567728802
28.33190816653142,-20.643054811886984,0.29781034936344847,-0.002210784798355393,0.002710893411461554,-0.7659835501416952,0.6428506383491118
28.349680573649472,-20.704705117042945,0.2998324451022661,-0.00233050264647893,0.003552898514732829,-0.7754197301644195,0.6314318424514362
28.36354555074861,-20.76684240462746,0.3039028957496086,-0.0010326797865947564,0.004391793792278034,-0.7835015013448391,0.621373503438206
28.36917862103311,-20.82603965352313,0.3047822475947566,-8.624342993459047e-05,0.0034948786628072304,-0.790019648945707,0.6130715637369264
28.3705610488406,-20.88520774551945,0.3049381699047704,0.0010437848245020084,0.0018266616639218461,-0.7955132565071584,0.6059325195568179
28.369925252061506,-20.944336185723262,0.30715982372647654,0.0018065799954997328,0.0015975726719904277,-0.8007113807606518,0.5990454665674189
28.369166850547664,-21.005389906846005,0.3080842577284937,0.0027597898408082988,0.0006840588111464607,-0.805999391318468,0.5919095300392531
28.366817981406292,-21.066954640542185,0.3100874041596473,0.0037162488138906824,0.00042161343375769495,-0.811117996553208,0.5848706069005971
28.362466150411926,-21.126190040639347,0.31101163254867537,0.004915492464553818,-0.0009939219835105846,-0.8161358991647016,0.5778382530992764
28.361053106454346,-21.190493976841697,0.3121640096735341,0.005047716882280843,-0.0011298542379205019,-0.821935480133471,0.5695571338857474
28.3606089338326,-21.254908982319947,0.31365214643182604,0.004648030893597307,6.384120671388871e-05,-0.8284529513963571,0.5600393835762478
28.361698387459782,-21.3196499965977,0.31389032678017603,0.0040893840821119454,0.0002679019514217041,-0.835603261863,0.5493181423583676
28.361602444264292,-21.384228848960277,0.3133746400891875,0.003068326033449025,0.0003165608315669417,-0.8429853155376791,0.5379277670121504
28.362519078778192,-21.450884342701176,0.310906283870799,0.0024605690296500876,-0.0017460801154397054,-0.8510908233158864,0.5250098114005137
28.3648355182149,-21.51763063391962,0.31041081701924256,0.001591134104330976,-0.0015755243759357825,-0.8598645540251494,0.5105172896623813
28.36526327182429,-21.584046724839787,0.31228068958093647,-0.0019565537343859945,0.0010446062332072682,0.8686698324277426,-0.4953865208564575
28.366982480540944,-21.653773202035655,0.31803553812968,-0.00447733149177939,0.0010912336925949107,0.8782756492926157,-0.4781324605034904
28.36392699120977,-21.724323119664575,0.3207035273255019,-0.006490954554279397,0.0030742113542817757,0.8875791181973955,-0.46059929876467387
28.36022224936115,-21.796079089793125,0.3194992831249004,-0.006837852232844849,0.005224450543250074,0.8969038935403381,-0.44214178346973426
28.35346114440051,-21.865989501633212,0.31936563090700765,-0.0065980489421676915,0.005878460224141885,0.9057946458779789,-0.4236247992152116
28.34213930379884,-21.935774591388242,0.32034489268955924,-0.006837054779472095,0.00665795073255814,0.9141678708629855,-0.40522343131637373
28.33030846468884,-22.005976775834792,0.32158470276089224,-0.00789159446193363,0.008556457988038082,0.9223992667339806,-0.38606230188281526
28.315341896120255,-22.075599382751143,0.32482911014077853,-0.009067745544739299,0.008683170724451792,0.9302786542420618,-0.36663877375562554
28.298289486650148,-22.143503431863834,0.32836223384860785,-0.01076070284297514,0.009803784380796248,0.9376752689557785,-0.34720770689727914
28.28001047346157,-22.209232723982513,0.3316434162935584,-0.011918196714612594,0.010972760484441717,0.9444644371110694,-0.32821406995640096
28.254663497123715,-22.27314987859623,0.332703248008702,-0.012041649685768614,0.01156665377795392,0.9503817007929151,-0.3106377917778237
28.2276687905142,-22.335531936752695,0.3304106287669466,-0.011043558821640218,0.013081692395815943,0.9557770665956361,-0.29359345460976044
28.19741561519777,-22.392624873771098,0.32729520034298076,-0.010047317592083493,0.015359050127254255,0.9603866611077114,-0.2780658292282905
28.162082674159976,-22.44718118846194,0.3253709292111884,-0.009251569940988908,0.017091817695716948,0.9643860940054064,-0.26378352862328197
28.125094171126705,-22.500113641967914,0.3260600096125117,-0.009318466717440691,0.018207915782365275,0.9680395905540252,-0.24996197423402539
28.086074640591097,-22.551844226145285,0.32911992480390495,-0.010230218189212997,0.01828217461515982,0.9714711948017601,-0.23623043451037182
28.044728660613977,-22.602615290785366,0.33090864547793064,-0.011053007974241247,0.019311451190761064,0.9747258806637106,-0.22229340249538443
28.00264932910931,-22.65074550705539,0.3341438817813849,-0.012437089839199675,0.02105514991599848,0.9776897714387663,-0.2086257778866798
27.958114240379004,-22.699664403266723,0.33621321797456716,-0.013299754155995215,0.021324148710215617,0.9805741576416561,-0.19453207405859707
27.913309847130307,-22.7472559025625,0.33926337343837076,-0.014852102947143255,0.022635385159127587,0.9833230574052069,-0.17984106913646963
27.86702061720322,-22.793973232454455,0.34185970872025706,-0.015111273218728844,0.02273533970800968,0.9859270545660066,-0.16493211819238646
27.819985683084195,-22.838868713078526,0.33911497914994015,-0.013746484342873544,0.024435841850145915,0.9883365766395394,-0.14968217305229292
27.77282865134336,-22.88631055618069,0.3365687459378748,-0.01212933981882151,0.02513383989074741,0.9907032009149093,-0.13314780743255122
27.72185979208806,-22.930854815085816,0.3356234026423053,-0.012000224222910734,0.026598626368680912,0.992708257246198,-0.11695652939506566
27.66864565071158,-22.97398259307185,0.33984881278503565,-0.014212180725791609,0.0277834688613652,0.9944355720111493,-0.10061806505135325
27.613400238822937,-23.01729068572216,0.34825842306291577,-0.017742389613134103,0.028650611288695605,0.9959053684194688,-0.08388589210726421
27.55639118380671,-23.059232718786927,0.35146587681281005,-0.018609216448746673,0.02688751372848983,0.9972100678331609,-0.06710318362616359
27.498317603071406,-23.099597558913185,0.35079182372355433,-0.018224784160230136,0.027318443000115305,0.9982021308076519,-0.05014045304106139
27.438340840820178,-23.13631228062858,0.3489679897923068,-0.017043245133629762,0.027115434629203867,0.9989197230642485,-0.03367009501944754
27.37553457496538,-23.169586714726876,0.3473698082058263,-0.0163464523141548,0.027215124918707746,0.9993460797031292,-0.01730748667000165
27.310452238308578,-23.19940834167842,0.3472389101696294,-0.01635815038124809,0.028152319915848018,0.9994684013368715,-0.0016637132126213073
27.244439034679793,-23.226693960808987,0.34595307117351126,-0.015975636554333927,0.028977058067445226,0.999367446811229,0.013031464960011174
27.174643714809932,-23.250832362405447,0.34489524509919534,-0.015573626705856863,0.030434311517893546,0.999041783676165,0.027326410183107188
27.105209654259944,-23.270062471744225,0.34410426101216274,-0.015347956562543891,0.03078032701325213,0.9986018972313696,0.040140452705768916
27.03211828866696,-23.28712522489534,0.3429946045180543,-0.014863880368904596,0.03176596442947957,0.9980331091482006,0.05196066334667384
26.958783828814116,-23.298803008755236,0.34155504311172535,-0.014299225656655198,0.03176106986872271,0.9974595896941656,0.06213800107037852
26.88563962664573,-23.304160828138045,0.3377868801663588,-0.013029919452873951,0.031120406696643697,0.9969249025249283,0.07072814039161969
26.81038304158068,-23.30982744950009,0.33530240471610284,-0.011863843185224746,0.030865517105954532,0.9963309360926038,0.07893820396537166
26.733254845048524,-23.31288728949718,0.3353692247352811,-0.011953203427722135,0.030858366645245685,0.9956995763823951,0.08652879163916818
26.655369351343936,-23.31228014644973,0.33557799819411827,-0.012346132660720259,0.029671809005567283,0.9951152857649042,0.0933420282368157
26.57424434320849,-23.311238963429975,0.33607084444322766,-0.012911262444627637,0.028861564527101456,0.9944774229551773,0.10007482196751434
26.493802396961343,-23.305573472398073,0.3370866348607535,-0.013905411060065612,0.028949109316000175,0.9939319189169588,0.10520426922864569
26.41432073809618,-23.296501349839673,0.33730527284080125,-0.014566253028571034,0.02991227099667654,0.9934796982352997,0.10904658614902518
26.333577744736434,-23.282819045729873,0.33665433346993723,-0.014616978979992331,0.03125460722273786,0.9931815791953109,0.11135458556832616
26.252727980347554,-23.26928692787081,0.33326327703627356,-0.013455865765689145,0.03145541458155932,0.9929946034665136,0.11309819217748039
26.171506346508636,-23.254032658277026,0.3286275384850228,-0.01155092453851801,0.031217977194570565,0.9928820574453302,0.11435577088614671
26.08627220501768,-23.23708034334818,0.3249099486106424,-0.010360633474939132,0.032018281694773276,0.9927588492339876,0.11531412405319023
26.00170314010891,-23.220344311792473,0.3265320943523804,-0.011566789456844516,0.032845290928649205,0.9925940424135624,0.11638073779933988
25.915692484084534,-23.20197268361783,0.328824237803893,-0.013298834843346876,0.033209774952816726,0.9924839057626379,0.1170296910696233
25.82962646522355,-23.182786538769896,0.32973375308266384,-0.014379865473205055,0.033922529281682705,0.9923794703360671,0.11758173476925265
25.742055733114164,-23.163403892349898,0.3282210932260483,-0.014468199883091136,0.03434249213381474,0.9922758949132161,0.11832084597211551
25.655109840686116,-23.144547221866233,0.3261236506702616,-0.01380893725146373,0.03530633091479491,0.992160879363734,0.11907798632703552
25.566718166348924,-23.1265074950328,0.32331468312699485,-0.01324786365235716,0.03441714955320932,0.9920707919347975,0.12014778039464612
25.4787269166718,-23.107469829393054,0.3211637635196638,-0.012787682791751074,0.033738389864997685,0.9919993454956003,0.12097726371274493
25.38834497052207,-23.0886993631849,0.31935703363245693,-0.012432962985617604,0.034235444405794256,0.991859622155863,0.12201573566252343
25.29569218094396,-23.065501903399298,0.3183307221295948,-0.012941763437630515,0.03406260443923104,0.9917870787369245,0.12259950369460294
25.20309542550654,-23.046889100665304,0.31737936376032394,-0.013204094937502112,0.03399461035911463,0.9916510971767811,0.12368556055132572
25.10822066483998,-23.024137510582683,0.3151683094232638,-0.012801254299776904,0.034397452734792354,0.9915432452818874,0.12447864967399665
25.013927604181553,-23.00466724639007,0.31496740585169647,-0.013010087355854384,0.035104081086429886,0.9913845417601005,0.12551940994021074
24.919048780732112,-22.983713496557698,0.31559808078483087,-0.013537868532666406,0.035678613249166616,0.9912274965303066,0.12653784365867685
24.823188451568967,-22.961582817026738,0.3136462394872268,-0.013481514122983663,0.03576018307845276,0.9911132538867164,0.1274125986360684
24.71976677635215,-22.935820661976148,0.311664303291316,-0.013610889383227891,0.0355429213592034,0.9910330175813987,0.12808206192216615
24.626457667280413,-22.916072726998916,0.3111355974057233,-0.014181896059062631,0.03500292668185276,0.9908699614246472,0.12942329039402029
24.530362899741696,-22.89335431662068,0.3127462016252025,-0.015437406653453218,0.034526663282694395,0.9907822682667667,0.13007726055997187
24.434509222250966,-22.86857178355465,0.30860183778092676,-0.013934174557765423,0.0347248318757276,0.990710751465273,0.13073725878574696
24.33706899066087,-22.845887117524626,0.30535020114266587,-0.013571033925315812,0.033979723918640944,0.9906144851583811,0.13169717985261992
24.240036146073844,-22.822810281386417,0.30478110631064226,-0.013774407145844618,0.034320715028775865,0.9905155467387984,0.13233023115712123
24.14103642957316,-22.79626009824575,0.3060598158291796,-0.015256406565593955,0.03508599552521695,0.9904394670987956,0.1325363570917993
24.04266129956934,-22.770755602248116,0.3034498328222597,-0.014878250976614325,0.03473783920858894,0.9904955532685684,0.132251603712205
23.94025115572814,-22.74294711736237,0.30085660826584615,-0.014733859905768892,0.03385694351920855,0.9906394927351595,0.13141551132769794
23.841121664098257,-22.715560747254315,0.2970109465410218,-0.013776371420292302,0.03206107453840836,0.9908997596909049,0.12999991823239804
23.74446677250583,-22.686181512866277,0.29317957474091827,-0.013160379769859084,0.03007970993436974,0.9912016844669904,0.1282233571266857
23.646751701423312,-22.657385905331342,0.29020858094378,-0.01195319640646486,0.02985592751126802,0.991492643868152,0.12612723087123956
23.54916668635772,-22.630706403286776,0.2866238441039002,-0.010798253447219228,0.02744375486429472,0.9918613949223012,0.12385964748911209
23.45163650589096,-22.604872309285966,0.2817956902409122,-0.00879457144964524,0.02547321275135574,0.992213526707305,0.12159810274959257
23.35496724820764,-22.57730767863889,0.2775869886579905,-0.00693024152122341,0.02436060600640277,0.9926208465882228,0.11858489397889815
23.25679123085642,-22.54965623926568,0.27665866670898964,-0.0067750715420485845,0.0214407917925563,0.9930613866974211,0.11542736938333037
23.15535219582872,-22.520160330405307,0.27894964717761894,-0.007534570748853843,0.018765524243555244,0.9935293510480536,0.11176093419527651
23.052956036999646,-22.48981264549316,0.2818366370714429,-0.00892725662477854,0.01759000594668955,0.9940088780609181,0.10750458407714122
22.954539811234568,-22.45962300002246,0.28385099629979393,-0.010307216758999583,0.017018993538462847,0.9945753454844611,0.10209790567808631
22.853726849599322,-22.42588111772659,0.2864578693635238,-0.012029995690672632,0.01746732720158956,0.9952113113587683,0.0954180901811642
22.755632172970063,-22.39332020874197,0.28700890045413985,-0.012446299054052834,0.01911464085474563,0.9958792361981786,0.08777391506653154
22.65555269759167,-22.363851022874435,0.2837670098266827,-0.011520010077514032,0.018959287873813437,0.9965243885914541,0.08029304665533296
22.557013293469332,-22.337572410925436,0.27851210188286046,-0.009160585304343084,0.018560341775343686,0.9970947770751767,0.07330480904587454
22.459658529378114,-22.312176038605507,0.27496839622994784,-0.00764528399863605,0.01695889434441537,0.9976368265195422,0.06614146183438879
22.360956484652693,-22.287454373203392,0.2739133912288132,-0.0067583550878771315,0.01636979766888402,0.9980834312238791,0.05929432604157629
22.261348051844806,-22.26468947133599,0.2744591158681402,-0.007231877681434659,0.016448215445061944,0.9984586579136127,0.0525115344406661
22.1611808396071,-22.244178081590483,0.27674749065073456,-0.008452342562147483,0.01671228650853309,0.9987707778765036,0.04589327893573462
22.060269641717326,-22.224055290083058,0.27773512278387713,-0.008962838361290502,0.016863370598386815,0.9990518366411938,0.0391246006612582
21.95957255058976,-22.204563907211888,0.27707477686733384,-0.008540524106856967,0.01781770676687504,0.999286836894776,0.03217789374327874
21.8593561808497,-22.18521984614063,0.27763871917623817,-0.009062840784106475,0.01602711251373543,0.9995121138236006,0.025229600140847668
21.758432707699544,-22.169973162242673,0.28048304843799343,-0.010386633269894212,0.013898950377737173,0.9996729852517618,0.01878480137909524
21.65624574875126,-22.154217959629825,0.2841320783079695,-0.011854602332613312,0.012382268523480164,0.999779803649564,0.01210310364661947
21.55564955259213,-22.14285073258249,0.2848936796266912,-0.012121204321248538,0.01207674268134082,0.9998361483089854,0.005907224988717817
21.45641224421195,-22.134615764409265,0.28508781322176446,-0.012312506450956445,0.010604132829196243,0.9998679595439008,-0.00012038043208408865
21.357648408163673,-22.126373212273414,0.28496006470920676,-0.012094488236769214,0.01057049760675006,0.9998521248439426,-0.006142050710705686
21.257348140701303,-22.11737057307515,0.2850109524699427,-0.012518775087970143,0.01038153164091167,0.9997870546348369,-0.01270243701636675
21.156626736194195,-22.112463364639673,0.2873280124046218,-0.013657497851089105,0.010031928938121012,0.9996827635633494,-0.018633291179813417
21.051414136690326,-22.105199446575142,0.2897495278284836,-0.015185380485247278,0.009343567674392365,0.9995273501278504,-0.02504324125452222
20.94843819777843,-22.10019362226086,0.2894842606666188,-0.015467098265301168,0.009738355912897538,0.9993450433942258,-0.031231809318267034
20.851862969347035,-22.096951531276495,0.2892635775525072,-0.015674309251276216,0.010783482514393124,0.9991263954604336,-0.03720855580902735
20.753682938493906,-22.094268320747673,0.28508366242035876,-0.014325060643166904,0.011745983201895162,0.9988950794203415,-0.043190821601543375
20.651850567186926,-22.09367707108925,0.28217898035009625,-0.012950452307143312,0.011644848663901168,0.998645222387382,-0.04903463625589027
20.55097257687038,-22.094671364768132,0.2792996288566876,-0.012205462282910997,0.012090199505129762,0.9983479219348819,-0.05482964459617658
20.449590295465445,-22.09833173136968,0.2790914754304836,-0.01197369100862216,0.01129041361296563,0.9980460836926214,-0.06027575641591846
20.349628974830807,-22.101795676449743,0.2790864525753314,-0.01202537803926475,0.01096869102329529,0.9977022535311837,-0.06576698218432497
20.248844963196937,-22.10577424155672,0.27668579084998335,-0.011032802412887106,0.010462077784177109,0.9973606803947533,-0.07099647849554293
20.14836517147088,-22.115546836123197,0.2753556852872805,-0.009943634613219217,0.010305858894719588,0.9970757076106256,-0.07506620792382016
20.047614576922133,-22.12274190204482,0.27388073265136725,-0.00932724679611264,0.010021827095752469,0.9966962749783609,-0.08005683256623634
19.945615503482625,-22.131490300290633,0.274473340477158,-0.009127697724475522,0.009377633115466175,0.9963088383045874,-0.08483774033951744
19.848961971828743,-22.143404095241387,0.27471813210570417,-0.009393345572645853,0.009451724487148918,0.9959657549433487,-0.08873920043479942
19.744363532424586,-22.153526373410685,0.27913648928883816,-0.010802895050138654,0.008851545709441957,0.9955675118822088,-0.09300685672653582
19.646130113502092,-22.164483410105635,0.28111433060136903,-0.011677641774230963,0.007575803489971279,0.9951595039092868,-0.09728201641245152
19.54324864899231,-22.182195602057515,0.2792667121309176,-0.011178620567720223,0.0072386516534317605,0.9947989931219579,-0.10098318428901129
19.443160912548784,-22.196522784875327,0.2789927317668699,-0.010888659762137147,0.0071428797125922235,0.9943816636615701,-0.1050501072438674
19.34216030301531,-22.21069754912489,0.2798522980030924,-0.011100429740436782,0.006324029058590539,0.993957697558248,-0.10901776458553357
19.243611947314335,-22.230126694293443,0.2813060150809843,-0.011460026157101063,0.004866616377547285,0.9935868600173627,-0.112383892618146
19.147951728349017,-22.248557307539187,0.2832428572766208,-0.012175560459912001,0.0038545834440316417,0.9932049093033141,-0.11567582829322018
19.052315308095537,-22.267607249059104,0.2845178826749404,-0.012857766636822116,0.003483648452126318,0.9928196897957805,-0.11887642497855143
18.948786237718142,-22.288352324709983,0.2874792412193212,-0.01413365983639158,0.0032524249674931913,0.9924237653318954,-0.12200298957884115
18.852826100696618,-22.30817118432074,0.28801870733291324,-0.014371767499361773,0.002935015814969948,0.9919985869175514,-0.12539391948376238
18.756689574127815,-22.32673846245371,0.2853811516654545,-0.013451666513701032,0.0024764809030682696,0.991570190570581,-0.12884670503895618
18.66157894436784,-22.345769508131404,0.283927330901907,-0.012176951594993957,0.002868330667881603,0.9911109685988305,-0.1324482744925888
18.570042702363818,-22.366567477566655,0.27840824685879806,-0.00997671153865208,0.0021053529798421245,0.9906906641668413,-0.135749925166836
18.479887264674645,-22.388095977490604,0.2757718078259703,-0.008778836016906568,0.002155515454389,0.9902596630351118,-0.1389391327380253
18.388638220166307,-22.4073408057079,0.275031627664168,-0.007953975308649958,0.0026894430807381116,0.9897379787810594,-0.1426472101080461
18.300042586557353,-22.427766230465245,0.2728765795426069,-0.006835789679444163,0.0027238362552589527,0.9892154093294159,-0.1462830699576273
18.21297535936792,-22.447715174349984,0.2704430405908709,-0.005141766947696534,0.004106416271316983,0.9886395102832508,-0.15016195033717764
18.128142800416136,-22.467567868190113,0.2655743414265054,-0.002199935594226077,0.00402525685018795,0.9880535406203184,-0.15404273739575447
18.045097465723202,-22.489185440909385,0.25801528851141065,0.002713551375480013,0.004002967046363473,0.9875062006743631,-0.15750591451013204
17.965984864167602,-22.512562363434082,0.25097187614526906,0.008056803200747675,0.0037842054247731577,0.987018117245121,-0.16036208499843943
17.88929897778174,-22.533133077925196,0.2457652998771973,0.012387671458206398,0.0032749332084939325,0.9864942656232907,-0.16329388538682357
17.815702708460172,-22.553886798549666,0.24306013306726937,0.015799805032149956,0.002559593885368694,0.9860617325102721,-0.16560821725593441
17.744910245885293,-22.576688625787675,0.23993837170967136,0.018931610007883633,0.0031451495773768836,0.9857222405205476,-0.16728232712060173
17.679118555041004,-22.60068576310164,0.23905876539649284,0.022524529216209708,0.0034260503357523577,0.9854787511939536,-0.16826329136657717
17.612171509485243,-22.62430434473114,0.2368211185930953,0.026161572272876125,0.0036441369054948172,0.9852778593386918,-0.16890775441419487
17.545908538994524,-22.649270156348965,0.23793983144189657,0.027756874768675596,0.0049941407677064195,0.9852035456655559,-0.16905200658711633
17.480686026856436,-22.67345387703743,0.24542215875314843,0.026371320087341815,0.006425890514882925,0.9853005901721482,-0.16865943224358976
17.415160515569568,-22.700824790672044,0.25478307839335734,0.023621394767734255,0.00865195128002296,0.9856650436989709,-0.1668280515797925
17.354911091215886,-22.732254856005834,0.26100425954598094,0.02278240128293655,0.010076621245212292,0.9863288199545045,-0.16289531447838945
17.294722064332333,-22.762683706147854,0.264310345276769,0.023541626352819433,0.010614839986655331,0.9871505028293722,-0.15769275807755617
17.236232291328662,-22.796683676367714,0.2683407363972172,0.023825110717067072,0.011217575037701714,0.9882955738582617,-0.15026104682633293
17.17947452210798,-22.83305386777462,0.27460202899816366,0.022590621536366273,0.012352478105360273,0.9897506555678897,-0.14046607369630243
17.122902781385058,-22.873946116270684,0.284878725604611,0.01874340447686198,0.014803505781134757,0.9915041785726828,-0.12786321435458148
17.068725861821147,-22.918022722492452,0.29799744925988136,0.014129045350118581,0.015736966521482793,0.9933902329164611,-0.1128209521854454
17.013779032580846,-22.962022012309376,0.30789118502600843,0.010713445994088777,0.017272613156932116,0.9951672826854077,-0.09606743850945515
16.959830099244698,-23.007941899916332,0.31528977645195155,0.008498723844606343,0.01795205197721487,0.9967936058059589,-0.07751135449564137
16.902825785243664,-23.053703318067967,0.3242819435627764,0.005945863434771496,0.018506564358795614,0.9981530538019141,-0.05755553476300317
16.84679219396932,-23.097146036893623,0.33099000892804575,0.0034776438940659943,0.01937516113021858,0.999116231388046,-0.03713854982542701
16.78836649836218,-23.140853620224284,0.3380579382264488,0.001223004898081065,0.020871934652558162,0.9996539127971611,-0.01596603366611459
16.729281560501548,-23.181508841399552,0.3447360315912342,-0.0003683705351714636,0.02158909874220222,0.9997509929459361,0.005633159898178213
16.66715096581747,-23.222793079766955,0.3479374131550248,-0.0013690642341873595,0.02120887526691989,0.9993785402308032,0.028122089350940974
16.60369841930629,-23.260312975085537,0.3523351884657515,-0.0026868826404793994,0.019274413576720023,0.9985326939484845,0.05053449561433508
16.536581769872278,-23.293692642239023,0.35685243435167635,-0.004592129482402644,0.019979909886489403,0.9971321901256092,0.07284998338326502
16.467930526282352,-23.32202348924048,0.36465141206167573,-0.007938644892848973,0.02129593946715766,0.9952622552163642,0.09453309017708425
16.399004276411855,-23.348020748053006,0.371411735500196,-0.010450211928621927,0.021689728264686424,0.9928836708026417,0.11662920513514309
16.326069058792715,-23.373706764362552,0.37320684625014877,-0.011638392428608127,0.019458715374779362,0.9899930039071927,0.1392830109558843
16.251898296392593,-23.395195868973246,0.37493280785809446,-0.012361353923189706,0.018518205302991204,0.9866012572758402,0.16162374518252887
16.17591987195008,-23.41226020908893,0.3745966125833782,-0.012138517481112913,0.018527656339459103,0.9827665175702205,0.18351938173936444
16.101426734573636,-23.42383183592051,0.3757493325192023,-0.012487955525322503,0.020322520568360918,0.9785167366676336,0.2047829271667551
16.02361251759713,-23.430567891352435,0.37685708769185666,-0.01281340550000405,0.022388648112206196,0.973943570819023,0.22531864944784533
15.945792535186056,-23.431101298891523,0.37871013835574985,-0.013580249948915069,0.024133353588943206,0.9692359674459748,0.24457062268979313
15.868443607299428,-23.426988714754856,0.37780177655907465,-0.013260779329449125,0.025999294095109766,0.9644274025658479,0.2627317279243241
15.791460139113827,-23.417026710767118,0.37809809678119066,-0.01317890878854965,0.026902835212495507,0.9597600841245831,0.27921878976527187
15.71606645663462,-23.40114598164922,0.3748270576152706,-0.011667649650458762,0.028894574132819963,0.9552012015145459,0.2943121494132773
15.641728597857286,-23.380042375229177,0.3707615048199919,-0.00988190914917584,0.0305856742145758,0.950931675404522,0.30772687234560353
15.569743776352771,-23.351046382745963,0.3677575960674133,-0.008254895304487855,0.03319901357758733,0.9471539697026529,0.3189499044646215
15.496267535989691,-23.31864017820704,0.36589577781041527,-0.0070325000829179465,0.03502680182924618,0.9437288859828635,0.3287847921164402
15.42262776321821,-23.27970647992378,0.3646471914985767,-0.006711745918228472,0.03594712102109272,0.9407946630033976,0.3369987679259632
15.350206619924897,-23.23813617366327,0.36255610748944633,-0.006228059193029309,0.036601777346727586,0.9380564389345311,0.3444875105638984
15.276217068912132,-23.19478848680189,0.3605011034061576,-0.005833119842826998,0.03665698247010846,0.9353927214530583,0.35165706175347816
15.203015730455949,-23.147616456929214,0.3586132248905969,-0.005567262581062355,0.036960131215751986,0.932917377831712,0.35814541331790256
15.127109785727962,-23.097363681297253,0.3561408340049823,-0.004894155417139571,0.0372262801797405,0.930527451887129,0.36429234496785057
15.054834482419322,-23.042390882711263,0.3547065639246725,-0.004665171880460522,0.03832136620971838,0.9288273847642622,0.3684961350502798
14.98359376235976,-22.983743431852844,0.3527129777550613,-0.004253901303805657,0.039054250642517975,0.9276658765702327,0.3713390469291134
14.912241975207044,-22.917702944490525,0.35133641794270787,-0.004031523995548886,0.04094626455999453,0.9275788267138267,0.3713551804991037
14.842370652268892,-22.84868020473518,0.34919452161893005,-0.004458893710351602,0.041474118398781595,0.9283219253779645,0.36942987445625886
14.769448478481047,-22.777484733163117,0.3476347993388771,-0.0055491370240308615,0.0404785685899081,0.9291609787802525,0.3674106145133193
14.693728780197448,-22.70650456998611,0.34444124588123515,-0.005882743098459075,0.0388659176668648,0.9297993376325191,0.36596178564988
14.61892596265027,-22.633968605226116,0.34084517170657236,-0.005990232997192262,0.037075061770251785,0.9302432779168192,0.3650164204215341
14.540700839739301,-22.563846064968516,0.3381859879347324,-0.005836319264436346,0.03700119566557289,0.9304326701435744,0.3645434033017891
14.460127110032566,-22.49139276791778,0.336585370353804,-0.006464661654816347,0.03601893443745171,0.9305831457708751,0.3642469559382504
14.381092056238561,-22.417300579049893,0.33410902492902395,-0.0063484106787499665,0.03605973919176287,0.9309380799388072,0.36333688291104865
14.300528026395597,-22.34332915876073,0.3292860401622306,-0.005440518851741321,0.03601959034920515,0.9312085923327335,0.3626617452803723
14.218045967011813,-22.26911962930705,0.3265353396402837,-0.0053306147273919306,0.035608793465134236,0.9314972469275841,0.36196196895877975
14.131901920110723,-22.19079578854125,0.3237838197173808,-0.005351870483097375,0.034696612839009724,0.9317219056954521,0.3614717127076703
14.047257162867528,-22.114054364266078,0.32177139606307037,-0.00486808620671709,0.034969044542158705,0.9320482765682575,0.3606098548371802
13.962305192574341,-22.03480077846354,0.31695431338499347,-0.003352924793891739,0.03481973847492379,0.9323924407979659,0.35975086057758027
13.874812409977821,-21.958889066339836,0.3138177968494773,-0.002617001270567011,0.03368892767950039,0.9327196394483829,0.359015717210665
13.786373050912587,-21.87905002951557,0.3098531924764032,-0.0014417524071805494,0.03258563061065587,0.9331113135425757,0.35810524737750676
13.698983451612142,-21.79762597843832,0.3055735071345733,-0.0003498440357950545,0.03200785530699221,0.9336012436953067,0.3568810582959581
13.607749910008943,-21.716868427496035,0.30334807932301366,-6.197943120074718e-05,0.03071773619961087,0.9340058059818245,0.35593480503708136
13.519053549340525,-21.636212026097738,0.30319231875698627,-0.0003263785003962977,0.031102982007011986,0.9344328935734286,0.354778338039266
13.427068137920983,-21.55424605627766,0.3041030876515016,-0.001573765204716708,0.03088956453822419,0.9349246175615312,0.3534958368201536
13.340225857711822,-21.47309823402296,0.3053712651432008,-0.0022308595376665497,0.03194113877271841,0.9356012348477181,0.35160364680889483
13.250161610892059,-21.39045549814195,0.3047165696892762,-0.002567589971524186,0.03176948903357387,0.9364413244310263,0.34937335267168296
13.159050555566505,-21.30822648207865,0.3067904147715854,-0.004048665964446979,0.03208159071774139,0.9373752987895876,0.34681684742621083
13.069028182121677,-21.22520523238824,0.30780157667717845,-0.0053347135760739755,0.031936803034987436,0.938457206979,0.3438744626212256
12.9793908333934,-21.143175041081985,0.30648427609205875,-0.005382736362257962,0.03164335526030169,0.939618228988945,0.34071587843106294
12.890552944896333,-21.061024033639377,0.3038537597965316,-0.004637286987906442,0.03146286253174064,0.9409496814746299,0.3370493674939171
12.800386534077635,-20.977478428508213,0.30090503845189076,-0.0036035013539155412,0.03251750570850505,0.9424313468491905,0.3327953920845837
12.707713021794046,-20.894576887328924,0.2987758023098266,-0.0032285449446492203,0.03296673964736207,0.9441242394941114,0.32792099791459944
12.617842752627768,-20.807956856950035,0.29502309614347055,-0.0018786274024713272,0.03373300898584785,0.9463164696597247,0.3214711401643127
12.528367344563346,-20.724304227899662,0.29274674592029726,-0.0006228072835379405,0.035060531996712496,0.948604801197175,0.31451440247293144
12.437857148275032,-20.63875979662278,0.29038467479379904,0.00021031626045853551,0.035204663415484796,0.9511110493913659,0.3068360359696472
12.343467052188679,-20.55511630172348,0.2886552609753892,0.00024828135437222464,0.034567213567471305,0.9535276234835692,0.2993160716524736
12.249987350016017,-20.472588669356995,0.28883493437442453,0.000642527463027176,0.034937242165566026,0.9559512525643543,0.2914381171602925
12.152391418557933,-20.393861029112454,0.28785926418406405,0.0006658321766603752,0.032371731450189886,0.9582318851775053,0.2841536045764424
12.05633176008555,-20.3171179471008,0.2881486630346686,0.0005572898936498319,0.03211520057333512,0.9602372246314259,0.277331501199258
11.955215003899252,-20.24194747597279,0.2909816882459566,-0.001758676304712158,0.03125441822818687,0.9619769855192964,0.2713307066616646
11.85229524920922,-20.166215266114857,0.2930454994021332,-0.0031531126265439725,0.030719812258397292,0.9637225737299645,0.2651134655707917
11.75052207621319,-20.095383762651075,0.2911255456798507,-0.0027939024896761863,0.02997757653167413,0.9654562083496382,0.25882009183435645
11.647183981758058,-20.02465475348873,0.28811587612677414,-0.001687357615572998,0.030402006397144982,0.9670765867097928,0.25265737721206877
11.542949139609815,-19.9561299485527,0.286090697466868,-0.0012774569463878604,0.02922923403099261,0.9686288988652997,0.24678345032854312
11.438199943901283,-19.889361319170366,0.28533340132958784,-0.0007136647878561576,0.028924484468084405,0.9701240009385784,0.24087813124316876
11.332042904954667,-19.823399493596742,0.2842586912241192,0.00021541783934148957,0.028864099666484712,0.9715615895642187,0.23502106234650733
11.224010837252726,-19.75644024123189,0.28326753229992896,0.0012969379797055998,0.02941087142784537,0.973001985498404,0.22891147743753495
11.115036607246822,-19.692645399093692,0.2826047972759351,0.0017673106049247316,0.029671936351479057,0.9742534499730124,0.2234874895136869
11.00425514727242,-19.632060601924255,0.2855608361820572,0.0011489239750138744,0.030969389925487867,0.9752374815270647,0.21897817452045873
10.892569075083891,-19.571898937077137,0.288667445546686,0.0002140520317051873,0.03204522477881778,0.9760585629084017,0.21513426283908824
10.78096946029728,-19.515352220023956,0.28974413920388287,0.0003109159844041639,0.032832145175414544,0.976743605033067,0.21188177248023848
10.666783883819729,-19.46043568779226,0.2898782110002749,0.00041765690349497624,0.032921411639395146,0.977255979358164,0.20949166944110884
10.54854448044522,-19.408654947738295,0.29106931276463577,-0.000356154950578748,0.03215409185494068,0.9775528197030244,0.208222171245949
10.430249177777911,-19.35778502273698,0.29300474954699496,-0.0008488463440745749,0.031789776985628945,0.9776564764797149,0.20778958160501074
10.313896648491777,-19.303709558543083,0.2947080337471686,-0.0005917901184510022,0.031285924849272236,0.9778857535734392,0.20678562185804814
10.19461661086688,-19.250205693907645,0.29485368279160795,-8.912886942965406e-05,0.030812447109277635,0.9780918048673667,0.20588106452014146
10.076709391359142,-19.202372056220703,0.29397213468783434,0.0003434867225716796,0.03067112502536393,0.9781630712784206,0.20556304862789096
9.958313487079575,-19.147064614337438,0.2948081199128083,0.0004247673864774919,0.03144793430915515,0.9784976706313846,0.20384592621096856
9.84021176172108,-19.095090801416564,0.2985041542482545,-0.0007644323292956331,0.032777581765384874,0.9787492073538191,0.20242293474168058
9.718140649742464,-19.03670301199607,0.3020062521752962,-0.00159784915838419,0.03549318877489498,0.9791149732796364,0.20017879725251436
9.59636700764367,-18.982319614067094,0.2983899326376438,0.0002802476877441528,0.03696756266089819,0.9793440306440448,0.19879283544110737
9.47304787416341,-18.927485273736604,0.294579695784444,0.0025020848562239085,0.03672079008443641,0.9796368842913618,0.19737504408787848
9.348091382962565,-18.87534894791652,0.2938223557931421,0.0032823350518334468,0.037499107323083765,0.9797149663478987,0.19682895164409833
9.222171133276287,-18.825218190568126,0.29683129854834434,0.0020642606929424314,0.03776413908337694,0.9797186394812138,0.19677653896961564
9.09557092264702,-18.771404689348355,0.3014495875570198,-0.00013064771577148864,0.03756625847734869,0.979837624821644,0.19623198988863125
8.967875033610099,-18.720673422336574,0.3034240297830486,-0.0014599768462930814,0.03919763237102045,0.9797415297118491,0.1963872533071524
8.84189982008645,-18.67085676532001,0.30466580110224406,-0.001660820840125947,0.04151843226474376,0.9795940418474798,0.1966442951942157
8.715950901504595,-18.618696451382,0.3033058393099246,-0.0002842517214793216,0.044377708264206825,0.9794652826753956,0.19666797024529076
8.589048467365995,-18.572351270376938,0.300488432811127,0.0011675199324618403,0.04517005962662412,0.9792037569623561,0.19778348587283714
8.461864617882295,-18.51213019599077,0.30229008274636016,0.0009419423653640911,0.046552446032715626,0.9792773847006095,0.1970983976061481
8.331513909853452,-18.45847978765667,0.3038052036956387,-1.607045560897033e-05,0.04571865912187881,0.9792228625113645,0.19756618860871733
8.200952077939842,-18.407035517114164,0.3045442535149263,-0.0007267822601455396,0.04336673796445783,0.9791235263262572,0.19858478113917766
8.069563037651642,-18.36040704287992,0.30584450681896236,-0.001764835785302721,0.03982134593251258,0.9787923684212593,0.20093943225608787
7.9364783845722355,-18.310648562571018,0.30658969939028324,-0.00285118737219751,0.03721706978659229,0.9783714858318912,0.20346005487090205
7.802080185078884,-18.263295194364403,0.3096177723255078,-0.004427622733703892,0.03374002274535708,0.9778249438802453,0.2066407036872802
7.667299132975314,-18.21243890486351,0.3066500284206448,-0.0036971129314414585,0.03166490120125277,0.9772091060015069,0.20987143783434756
7.533693428397757,-18.15988276001059,0.3050698371659788,-0.0028634069522229565,0.030422409641018236,0.9765341029806827,0.21318399449112618
7.400056051542366,-18.112102935212224,0.304273710113268,-0.0026040500903347624,0.029152771041021684,0.9755904051532346,0.21763890733524396
7.267172675450433,-18.060143070980352,0.3064327962000952,-0.0032898972359716705,0.030278185523962456,0.9746338988374047,0.2217231642753603
7.134330076322723,-18.002835288764025,0.3099289987659155,-0.0049171601665051485,0.03245232768871427,0.9736993703791351,0.2254599867578962
6.999728487235143,-17.950051083925317,0.3093716916976348,-0.00442138421153691,0.035010754192936366,0.9724828419973683,0.23028638589957054
6.864518776437164,-17.89157536462445,0.3062941010325062,-0.002790516465891541,0.03785232504187905,0.9713982562711372,0.23440316454118118
6.731427349543331,-17.831349025532674,0.3022219887712758,-0.0003539186871885607,0.039395996545852505,0.9704531956146141,0.23805132753380104
6.599410552754411,-17.767533479634658,0.300868666499305,0.00037549634911228667,0.03931316878754743,0.969741928731791,0.24094588379196008
6.464003339667898,-17.706489086490436,0.3046380006967482,-0.0013994521188246665,0.040772761287489766,0.9686774949659074,0.24494803107321503
6.330703196137186,-17.64195032644063,0.3074440764028452,-0.0033795141949942826,0.041067859986840594,0.9678172189180536,0.24825761241182998
6.196016241270259,-17.574677878860875,0.3085086211551804,-0.005075470337730193,0.042771958618244524,0.9669957428437089,0.2511255288195934
6.06185774298084,-17.505333904282907,0.30944686055650195,-0.004999159695388568,0.04636952832670266,0.966211507815194,0.25349595294313876
5.92851639574126,-17.436644074297693,0.30455022295526035,-0.0031097980583974848,0.04681223342924998,0.9657969071779716,0.2550201579762691
5.79849466546476,-17.363960473846454,0.298520589821635,-0.0006518517386233607,0.048177929882610736,0.9655068315958679,0.25588086003126315
5.667412026434689,-17.294912878713802,0.29779455439754265,-0.0015624657885914782,0.044902567597026696,0.9654101512366934,0.2568356369240062
5.535108834405165,-17.222016398124357,0.29769241505778155,-0.0021651533938942193,0.04405464866619731,0.9652693964040105,0.257506296005671
5.399349331823757,-17.146788069437726,0.29798799006844945,-0.003371821286622722,0.04100355600223539,0.9653027249770912,0.25787204801802266
5.266514640449739,-17.074766509133866,0.2968814569528533,-0.003512389736671189,0.04162608232183926,0.9650534892205365,0.2587019526781947
5.136127205493668,-17.00183215899756,0.2987347645742702,-0.005171354066229404,0.04109693315320332,0.9650346358660381,0.2588290143609978
5.002761816900252,-16.92582867347261,0.29873651705888804,-0.005751261129884008,0.042041816332230066,0.9649763286484083,0.2588824016687256
4.868357301387909,-16.84875690568696,0.29541497630344793,-0.005543922817732766,0.04141940449539044,0.9650619738819286,0.2586679168463677
4.735749344405283,-16.771632099299833,0.29298454928154527,-0.005300298731613193,0.041127684630092115,0.9651492943929182,0.2583936113199844
4.60037891765247,-16.696565479327457,0.29178339814495047,-0.005726888191726295,0.03975618921612195,0.9651856916895198,0.2584632296232646
4.466508766081251,-16.620796024870458,0.2899528174736119,-0.0061674649801714615,0.038527970175295495,0.9651731554267338,0.2586857720212048
4.331016854122206,-16.544797871403755,0.2906840728688813,-0.007101857381022925,0.03860760454512123,0.9649431972759216,0.2595065052343881
4.19553451031825,-16.471411603386876,0.2901107603441382,-0.007895860831201829,0.03909504163851768,0.964590023826372,0.2607207721348528
4.058884627925115,-16.396602785121704,0.28760995757737007,-0.007667864290597645,0.040220037622024515,0.9643373125515919,0.26149016345923237
3.921235769261835,-16.319046949552508,0.28226125396002644,-0.006649279856075435,0.03987982442982042,0.9641760705117264,0.2621638623403919
3.780751046427975,-16.24078626846793,0.27874897029273527,-0.006294479998154197,0.03910240472130588,0.9639700512942961,0.26304584994729524
3.6415907369656195,-16.164536117180603,0.27818189363195245,-0.007104656298124265,0.03811794565269598,0.9638161070795566,0.26373294205085984
3.5016500046133388,-16.0866087349407,0.27690889345774394,-0.008108096474304452,0.03714431392050021,0.9637006559740022,0.26426429863706
3.3626920206248716,-16.00299665438387,0.2765593992228048,-0.00841760916667266,0.038381145557052784,0.9638652472974116,0.26347640644743053
3.223893954624009,-15.924210121315395,0.2746952038257646,-0.008109433618057278,0.039208464273240866,0.9638152412863876,0.2635471724920546
3.085880928759908,-15.840616081563624,0.27002295818110866,-0.00720297603493235,0.0392097878047096,0.963975956276649,0.2629849261906182
2.950022180389618,-15.761144547200765,0.2683450640796039,-0.007089780329553663,0.03941199383206479,0.9640720462790129,0.26260525542039626
2.809929167078196,-15.683544259243618,0.2648355734106502,-0.0070178795885389375,0.03876924780176575,0.9639993517085028,0.2629694855927044
2.66940770186667,-15.606036816421419,0.26290044245738997,-0.007445118801177313,0.038365078186502935,0.9638777928411455,0.2634621244813553
2.5234235098342674,-15.525982273264571,0.25972223523959315,-0.0075280216492235675,0.038044658501433896,0.9637286193865784,0.26405126464547923
2.3797315170071665,-15.446262225549912,0.2586464429088977,-0.007718598437370039,0.03792238451884482,0.9637354612923699,0.26403838119234757
2.235737182191981,-15.357371861066039,0.2561790128426473,-0.007215701070544279,0.038471275755488483,0.964005859355709,0.26298403354741484
2.095299821317607,-15.275647187962699,0.2511459617060332,-0.006557305729358154,0.03788024733395423,0.9641055708032508,0.2627214252683257
1.9514291610537398,-15.193689200258559,0.24895843346644853,-0.006503068295179246,0.0381417698638696,0.9640994115901069,0.2627074930789802
1.80616880633834,-15.115142341969147,0.24755266839624568,-0.0066973013303552745,0.038584356671653414,0.9638688726130232,0.2634828361314047
1.6638018870612181,-15.030614873999447,0.24748504739505606,-0.007002885049283526,0.04013689164519129,0.9638438043202585,0.26333457737335414
1.5194211092796774,-14.943801362699766,0.24741984010119467,-0.0074764976400960295,0.04143194404261094,0.9639492985497331,0.2627341819849792
1.3702474944081544,-14.860601010124778,0.2455197033666927,-0.007392633443964289,0.042000374198495276,0.9638327116052016,0.2630737931976835
1.227444359186015,-14.77751948299065,0.23980077559679813,-0.005924766242072691,0.043040786974438104,0.9637944774779377,0.26308286888229077
1.0828023857974975,-14.692675329812843,0.23511859217310516,-0.004660631376017515,0.043926817237184425,0.9638010715430178,0.2629376543137192
0.9378283719971514,-14.6103393133632,0.23480389181935735,-0.005028489793256216,0.044244119298817615,0.9636415257988376,0.26346191345926195
0.7928711084385387,-14.53403182783466,0.23309507137941665,-0.0056773020945709764,0.04327262179975962,0.9632297328838539,0.2651107793593721
0.6535229749944165,-14.4465048088408,0.23212111927291268,-0.0065402676654092995,0.041600275237497375,0.9633973975903509,0.2647491387654552
0.5096253097676572,-14.36829060850934,0.23002611116410066,-0.0077604892801710346,0.03919900510076907,0.96300528348531,0.26650336094255594
0.3673425927275158,-14.284430760984657,0.23258007653509694,-0.009140826643610303,0.04121929029791689,0.9626904680002871,0.26729098329751366
0.22683723297016378,-14.202004132798518,0.22898590262796148,-0.008910612446282636,0.040458990698793225,0.9625351193448943,0.2679735412036507
0.08349372615709727,-14.124476012949962,0.2249828176078612,-0.008029926665230317,0.04029322253985236,0.9620592501519819,0.26972944267740334
-0.05703990786725455,-14.0394426445526,0.22105370508751143,-0.007275335935584252,0.04056612464006898,0.9619228614365968,0.27019598253716465
-0.2033267592436072,-13.950399422667758,0.21770312159854122,-0.007135460335424716,0.039953378047032424,0.9619799596221801,0.27008771706545576
-0.3436940041988139,-13.864924903050564,0.21584795975424598,-0.007434773386180743,0.041231518178730935,0.9618580293552565,0.2703216784513128
-0.48705845770806766,-13.78329379116982,0.21321271619862614,-0.00836779302425303,0.04211148052936603,0.961600695072441,0.27107324896951845
-0.631776744243489,-13.695576490957155,0.2128890376422916,-0.009034598618293175,0.04412533914453867,0.9614589253413788,0.2712343401531897
-0.7728106101007834,-13.611851370539028,0.20851916609685972,-0.008535729842226563,0.04486351164560471,0.961353785588158,0.2715019318970105
-0.9312152677922632,-13.522607885221621,0.2057227206572776,-0.008533361984813784,0.04555330888104728,0.9607911424907685,0.2733723715234542
-1.0743612381179624,-13.433072111746597,0.20411646072574285,-0.009116589330962854,0.04666786251481972,0.9607908245508526,0.2731666074887804
-1.215429485232109,-13.351300351113906,0.20071187049005879,-0.009387407637483731,0.04680601715574967,0.9605556752909795,0.2739596311515317
-1.358772789221642,-13.260533240489412,0.19515600687544676,-0.008521407197808221,0.04772056903038165,0.9606356805841767,0.27354931521556913
-1.4999564939100036,-13.172841036605348,0.1892875917780117,-0.007761818128103434,0.047520923985781234,0.9607855048576286,0.27308010438605457
-1.6425748935552917,-13.086563734649701,0.18739424809580996,-0.008221533463668827,0.046348828482447445,0.9608529681730263,0.27303072081459423
-1.7899421635539698,-12.998738383614146,0.184977394728012,-0.008481871963751749,0.04556951117888077,0.9610160159777048,0.2725797164000675
-1.9306015854703529,-12.909084832237703,0.18118109410402639,-0.008712794925345449,0.045070169982105356,0.9613017500600041,0.2716463099353945
-2.0725560543801493,-12.826023502313326,0.17975613500474807,-0.009348325139076444,0.044623729296000426,0.9614634043944517,0.2711262614936403
-2.213630268244821,-12.737595841064584,0.1775789909243155,-0.010142658945808333,0.044387833174479245,0.9617796905695317,0.27001234101642513
-2.35856858933057,-12.65271549497735,0.1732407476676867,-0.010015100213747583,0.04349530543840791,0.9619419539227473,0.2695840036303242
-2.499554364931525,-12.569664753121558,0.16664032647975002,-0.00844796337003617,0.04168594400671662,0.9622579589176642,0.2687946087085886
-2.6435422504334807,-12.487102008254737,0.15666709667338807,-0.006526698102231015,0.039088025274576,0.96255013595397,0.268191651109649
-2.783412430025122,-12.401886120205651,0.15592541550336492,-0.0072553724723110734,0.0375630607198289,0.9629656547733089,0.26689609325951547
-2.926889016036883,-12.316271009302572,0.15582979247765927,-0.008805027967486497,0.03649839107574745,0.9633489527736783,0.265610876781139
-3.0649246211864765,-12.23205519353171,0.15560512410865535,-0.009943543304401899,0.03579985284158345,0.963689631192979,0.2644272980765599
-3.2040867715214993,-12.14897634481224,0.15482983147552076,-0.010808616875997695,0.03622782592691595,0.9640279711161469,0.2630984284718534
-3.344587905256464,-12.0655131170105,0.15234674827385675,-0.010646179224160904,0.03710965593501343,0.9643345156940482,0.2618558273098882
-3.484625312675716,-11.981643492183263,0.15189706165855732,-0.011099174464031402,0.03872758701470952,0.9647257111040498,0.2601562811444572
-3.623479642697874,-11.899141630376782,0.1482281929104765,-0.011052737183969905,0.03972703081626463,0.9651559332386527,0.258405914434202
-3.76342320432523,-11.816606672583177,0.14628503794308756,-0.010540945599935483,0.04117094892821497,0.9655990038461888,0.2565392637917365
-3.9021255824982743,-11.732782023840866,0.1400560058225908,-0.009872095373535282,0.041860231714517804,0.9662908135118483,0.25383522807247344
-4.0432479485960995,-11.648565582430201,0.13587233431860835,-0.009860128740065931,0.04200246454267709,0.9671240050838422,0.250618691270473
-4.182327379058749,-11.565391636003461,0.130272197083104,-0.008089746681735907,0.04165332179346445,0.9680684522462665,0.24706886522143057
-4.323496010641623,-11.484251796762583,0.12544469981130613,-0.007652517734192561,0.039423163151038644,0.9689867745501786,0.24382756848696582
-4.468326042811609,-11.404147304984146,0.12269697558145531,-0.008216489716593948,0.038065871145254476,0.9698300493691395,0.2406515285113803
-4.610175716037955,-11.324172111774006,0.12174479900334678,-0.008858837506248744,0.03698212721192707,0.97069270936225,0.23729624244661246
-4.7516892707880976,-11.245528166718717,0.11885536789764839,-0.009439003628501488,0.035682615941836256,0.9715703011288825,0.23385636513346647
-4.895190679675003,-11.165354236853048,0.1202226163972997,-0.010686185823423601,0.03717411214812017,0.9723692857496192,0.23022132423958147
-5.040230793172841,-11.088289066294642,0.1141704421712455,-0.009016338844253995,0.03672957645799681,0.9731208427061093,0.22716838237018214
-5.18400428001746,-11.013710038664112,0.10994342103612453,-0.007889199797636394,0.036823291714938367,0.9738402074009983,0.22409162583940548
-5.328853206332472,-10.941935125441473,0.10683609719095877,-0.007188680205581306,0.03696719165660624,0.9743311375917765,0.22194725514774571
-5.475219281509433,-10.867855898979574,0.10609549400056295,-0.00798570982308384,0.03714299575003123,0.9748115864904934,0.21977033865392134
-5.621957324666755,-10.796914133623478,0.10433825719845613,-0.008137261839831475,0.03846352566338882,0.9752076325267699,0.21777145490049274
-5.765315951625219,-10.72189445856825,0.10419601394649769,-0.008794632136043989,0.03978202242015085,0.975613621346628,0.2156805747067063
-5.909793711673456,-10.654430439398176,0.1000530020566135,-0.007611243061508943,0.039623738286577434,0.9758453177072617,0.2147042856537216
-6.0551420915853456,-10.589786090150385,0.0944229587457146,-0.006125803689792303,0.038965826121251934,0.9760060823292069,0.21414075676429034
-6.201749522861003,-10.52215962624238,0.09390374890103459,-0.006225944051858503,0.038789195716461146,0.9762569101946263,0.21302365330834394
-6.349998868318852,-10.45583202323818,0.09287252280119418,-0.006666134953110166,0.03782322599139321,0.9765192861532475,0.21197890084275312
-6.497612677170591,-10.386605257811201,0.09360388367276151,-0.007628444223494487,0.037646550248491846,0.9768588417557107,0.21040757127782056
-6.647202855238175,-10.319965756944912,0.09393446924785209,-0.008152861237775838,0.03760184605867748,0.9770965641701148,0.20928912331822802
-6.79491329618635,-10.250435256631908,0.09195507816542126,-0.008188289900981447,0.03778911081567315,0.9774403479367717,0.20764224257507494
-6.942413166896458,-10.184607959509794,0.08794035299177061,-0.0074557029710694365,0.03769756435711725,0.9777388773382801,0.20627649582670232
-7.090460624267706,-10.116175390646934,0.08825656124228054,-0.007537679311803054,0.03936786171830253,0.9779673199415378,0.20487379980775042
-7.2395206242560945,-10.04840010960039,0.08665830033568911,-0.0074257351287810225,0.04044631346415543,0.9782820097221638,0.20315821367167028
-7.386938537468941,-9.982983347928698,0.08453095426402246,-0.006897459258163155,0.04096339100551722,0.978502003161856,0.2020105398812946
-7.535746642244238,-9.920698453982045,0.0801977334726729,-0.005536148246310339,0.04023001044357435,0.9786505920161822,0.2014792985539481
-7.685351559330032,-9.858994224645791,0.0814631063693243,-0.006698701187660174,0.03813443891054253,0.978880268004808,0.20073442398208752
-7.837568264549324,-9.796532770058713,0.0838460317672034,-0.008885753923968391,0.03622845934364174,0.9790435021971446,0.20020576161883832
-7.990814256681608,-9.73099100200788,0.08411741912483173,-0.009930973712100223,0.03502205363746835,0.9792544836205103,0.1993376155268684
-8.14119682175772,-9.666381006402398,0.08116959420807746,-0.010096942146997061,0.033846303397682395,0.9794543060249364,0.1985491013547205
-8.288622500396867,-9.603752553351086,0.07940261433010853,-0.01004245090925399,0.03425987173574452,0.9795610854314442,0.19795324005923737
-8.440704210725652,-9.542139334222972,0.07940071133869964,-0.010477627587700752,0.03467757022932843,0.9795915547529856,0.19770702853918964
-8.59489653037379,-9.480079810051802,0.07679597670887262,-0.009922408959715218,0.035082804830727565,0.9796067586356262,0.19758882518614557
-8.745167157805337,-9.416802867962566,0.07439384418445627,-0.008721187900475333,0.03543219646286818,0.9797488073242941,0.1968775448598344
-8.899184561527479,-9.35111008670243,0.06901015351404993,-0.0077851244439276785,0.03511093195693471,0.9799568542159403,0.1959366659678863
-9.051213978844627,-9.290463486750925,0.06626368512104364,-0.007439764700512568,0.03403948874550049,0.9800470516772168,0.1956878587151894
-9.199051798463394,-9.232097436806885,0.07035581185100881,-0.008466326954434337,0.03446045966497829,0.980045941745422,0.19557799936851888
-9.350533874894413,-9.16960107711788,0.06814095200797254,-0.008531669332180292,0.03347705715248832,0.9802428361426133,0.19475751753911255
-9.500306312293404,-9.108174754039721,0.06445566735214925,-0.00800078228282571,0.033914635272422174,0.9803858490202206,0.1939829139058302
-9.651005508085825,-9.047728330065723,0.0645927694721129,-0.008403509441890765,0.03371179432879411,0.9805406338910471,0.19321737875197675
-9.799331448009832,-8.985784816811758,0.06281297397830166,-0.00808800845959272,0.03463978262853157,0.9806539808893584,0.1924901365828076
-9.95044990154959,-8.924326538939557,0.06009024167341703,-0.007306476087746648,0.03506067384456404,0.9808231488355129,0.19158110399749048
-10.102791670852051,-8.868181371960098,0.0568660922491091,-0.0062139942315851664,0.03476576297554443,0.980787027988306,0.1918580948170709
-10.255364646867974,-8.802751362381251,0.053730744583170065,-0.005325165828653681,0.03591932607371115,0.9809207862093638,0.1909865391001604
-10.409641744071214,-8.743964066935806,0.05333736322986038,-0.005429903514517853,0.03629938514229608,0.9807512628608914,0.19178070595922472
-10.558936439791196,-8.683190380559168,0.055234159495480384,-0.005656437756779108,0.03613215362310977,0.9806507671148589,0.1923188567827944
-10.706517348091696,-8.630296156349269,0.05357580619339153,-0.005827583545701094,0.03498160332061903,0.9802948694951163,0.19433034655020784
-10.860354766116867,-8.57469924670562,0.05523119993322734,-0.006824880401748049,0.033992931207464376,0.9798239073023923,0.19683243431377173
-11.012417876854446,-8.51948513033599,0.05753631675743254,-0.008320097733197779,0.03298317394892135,0.9792632560908883,0.19971570727389706
-11.161248156076011,-8.462541746208455,0.05909374281304203,-0.009756729448230337,0.03234193705526274,0.9786674396971353,0.20265451812895977
-11.315850125823584,-8.407122222323702,0.0605743726155783,-0.011066705539298517,0.03168924038772211,0.9778478403431653,0.20660812305065276
-11.468824777991744,-8.350909031560562,0.05926812355794553,-0.011435494911002977,0.031158114107773006,0.9768854141412431,0.21117121635470823
-11.622049683179217,-8.291832875693471,0.05668336194109003,-0.011047140647354207,0.029806467685497367,0.9759436592081145,0.21569307203860114
-11.773410356117394,-8.232177932999729,0.054448366930627046,-0.010558323394256747,0.0291411312976011,0.9749789330456193,0.22012588625440543
-11.923792323089023,-8.175465688318903,0.052103449194849105,-0.010712643150516432,0.02752531984747161,0.9737866738284859,0.22553737143935168
-12.074519781552395,-8.114652049097396,0.0525087781758522,-0.01147161075303513,0.026719701761437443,0.9726350774337325,0.23051128656855033
-12.222093969783158,-8.053870672736856,0.049511143062929364,-0.011141903453507997,0.026621328676144897,0.9713685424122714,0.2358184128710859
-12.367607703083863,-7.992991591482439,0.04760378457535808,-0.011401405084512293,0.026890007853818666,0.9700771900315966,0.24103357794122857
-12.516120853588601,-7.930141863547275,0.04428343970473847,-0.010850136254771317,0.027616914151410647,0.9686359522967427,0.24670624261996787
-12.663696081717802,-7.857115234588315,0.045021731740913395,-0.011267724411636742,0.028934374051218938,0.9675380447458116,0.25081061031591206
-12.814802289439667,-7.785201936631213,0.04293504456571284,-0.010781769158610947,0.030258547106267433,0.9661345322694318,0.2560317048462686
-12.959819624432814,-7.719410286733046,0.040579469871664386,-0.01043748103315605,0.030863025163918426,0.9644274798197737,0.2623321650412329
-13.103610503345287,-7.649040733042321,0.03948583979116549,-0.010191437446974701,0.03298811645841275,0.9626983775645163,0.26836494789749443
-13.246097248734957,-7.574785668454032,0.039883352707647646,-0.011096039239059437,0.03463145582111128,0.9611096111707308,0.2737624004579211
-13.389989205949105,-7.498951714965768,0.039226619842594346,-0.011540758770563502,0.03676101334481506,0.9594301248301368,0.27930138184611614
-13.53229731246688,-7.424279801257736,0.03715286545374141,-0.01135249203295289,0.0382634642286315,0.9576696018577214,0.28508939215434
-13.674649205770647,-7.344284571111327,0.03244173020248908,-0.010207510273434538,0.03860542803152038,0.956176126655946,0.2900562873906671
-13.81693471308002,-7.258904702413357,0.025625813222962535,-0.008395336949973065,0.03920584782002905,0.9549253766753197,0.29412573464112907
-13.956045815819484,-7.173982823228565,0.02313958467690469,-0.008280529712301473,0.03936537974140853,0.9537711064164346,0.2978296008979391
-14.092947585559395,-7.085935175291361,0.018826277376994938,-0.006696738736412474,0.04141223683911941,0.9527865262243143,0.3007291252723453
-14.227893441187414,-6.997335328224686,0.018349228450624366,-0.006629520059570447,0.045214794431020416,0.9517275931674453,0.3035230777938967
-14.365666446882392,-6.908952651671011,0.013615826232019401,-0.006102357790179418,0.04531417172337805,0.9507408105279227,0.3065963258567582
-14.5049543777828,-6.821149913672494,0.008711814351627822,-0.004892627092875775,0.04668188381452628,0.9494557026056177,0.3103719261313014
-14.6418371391632,-6.730629002859179,0.006728970118377475,-0.005127708552122182,0.04572888032384071,0.9485501968697874,0.3132652142579289
-14.777435713473826,-6.6388592805274005,0.004483935958120355,-0.005697712111278611,0.04338665295594686,0.9478331998960029,0.31574888475476687
-14.910399692059915,-6.546799381393129,0.0020496235468456803,-0.005485478093304681,0.04488468035984451,0.9469539168805923,0.31817218970965483
-15.043920655919987,-6.45397278239213,0.0021573011802757946,-0.006961082165848165,0.04513860961186508,0.946054025913856,0.3207738158310613
-15.178959608611335,-6.360999377940115,-0.0008185811145722255,-0.007841101961951895,0.04497996228364796,0.9452553566299398,0.3231216953323051
-15.312040870751115,-6.2654798734233035,-0.008186024086761279,-0.006933277098399495,0.04352338496061583,0.9447527560233996,0.3248074428480354
-15.445937882184374,-6.170429990219304,-0.011339434108688096,-0.006719610975790502,0.042579903644986254,0.9440199630079228,0.3270597913713452
-15.579807062970104,-6.06789099580709,-0.01062858612076667,-0.008627778823615196,0.04237820716279281,0.943523874413392,0.3284697112362739
-15.714864711980077,-5.97809850959729,-0.013509732305212907,-0.00983201247826644,0.041769242066129815,0.9422277846826013,0.3322129680666213
-15.84780474934308,-5.877786399858863,-0.016904369688433007,-0.009522901585716656,0.04294449794582062,0.9411237300662074,0.3351883161498118
-15.983448353415469,-5.787203188407034,-0.018486781463355584,-0.009717312338874668,0.04276393236223544,0.9393330772928394,0.3401913977503974
-16.116914547399315,-5.683214595325505,-0.018633513290250647,-0.00962996771852356,0.043167190908644584,0.9380600130850215,0.3436382999375665
-16.257236089628883,-5.576498176526817,-0.03198524624946231,-0.007320506905248155,0.04351755872091129,0.9368241337537304,0.3470060192547814
-16.39133880374566,-5.476631438967232,-0.03565016240828811,-0.007379618878464471,0.04247378221756691,0.935824972084503,0.34981872001744124
-16.516288223313502,-5.366115443220838,-0.04058770493034558,-0.007593935479961355,0.04229877587522175,0.9356385347384998,0.3503336742645676
-16.639965829466803,-5.273483414190098,-0.039119267479463815,-0.009160484499211157,0.04180598946892837,0.9343761294176299,0.35370834999742506
-16.768744360267497,-5.162113766414469,-0.045948747986724214,-0.009056838767960651,0.04267329251786744,0.9344108150469282,0.3535157672910562
-16.898458772573328,-5.047178858124258,-0.04622808731475203,-0.010157331493060445,0.042699541305026054,0.9346397477746953,0.3528769193788741
-17.024238276327715,-4.938772589578772,-0.052653652466496226,-0.01024718728424647,0.04227794088278995,0.934878450974125,0.35229229121005545
-17.155320534373807,-4.818610131666979,-0.05671775528023204,-0.010910009087167848,0.04231541174341515,0.9355877606530746,0.3503796831393502
-17.28759251192835,-4.710489332060937,-0.05980256369408821,-0.01129282833361889,0.0419833548011178,0.9357129548852706,0.35007305239950354
-17.416538280992068,-4.601268740863965,-0.06931228187355387,-0.010031879813010968,0.03877074071539349,0.9360955845167446,0.34945848811271124
-17.54438207356962,-4.488922927491523,-0.07938751179925774,-0.007297637090503708,0.03817984408276772,0.9364306709240658,0.3486927779940886
-17.67312250813188,-4.379012817835601,-0.0842248322170569,-0.006055794186373948,0.03841155080618629,0.9365396905946568,0.34839817071473356
-17.79789664857525,-4.270230453543732,-0.0877803185577477,-0.006021855539552967,0.04011403430130748,0.93681312671009,0.3474705339067099
-17.9245215254598,-4.163725524290911,-0.08854507380249288,-0.006542570486911011,0.0423816541751327,0.9367849006870564,0.3472679649493788
-18.04960617395335,-4.056903911775535,-0.08938421545065722,-0.007136757163005679,0.04396094765448784,0.9368042589471954,0.3470076071595882
-18.177828788300758,-3.9478173526330274,-0.0924393925043141,-0.007281594089466151,0.04380579785358103,0.9368086172842018,0.3470124666329386
-18.307156588948345,-3.840566607272224,-0.09815738111275252,-0.006380309757605464,0.043305050147246574,0.9367342364611498,0.3472937307124426
-18.43815342809793,-3.7308206681301144,-0.10316146278355376,-0.005762020499717173,0.04249211646393764,0.9366831558757029,0.3475426421526052
-18.57099017306086,-3.62009968116592,-0.10702312779018541,-0.00637034354548166,0.041144674907667954,0.9366143732403551,0.3478793725316669
-18.704065660201163,-3.511673235997539,-0.11024483000797858,-0.0069446555958251,0.04046806912813838,0.9363670735699081,0.3486127029519327
-18.8344223804805,-3.403975195851437,-0.11164282788817559,-0.007879598573419489,0.04109266202716206,0.9361713929148429,0.34904501138094485
-18.966508341449998,-3.294100986408071,-0.11383491899493592,-0.00871763371362455,0.0408560613096238,0.9359657926534061,0.34960379324345564
-19.098966488469106,-3.1825913597049476,-0.11912684222071235,-0.00825446946231185,0.040394595402685946,0.9356620255803527,0.3504806967197083
-19.23092719369587,-3.073221778694375,-0.12450251114855959,-0.007514602073171657,0.04001083529861653,0.9351599974465554,0.3518784395883739
-19.3634364365038,-2.963437036123216,-0.12753124908399016,-0.0076281978417962444,0.04010952898523931,0.9346981539130231,0.35308977786285894
-19.49155049383291,-2.8576226877400854,-0.1282409624153118,-0.008681262696355968,0.04059254394236837,0.9341245363398437,0.35452536483960084
-19.6197115261593,-2.7476827630473366,-0.13255153981516088,-0.009017754334120486,0.040239985953145554,0.9336904132551664,0.35569879054194725
-19.745757761502187,-2.638325681309542,-0.13517599709579997,-0.00930468630110847,0.04059659336546861,0.9333603379623058,0.3565162191990979
-19.87377506489821,-2.5348562280165003,-0.13948038200737756,-0.010277662430152377,0.03925688115998067,0.9327792361413222,0.3581566149733743
-20.000056672924607,-2.421484562295376,-0.13959138899887336,-0.011347459979014147,0.04057920833194238,0.9325119198811992,0.35867266116593977
-20.136286649156215,-2.3038813522867376,-0.14648327510736436,-0.01051626543162539,0.040727193085550444,0.9321609579483624,0.35959234036849314
-20.26522889757864,-2.1860028445690736,-0.1525412750353361,-0.009356978919782603,0.04129763056346098,0.9320525532259958,0.35984022614880734
-20.396458761009356,-2.0708051924372066,-0.15692723690889565,-0.009030433045180131,0.04189378377887332,0.9318755871203573,0.3602377734558222
-20.524388826671206,-1.9560586584531734,-0.16163752821758948,-0.009693750618473808,0.04182202816680864,0.9317551628417039,0.36054022936432006
-20.65402243131835,-1.8394546926969784,-0.1643147260450526,-0.010441856949216293,0.04162559571466914,0.9318013802274981,0.36042262182433876
-20.781174017104718,-1.7295769832215049,-0.16971369472346254,-0.011165882502502337,0.039950642920384374,0.9316788511611162,0.3609068954179733
-20.912055574779004,-1.6178743589310955,-0.17357632778724508,-0.011810150374805052,0.03868600511989703,0.9314685798629763,0.3615663085480948
-21.042102434736513,-1.5003077731256933,-0.17724391103373627,-0.01253466094714124,0.03884721593585209,0.9314408637956643,0.3615960569471179
-21.172413465114943,-1.3783023597175372,-0.18141454298364224,-0.012501903243442162,0.041177234360738516,0.931695708559771,0.36068163707453316
-21.299581361002442,-1.2653858981568984,-0.1911308423718978,-0.009426298474996597,0.04154723468660225,0.9318304608227468,0.36038446042034095
-21.426584962564064,-1.1510563130241698,-0.20409396504116728,-0.0056369857690460766,0.039942469262508634,0.9320257738309056,0.36013994674563793
-21.557146741286456,-1.0359135728754065,-0.205562319427667,-0.006476786762157902,0.03907585062403562,0.9319847079325098,0.36032711774748744
-21.68303410209954,-0.9211000940478442,-0.2039524911942614,-0.009064381266018013,0.03879841059644989,0.9320041339188075,0.36025103354632165
-21.810213102906488,-0.812946029164356,-0.20839112056780174,-0.009626198600433468,0.03842634471212109,0.9319079673303291,0.3605250361520355
-21.937207649012493,-0.7015672028368702,-0.21310835048891974,-0.008885429883453953,0.039791067860395254,0.9317259919343964,0.36086616502949204
-22.06336768862598,-0.5884503157227874,-0.2172177677133149,-0.008515505854165278,0.040471586953443196,0.9317582573991776,0.36071605312492794
-22.1920433574785,-0.46763566443630733,-0.22055434071650737,-0.008123565670854737,0.0419795920738763,0.931844589010937,0.3603295521550654
-22.321173542841162,-0.35302522068537767,-0.22421028648695085,-0.007793666140152206,0.04275603523570046,0.931800188839245,0.36036034682935525
-22.445679232619305,-0.23987797668908328,-0.22809626153442508,-0.007024672744335751,0.04395149451092274,0.9318053941552333,0.3602188540689198
-22.572886049612706,-0.12623299923386355,-0.23271058537991962,-0.006683002185260641,0.044488689967074266,0.9318804642116063,0.35996512231144734
-22.699749699898486,-0.012471724088639391,-0.23503868694335495,-0.0075947004403002175,0.04402581028570714,0.9320505627839942,0.3595633556285841
-22.831408608478966,0.10462444959412309,-0.23865792672695818,-0.008145166858022983,0.04374051677888146,0.9322855094976289,0.3589765345609627
-22.959262762625876,0.21849430742526543,-0.24234452474578916,-0.008584542089386712,0.04204628723231872,0.9324612312337206,0.3587122300931033
-23.089403196319495,0.33099337410916796,-0.24630699905785036,-0.009384024524982316,0.04080035941191864,0.9324477436263177,0.35887110509488646
-23.2203379918215,0.44634067427134116,-0.24967556467082375,-0.01023128992837538,0.04046998962521212,0.9325930207801251,0.35850766851035537
-23.34656418562798,0.5577592871960286,-0.25408316502797135,-0.010026714149278991,0.040905121269324315,0.9326261430080697,0.35837786796627763
-23.475015726746626,0.6705380271162025,-0.25994116733387074,-0.00928831116185314,0.04042177681456236,0.9327118750632699,0.35822948316959385
-23.59977374487641,0.7786038552289654,-0.2647446623803287,-0.008641681556644886,0.0401563012802489,0.9327314856027815,0.35822447562987064
-23.727706408382243,0.8930931724698246,-0.2696230089771703,-0.008146456402182218,0.03969049343908784,0.9329738873500185,0.35765629351028866
-23.855639926568355,1.0066231356807889,-0.2726101046738876,-0.008253142020474329,0.038649239909497216,0.9332154277566991,0.35713734135889763
-23.98310066376084,1.1181363355122635,-0.27629747249753756,-0.00851804785131861,0.03789630566674283,0.9332861692923867,0.35702697456539256
-24.110298487449583,1.2261613829080333,-0.2782055861518984,-0.009250896005439237,0.037992122889384694,0.9332304930156814,0.35714404649808823
-24.23803078427456,1.3394834041947625,-0.2809876999658627,-0.009653344040327205,0.03769215230223285,0.9334720228954556,0.3565334417458221
-24.36425310208296,1.4543323539687592,-0.2810128109948309,-0.009945716918803192,0.04003076541687711,0.9336190000814464,0.35588506197811526
-24.494738667756415,1.5614866221246473,-0.28511677953694203,-0.010586125370797778,0.037452763767460096,0.9335075083207428,0.3564392779559705
-24.623831199820266,1.6804735815629122,-0.2947396662927311,-0.009332990002588396,0.03542399481659558,0.9339371133586658,0.3555551958191366
-24.75265347763816,1.7905315858096955,-0.3013675219294072,-0.009461140935472085,0.03184734276177289,0.934238346977025,0.3550985023197254
-24.881929265986827,1.8998215241094085,-0.30057974547907484,-0.011635056023470721,0.03134437066390297,0.9341118544081484,0.3554112991108533
-25.00809399787742,2.011037546423818,-0.30230937558507875,-0.012433641803094536,0.03266139297831177,0.9340848867848325,0.35533654820656907
-25.13447860405687,2.12471253584325,-0.30833434944229055,-0.011322006112530788,0.03209428944628351,0.9344471099866589,0.3544719503476215
-25.260065813355066,2.2354944359042292,-0.31546717570106253,-0.009994841865603944,0.032743083833286155,0.9344872703848632,0.35434662670194755
-25.392095261558516,2.343622931099799,-0.3173933353318894,-0.011272973576853237,0.03142541303770866,0.9342763312816666,0.35498324904187717
-25.518189942046032,2.455590341353915,-0.3191650555679537,-0.0121370668047756,0.030977486127104634,0.9344772085213882,0.354464982106689
-25.64651292157661,2.5671347916120553,-0.32598530598449926,-0.01101155442393323,0.03059335649380878,0.9345073698685967,0.35445559866907544
-25.772525072635215,2.6779927675858453,-0.33031087468068066,-0.010183997310295208,0.03105655825231798,0.9346860457204654,0.35396860253380563
-25.89923579873419,2.7909754629674666,-0.3335849578689931,-0.00943353607097989,0.03240011978112324,0.934867572445825,0.3533891272312072
-26.0256767555439,2.8986114565454226,-0.3363174269180309,-0.009507670007819772,0.03274218995691208,0.9348153138972434,0.35349381206922775
-26.15730685290862,3.0131000879145935,-0.33844873099523376,-0.010283955832237967,0.032768549031192626,0.9349569957706643,0.35309469666277754
-26.28784184625915,3.1280788974198495,-0.3432566262610557,-0.009804811286406213,0.033000586778427814,0.9352472737437518,0.35231711963440915
-26.41720611264874,3.2427323413003397,-0.3439818809119153,-0.010672119285248858,0.03209571144662765,0.9356624953911742,0.3512715067789289
-26.550955620043727,3.355414211057486,-0.35291220638725207,-0.009142795283020099,0.02998213716776112,0.9357374630281077,0.35130171168248964
-26.677576678505822,3.4626936512818878,-0.35453655766686065,-0.010067801522705682,0.027481870702715745,0.9359039867431967,0.35103722280269223
-26.806775888593407,3.5681101186186197,-0.3578826032429525,-0.009896485365375242,0.026447527907871568,0.9358077113699654,0.35137799810609127
-26.93941185851329,3.6816703449619634,-0.36149807519614896,-0.009990102658398798,0.02479719525252998,0.935924119487509,0.3511856370058439
-27.06936970678732,3.790870735230725,-0.36356217617144093,-0.009843252379541157,0.025601194430149087,0.9357621775422561,0.3515634455045144
-27.198561678241884,3.9051033323584905,-0.36738496256795905,-0.008876979645330761,0.025351345423096642,0.9360582391621923,0.35081832254627615
-27.325658048419037,4.014912699690555,-0.3719033425588325,-0.007754169921556756,0.024916206605712473,0.9361840708225594,0.3505402149507184
-27.45351942783584,4.129524125528242,-0.3772628342532549,-0.00674780591758317,0.024540067572231015,0.9364325167980302,0.3499234146812894
-27.581886041243028,4.23397325719732,-0.37668711627673446,-0.0070148862271621785,0.024621370822172074,0.9362498053689303,0.3504010096212616
-27.714373986629273,4.340908093433249,-0.3828647864667687,-0.006047353130607299,0.023417940508206486,0.9361459331201829,0.3507788855039235
-27.845339802386132,4.446237026022793,-0.3870619166374354,-0.004913684488935193,0.02139367718360811,0.9361163339451876,0.3510048070367714
-27.975329087745468,4.550597662207471,-0.3896073332756007,-0.003887467750486249,0.01874818915833465,0.9360353154444472,0.35138482697902146
-28.103613125289115,4.659892201961469,-0.39085499906352794,-0.004021931331347673,0.015586079018184837,0.9359735459660821,0.3517021795517804
-28.235760717567434,4.768397099707435,-0.3894988850342944,-0.0047167267027337775,0.013838103293146373,0.9358129660492424,0.3521936031153223
-28.359900134049095,4.877483305469486,-0.38717547300982424,-0.005656919862900988,0.014011990630092832,0.9359871578894462,0.35170968956690446
-28.487946403344644,4.986276269238927,-0.38611970601697543,-0.006410132001119618,0.013710067238448347,0.9361480899473872,0.3512800842537014
-28.612651879087807,5.096390659738307,-0.38447014270871804,-0.007054437503948394,0.013901265995466497,0.9364807946577535,0.3503722454736117
-28.731056520066456,5.1998290946639,-0.39055277462551885,-0.0038432932730265933,0.013363776663667226,0.936995648777547,0.3490641844930233
-28.851631926029942,5.308850582847405,-0.39399452123941536,-0.000660564279299474,0.014667435764374386,0.9375295713847123,0.34759566300232303
-28.9923955543886,5.426576603842759,-0.3928570200610437,0.00033723984821162765,0.01784248030112821,0.9378410672619774,0.34660591543822555
-29.115756270571524,5.535467220219791,-0.3886414125952182,0.0001390573592627663,0.02164270210195709,0.9384411776378824,0.3447603935233238
-29.242428345476107,5.64452740422953,-0.3853184827316305,-0.000365991431103795,0.023847073489102345,0.9389668988836674,0.34317977785360193
-29.36003449176261,5.74946027596851,-0.3823549766735752,-0.001626683308307544,0.023385173696815482,0.9397298361727621,0.34111336376882845
-29.478152914153554,5.846799644414295,-0.3796531782989234,-0.0026302927174702883,0.022343810849163728,0.9402087339257682,0.33985492630399455
-29.596571379005606,5.94694229071359,-0.3798518540204796,-0.0025040856951166336,0.020503400003152036,0.9408067717715163,0.33831341456409575
-29.708392082145238,6.041248623335491,-0.3834588427362462,7.057337098014995e-05,0.021154722628641695,0.9413602271642457,0.3367393467221378
-29.819696894791704,6.134431882684154,-0.38647075127173025,0.0029307862345528454,0.021897384808544026,0.9418617349613199,0.3352735949277145
-29.93709329944404,6.2307602030032925,-0.3853108353252992,0.003733731589998926,0.022791058467439326,0.942255341600483,0.33409803348719236
-30.051024095657368,6.3222846651313205,-0.38275177407474814,0.0028070379824411016,0.02116558059455358,0.9426117693022231,0.3332074458036015
-30.162036075826073,6.4086525793933715,-0.3810818524771431,0.002103766612238923,0.01701695731663517,0.942940557796395,0.3325193243786448
-30.277468519660545,6.497666172862379,-0.38050539013302753,0.0017746444870256387,0.012706981096585876,0.9432000446229784,0.33197749140464744
-30.38660875536955,6.582327297607578,-0.37528995783049,-0.0004869944038172963,0.00967294166031227,0.9433641137424653,0.3316177548505156
-30.491162097084608,6.6661074001786425,-0.36839936103885673,-0.003653457174836071,0.006772086521590407,0.9437241174925518,0.3306441798269706
-30.59272838110074,6.745378810957858,-0.3658473096113175,-0.004562006291403047,0.004000211976356241,0.9439925523141873,0.3299109652163655
-30.694160179175356,6.823271909219812,-0.3684452984900197,-0.0034458657684865762,-0.001166619046985236,0.944133314704924,0.3295436896912949
-30.79243252231107,6.896258352300548,-0.3691266554705601,-0.0037317804877499967,-0.006661447682606303,0.9439786532966682,0.32991819060482164
-30.89732720850622,6.970606979453823,-0.3626247785498311,-0.006998028398204851,-0.01206622197416596,0.9433775637434992,0.33142753981685197
-30.994174480771363,7.036059345133489,-0.35566300866790534,-0.01049088294580311,-0.016104823208639436,0.9422933506379538,0.3342361631764272
-31.089216241440234,7.0961749627494335,-0.35198518347798213,-0.012629807708339538,-0.020926848841435752,0.9406827148524637,0.33840594962519777
-31.177889477825396,7.1556020644847695,-0.3513952347942251,-0.013303658340042105,-0.025117551272722083,0.9388900385837989,0.3430417176435913
-31.267649145293888,7.211563224852495,-0.3523363312952057,-0.013814041345820254,-0.0301943294582343,0.9364305595350033,0.3492782326806533
-31.35819401066601,7.265573549838044,-0.3508695220686735,-0.014824511749858658,-0.03538390843506817,0.9334926630302893,0.35653844054116124
-31.442312890341768,7.3163463218710145,-0.34975760860107696,-0.015078219621208862,-0.03800631573610548,0.9301608267155196,0.36486848726657245
-31.521056061416346,7.362532796588008,-0.3501908675124894,-0.01496762415534713,-0.04068412125386098,0.9262649785373832,0.3743714276692277
-31.602131949608676,7.402277828759175,-0.3491836009031388,-0.01643809604638591,-0.04535827200993197,0.9209791615320803,0.3866132426874747
-31.68137283274688,7.438454272599067,-0.34823299013036557,-0.017919594862828438,-0.0484334881142013,0.9146393887294002,0.40095869122987743
-31.75998692041958,7.473133062262207,-0.34670696632115305,-0.018320446039328264,-0.04836523059400079,0.907483322224126,0.416892284153756
-31.834543067543486,7.5072277638146545,-0.345701980030654,-0.017924136066751098,-0.04723042330953347,0.899850911136621,0.43326243543787035
-31.908915726036,7.542128634648927,-0.34627622680058323,-0.01773043623384356,-0.04852660924038045,0.8913132618204778,0.450434753491482
-31.981415111671353,7.5756335701985975,-0.34793879206645784,-0.016756052578664558,-0.04895782652589519,0.8818529112609099,0.4686766654686916
-32.05198283758068,7.611885551483919,-0.34748162289641726,-0.01583751216386396,-0.048300225454314255,0.8719681512299935,0.4869166266726566
-32.12041331688911,7.646302925585168,-0.3465624086937993,-0.014638289428303888,-0.04530950367844469,0.8616217768995934,0.5053124803839156
-32.1913178633215,7.68124657281599,-0.34102373298249944,-0.014731781030666668,-0.04151683833826179,0.8504090225503534,0.5242745695227968
-32.25769940034845,7.718941391653814,-0.3357182179639224,-0.015050619299443374,-0.03778505619520211,0.8380663109071969,0.5440501962899611
-32.32568949582291,7.759865677324763,-0.3297431184726225,-0.017051772404946344,-0.035336114427403954,0.8244158714010923,0.5646229392819131
-32.39437622804144,7.7976817329043495,-0.31873004752829104,-0.02040236130845307,-0.032024620661128454,0.808771667458395,0.5868956996184135
-32.46497669172083,7.841423470418121,-0.3130237124500459,-0.022401879913442158,-0.02867182240636785,0.7914235362233344,0.6101842910438408
-32.53259422953937,7.887855106927859,-0.3077556233436005,-0.02332455732443166,-0.02456964538408614,0.7730849702233642,0.6333971472299745
-32.59511084741324,7.936048889120464,-0.30334510480693755,-0.02382041544624293,-0.02123400880625011,0.7544100825618132,0.6556272787867273
-32.654721392892085,7.990249261276277,-0.29858941896217406,-0.0246221426421863,-0.019160535044595372,0.7351614477794637,0.6771737440280581
-32.70781673411323,8.04276405949867,-0.29754213473324853,-0.02559699228331528,-0.019195116191110535,0.715772425054204,0.6976002953876185
-32.761590769550374,8.101514518637693,-0.2955359863048912,-0.026723364719057546,-0.019264679968700946,0.6956168498178426,0.7176572640792024
-32.812340422571545,8.16166924854601,-0.296623822162585,-0.026343224822901988,-0.019071587288466193,0.6748261323660819,0.7372597939674108
-32.854930061307215,8.225139742872765,-0.2977831506991686,-0.0254380731876358,-0.018574128307899444,0.6541261135030144,0.7557294102994148
-32.898109208655384,8.290628056900982,-0.2994447191933647,-0.02506365927544547,-0.018925861703599035,0.6324657422261217,0.7739513597563576
-32.93350695712763,8.358434010479463,-0.30062015949607757,-0.025286916443449447,-0.020312829217721134,0.6109102880144581,0.7910351268106824
-32.96681866001799,8.427688044140943,-0.3036532989410081,-0.025404844829153336,-0.022410394916341038,0.5886333354389757,0.8076900278660105
-32.996578597547185,8.501445834442102,-0.3067740707105906,-0.02496103058434907,-0.023638305622148047,0.5658378687293251,0.8237995419488482
-33.018905134611856,8.575795932877618,-0.3059504822150174,-0.024906984821063977,-0.023233534159971432,0.5431061985022725,0.8389728821502684
-33.03861767803869,8.653143084924816,-0.3042851779707654,-0.025815844464476018,-0.022562842670455423,0.5195369736398551,0.853759796168758
-33.05358292221538,8.732660977927843,-0.3000368878051862,-0.0262729839921645,-0.020778152634336064,0.49552553710668534,0.8679472456224434
-33.06212478479567,8.811118208057724,-0.2968194029145437,-0.027261349323116694,-0.01936102481640371,0.4718225574286039,0.8810592729047055
-33.06390990098366,8.892651748511108,-0.29270999434948575,-0.02782762825831492,-0.018002021028013154,0.44814386474531964,0.8933468686434798
-33.06186660189287,8.977852497471032,-0.2933290019593775,-0.02850996347717112,-0.018566327817482815,0.4239248404692187,0.9050581181158459
-33.05146360078321,9.060812631655999,-0.29530802966989356,-0.028417569327713915,-0.019647633245484422,0.40031961500187047,0.9157240999512888
-33.03863181630361,9.14351737988192,-0.29566707332088527,-0.027749831793105587,-0.020207297216398436,0.3764608355858,0.925796331612758
-33.018312886802526,9.22651689301807,-0.29651764663280744,-0.02618963338837432,-0.02022408436477666,0.3527406612383149,0.9351358805057732
-32.98853338480511,9.3062848961011,-0.2975472547195217,-0.024407623986298616,-0.02032318490014664,0.33014632690752665,0.9433952703814116
-32.953887001306875,9.388961657599108,-0.295963528884819,-0.02325329745761941,-0.02005446723040864,0.30727023629363553,0.9511267555392073
-32.912904491416626,9.46807706779696,-0.2939689124550853,-0.02104046277209045,-0.01923256751237251,0.284886256483686,0.9581373790108002
-32.86390902584998,9.547902436035432,-0.29086782798114896,-0.0195517748969223,-0.018531224618676137,0.26336057051264145,0.9643212730042764
-32.81056051302525,9.623068187428723,-0.28736076671388133,-0.018580832528268212,-0.017903800411473415,0.24278886841080546,0.9697359282472532
-32.75070536825361,9.693971738676181,-0.28532527493777593,-0.017677433497542885,-0.018050224697359753,0.223765233477394,0.9743155684462271
-32.6845346896853,9.760001887710166,-0.28473751489627475,-0.016765917193602098,-0.018951164706883055,0.20666573373602481,0.9780843701927651
-32.61383340204236,9.822378885984374,-0.28335125743439704,-0.01478542189389903,-0.019634551666530036,0.19111151444302937,0.9812605498894823
-32.53547906460741,9.881062419534585,-0.2821451279947915,-0.012148023022543294,-0.020568789975706256,0.17702421742219962,0.9839165543417517
-32.455096544255085,9.934430681740935,-0.28143182304947345,-0.011474801464592874,-0.02211740279426172,0.1645424605971925,0.98605524197364
-32.368911123968346,9.985642998900708,-0.28017869109923765,-0.010744674213795095,-0.02325850882717484,0.15365537864493878,0.987792297453565
-32.27967870048625,10.030422742439432,-0.2755759761482608,-0.009164125654069944,-0.023103331287397035,0.14440500708133522,0.9892064765647199
-32.1843494579094,10.07241642681915,-0.2704219914422836,-0.0074111550978786765,-0.02282608557309597,0.13688995220848144,0.9902954985584754
-32.086308652233726,10.114453804660839,-0.2621805885950863,-0.006359123293907273,-0.021630404044094838,0.130663736213774,0.9911703618205624
-31.98530486552165,10.150784013258114,-0.25553274266373904,-0.004875802409153928,-0.020771570724114,0.12637152058005996,0.9917534982842188
-31.88199828900567,10.181606533670841,-0.24886443468642483,-0.0028825851203968804,-0.019381675511465076,0.12353649355153887,0.9921465437238084
-31.77610461501569,10.210583776082942,-0.24056069323734164,-0.0006463039683213487,-0.017433203317453832,0.12148668198130678,0.992439748583116
-31.668557242192804,10.241800990043062,-0.23301722516052692,-0.0007928435279872392,-0.016466051949553955,0.12027005279817793,0.9926043258145375
-31.5575423499041,10.272029295857289,-0.22807008468315093,-0.0016290579523416352,-0.016398803427899695,0.11959843666032899,0.9926855684427445
-31.446457965409785,10.298248316540853,-0.22459284828067005,-0.0013569944044776949,-0.016927903499983885,0.11944509483233341,0.9926955581849067
-31.3343744978521,10.327316045400762,-0.22019596546329367,-0.00016824266549428244,-0.016502171639293316,0.11876071399911527,0.9927857465204213
-31.220658318730926,10.356578037315456,-0.21507347996081005,0.0008207693989995439,-0.015908097686614563,0.11797253571992786,0.9928890886624299
-31.107766977098443,10.388460915798793,-0.20711997096083934,-0.00022425027224448778,-0.015016200659202766,0.11707474654521065,0.9930095496150662
-30.989800996070368,10.418500562663695,-0.20153349614996552,0.00031578275954182605,-0.014681033224094876,0.11648951733135247,0.993083361682463
-30.872068862453705,10.447753736418816,-0.1973465408559849,0.0009508722083517339,-0.014553861080122178,0.1158748952245938,0.9931567331529387
-30.749722373737452,10.477847289043986,-0.1912751786481155,0.00221245771897866,-0.01385895119825878,0.11550294987146838,0.993207984935831
-30.631936750998143,10.508603279958544,-0.1840062098658044,0.0033051343782636647,-0.0125754849886774,0.11447487313845468,0.9933410456830583
-30.508432409124165,10.537899299790043,-0.17727830413347334,0.0043001359349991684,-0.011182748287617896,0.11411164250550017,0.99339568551409
-30.385746990657122,10.56669677711035,-0.17155627503199256,0.005411883200635866,-0.009980698084157883,0.11353708918539257,0.9934688839270511
-30.263279884828748,10.59555461130859,-0.1657620083293434,0.006215103940895091,-0.00946144636112202,0.11301427290745976,0.9935288711052388
-30.14105699054281,10.625805811490595,-0.16166657041166843,0.008325539690093293,-0.009373570897841799,0.11252451785062019,0.9935698528868389
-30.02061966206526,10.65514223549259,-0.15744784456092686,0.009936937919519927,-0.00873841272107663,0.11201923163672554,0.9936179265240681
-29.88215950188973,10.688153265395766,-0.14982169165470438,0.011188147674462159,-0.006649864859432739,0.11125545725468902,0.9937066140690567
-29.764891159649412,10.714968205665288,-0.13954975760996025,0.01221986531066736,-0.004065714544801085,0.11083048111632815,0.9937558806743203
-29.647722892936095,10.742442844830862,-0.13230024723162792,0.012320102334465583,-0.002374702109576973,0.11075067610849641,0.993769023521244
-29.532659538302756,10.766849686486054,-0.12828632108474558,0.0129259369351785,-0.002134100240796716,0.11131867967347561,0.9936984039803435
-29.41893764868437,10.791939078607065,-0.12482150936989012,0.013103075872250836,-0.0023115645004289777,0.1119858408083661,0.9936207234368221
-29.30679374099802,10.816075632910522,-0.12458406251293042,0.013882425167089684,-0.0035898911874234604,0.11306463689757924,0.9934841604155612
-29.190135649117597,10.842984711841739,-0.1227406295951825,0.012512155049883867,-0.005166382828443362,0.11397023059215436,0.9933919354501585
-29.077366391041338,10.868833901521462,-0.12052364951008876,0.010705055552146032,-0.006193544076566855,0.11521421375270931,0.9932636822426149
-28.966669009691223,10.89554636121595,-0.11437547662932879,0.009650949988522938,-0.004989128485678411,0.11639633789101565,0.993143424660839
-28.855301655123654,10.921689680511872,-0.10364474539628432,0.00928791267997525,-0.0016163274312153866,0.11778620798303918,0.9929942283092882
-28.747672796535127,10.946442985771375,-0.09656661882147949,0.009253933027290138,0.0009264153538296972,0.11935429080956822,0.9928081703752026
-28.639696059727463,10.972564010791245,-0.09667184804340834,0.008325028908043779,0.0004166715409987906,0.1210074865233773,0.9926165982010801
-28.529564781897985,10.996589197417672,-0.09635747292638808,0.006797842608163786,-0.0011925655663925607,0.1231745727171873,0.9923610160069161
-28.426899889543197,11.017945306277287,-0.09135200233354457,0.004699980185120454,-0.0006005600077920225,0.1260086463218259,0.992017829084436
-28.3188756953028,11.040389107315697,-0.08470250684469383,0.004882227369100121,0.0019819736518561126,0.12879041791188084,0.991657836591586
-28.21302007416958,11.062228811662905,-0.07852306303381962,0.005604447220838924,0.004494593145259262,0.1321709629832795,0.9912008952115984
-28.10506119618496,11.085040730060065,-0.0743460329241934,0.005294559210618329,0.005316250026143613,0.13585285634515584,0.9907006138605126
-28.001448347756668,11.107467704816552,-0.08099332157252137,0.005715281824415561,0.002363776109060384,0.1402880035596842,0.9900914151077762
-27.895413559986928,11.128357120508776,-0.08434804090888282,0.00642700972707299,-0.00032841721676477845,0.14547737465612498,0.98934064783787
-27.791072745245874,11.153177791432753,-0.08734128914977646,0.007383468677996981,-0.0019016917783028966,0.15046981091072917,0.9885851954305112
-27.68437080060194,11.176779333559324,-0.08523868592796013,0.0078100519607514195,-0.0016707146347238419,0.15625261492912074,0.9876848388864864
-27.576698397634242,11.207473844311634,-0.07645111098358681,0.007645226706314056,0.0006028993305829465,0.16040749066638726,0.9870210838307623
-0.6981959998213365,-0.2671384178547976,0.004009027193378296,0.006586804010330397,0.0010833282776699532,0.13026155773568043,0.9914571972946218
-0.6611695967332936,-0.26711979465319563,0.00575617375667755,0.006761406896082901,0.0015545128005235726,0.13562960382581432,0.9907353204375556
-0.6229730070093682,-0.2663118492641638,0.004986785906619634,0.0057561652737248715,0.0006583819095094724,0.14095945330321882,0.9899984150088752
-0.5848617675948078,-0.26455745123365687,0.002087764800259906,0.00600910958003349,-0.0013774003073893436,0.1460806415151722,0.9892534818865176
-0.5458465818390373,-0.26316314372502814,-0.0025872408997303087,0.006502020455925314,-0.0038696883534631112,0.15134880361218414,0.9884514567848834
-0.5076405433865832,-0.2597723363387849,-0.004600113713904529,0.00783894124297053,-0.005182085980864857,0.15590612786562394,0.9877271795308691
