position_x,position_y,position_z,orientation_x,orientation_y,orientation_z,orientation_w
-0.9517562998470901,-0.04264760452713519,-0.003540058253671048,-0.0007910542370581726,-0.002161681334956644,0.02413991652032397,0.9997059419534168
-0.9383877571373048,-0.05730994771057879,-0.003901473747077493,-0.0007903770670609024,-0.0022661838310887197,0.03241363196992257,0.9994716589670382
-0.9236436345594919,-0.07430362463341693,-0.004493150090943568,3.3362813509919065e-06,-0.0024030479013128635,0.04192654687388066,0.9991178048498902
-0.9077407509227918,-0.09140245945344389,-0.004227528919294118,0.0007197024231844632,-0.0023915738804533688,0.051900395981208367,0.998649146701649
-0.8897615536702276,-0.11282101707151719,-0.004414729143488908,0.0007119394688743197,-0.0026007371767561393,0.06390310118285958,0.9979524661088864
-0.8714576211487735,-0.13197145124113877,-0.0050980088687033395,-0.0012328379880622014,-0.003413995906967392,0.0758986448677797,0.9971089294906036
-0.8523304365253561,-0.15030788880967763,-0.005099536739972159,-0.0034738412159977584,-0.004168762306494642,0.08830355677223055,0.9960788351700091
-0.8308375900854942,-0.1728203045789004,-0.005355072745720891,-0.004977960652480648,-0.004844136206660788,0.10233708310055879,0.9947255255729144
-0.8073067074272219,-0.1976236621562756,-0.005001069475927526,-0.005503927069124155,-0.0050242988296499745,0.11779184059550835,0.9930103449359443
-0.7820137577117309,-0.22072799131717616,-0.003621999527424244,-0.0064640615003222195,-0.004882457698995962,0.1334867265852047,0.9910174928015285
-0.7543035375505818,-0.2454646923372264,-0.0025148801351272884,-0.007500557870567073,-0.004675694882806628,0.15021576480188711,0.9886137286223886
-0.7272073475598133,-0.26782605050896696,-0.001662635704547527,-0.00850645598490707,-0.004608130502587944,0.1669825377451133,0.9859123864580078
-0.6968289029121297,-0.2907560907559708,-0.0003323735819632488,-0.01004684011451082,-0.004691894944040871,0.18440776746548868,0.9827872747631845
-0.6668091669507035,-0.3136328517390486,0.0002080504835183794,-0.01127215820008612,-0.0048642868980769294,0.20190398654483097,0.9793283738197249
-0.6333125587849712,-0.33655402110406035,0.0009207045414678372,-0.011772483396315198,-0.004888075714681531,0.2205081384084281,0.9753018367444761
-0.5969817689663313,-0.3628878269247179,0.00025791964238199017,-0.009803019786474259,-0.004974720501141088,0.2407833380625424,0.9705166320952779
-0.5577362518942359,-0.3869803250010215,-0.0005009432034339123,-0.007272755483498249,-0.004828961401153154,0.2616732821629072,0.9651170335842792
-0.5160022115388616,-0.4108648389824979,0.0032548999059037673,-0.008105103565959138,-0.003557271920751396,0.28399001642038024,0.9587863787646334
-0.47221750901021353,-0.4347048140777602,0.008414013023142174,-0.011076049809724249,-0.0025414725147172006,0.3078151550817145,0.9513783084013435
-0.42404765745857553,-0.4592664599026943,0.010551329776278637,-0.012681312859704402,-0.0024856378609501616,0.3329637920774582,0.942851061931679
-0.37258095665468594,-0.48239767230690966,0.012231605689246958,-0.012499538479862439,-0.0021570560770418734,0.3588456465134175,0.9333107251951462
-0.31531886033839324,-0.5023755137975306,0.013186818605106398,-0.01021181312300805,-0.0009184406449403957,0.38540898978427035,0.9226888846263175
-0.25592092214867723,-0.5188834325343857,0.013619185473061388,-0.008119190086788202,9.405729698309756e-05,0.4120496492836591,0.9111252157828863
-0.1961035468183998,-0.5300711842691705,0.01566112900471464,-0.0072681853110171946,0.0014437651008741745,0.43806145633549304,0.8989144759163991
-0.13263288904873705,-0.5382841974859618,0.017924786105147986,-0.006802580544308037,0.0029242549954171843,0.4646666434042272,0.8854547389577714
-0.06810589123625704,-0.5422083604824327,0.018746282574531363,-0.006457067031431993,0.003797023527736897,0.4912983537729847,0.8709591389470317
-0.006333552696999423,-0.5394746813136582,0.021145673204943538,-0.0067906295793672584,0.004917413954431249,0.516597892429903,0.8561870920781927
0.059843887613754865,-0.5341239942427503,0.023888296221342586,-0.00703032566028575,0.006426857171710652,0.542439045049253,0.8400411728648622
0.12254222143803195,-0.5227671352535609,0.024698067291949455,-0.0076369279431159585,0.006923603620275335,0.5669633262905531,0.8236785356740215
0.18622978620861408,-0.504993533117422,0.02776979391488299,-0.007975458736631243,0.00875257842456268,0.5907780005879926,0.8067472539813033
0.24556693387654815,-0.4817601704692963,0.030661717719423158,-0.00737853630570759,0.011128077471404088,0.6128153573199107,0.7901133230081557
0.29857468973967216,-0.4530610941546792,0.03262798599435285,-0.0069322422153192875,0.012372249270350454,0.6326769519884441,0.7742859468640558
0.34872525214597216,-0.42005555118261306,0.033454059088278434,-0.00841145984957019,0.011778895269405166,0.651142281864183,0.7588176574621308
0.39267681311986,-0.38267845066990336,0.0319958763041098,-0.00900709783790783,0.0110384467473577,0.6672689646400536,0.7446805617128897
0.43086142794446924,-0.34129663669931576,0.0305842344136562,-0.009132066955002545,0.010322078686068008,0.6813043425104417,0.7318705149235433
0.46423905002713073,-0.29605676489905497,0.02712162187337651,-0.008233943559532816,0.009385351345368597,0.6937665410954189,0.7200917394138846
0.4954472781330378,-0.2491635008214257,0.023031559474090413,-0.007028555041430524,0.008395893694472613,0.7052356007924367,0.7088884781875932
0.5189772231071894,-0.20002959434709344,0.02023842721548251,-0.006715610568911728,0.007177585961333091,0.7146242432774184,0.6994394674590061
0.5356656368935249,-0.14880780825219864,0.01661119812038229,-0.005910349381362566,0.00612866722770308,0.7218259095733777,0.6920223070987105
0.5486426563227442,-0.09709457924445697,0.014639271918131969,-0.005422793328670221,0.00607789628106201,0.7275643999812625,0.6859910299153728
0.5568225452295474,-0.04295494445264325,0.013559042541316943,-0.005145356754461961,0.006348978705779744,0.7320069244466595,0.6812481816184423
0.5592784290034082,0.011683033576269208,0.015761769307452874,-0.006426575474910425,0.006162236563971766,0.7350871739487639,0.6779141187734755
0.5604902112125035,0.06785238679050787,0.016354536589215755,-0.007178902243546247,0.006221751125288038,0.7373645232206505,0.6754282528294648
0.5593030149021256,0.1265881983356152,0.01713688659112564,-0.0076226959375483,0.006567300994427381,0.7388722024199486,0.6737704708478629
0.553983196569066,0.18551606155674016,0.016545428526098083,-0.007216789504852914,0.007307439741438116,0.7391490172503271,0.673463608098488
0.5473850947631214,0.24559087649606082,0.017584446710313728,-0.0071076197292514656,0.008876934304379054,0.7388432307922587,0.6737814016314126
0.539703933118516,0.3082115989098999,0.019218162019815327,-0.008402921425593122,0.009240519539492346,0.7382977163786092,0.6743593126329362
0.531044819025576,0.37076167379672054,0.019118353890670563,-0.009141175886174078,0.008546542593372088,0.7376039169743364,0.6751176643800301
0.5230979457154722,0.43667687084468865,0.015816032946798397,-0.008808225441310739,0.007061058491072124,0.7370363336358073,0.6757588506856215
0.5180240198476507,0.5033515594194764,0.013432227072305,-0.008579956436994395,0.006933726329121812,0.7369361856176695,0.675872300469447
0.5118183995970702,0.5720361530693481,0.015199955188220704,-0.00942319383478038,0.008224653709261062,0.736580010693194,0.6762347656568298
0.5045978760543279,0.6428243145407235,0.018130019340923315,-0.011302649587210162,0.008942294916154137,0.7360590359913098,0.6767639074560279
0.4960613109546847,0.7150931640774829,0.01932072101408633,-0.012238394036934226,0.00947406620646642,0.7353894651971108,0.6774679396801462
0.48842805520692767,0.7869871151205858,0.017590647960583766,-0.012524663366965868,0.008747317665692558,0.7348339035735887,0.678075032821427
0.4818707886349884,0.860296429368987,0.013245061531770463,-0.012176635228270515,0.0069553329509977075,0.7344585406297254,0.6785086584200224
0.473826443317234,0.935330251790703,0.011359657524593197,-0.01235703260620357,0.00633673148105766,0.7338727215065712,0.6791450251247281
0.46527908332680495,1.0115807459013517,0.010951290351043003,-0.012064192989924404,0.007956394330856981,0.7332600038625613,0.6797947661941678
0.45868439270808464,1.0880239255684043,0.011636361662213907,-0.012226429154013358,0.009327935761624473,0.7329617505490978,0.6800960047615731
0.4516623633073263,1.1669693399262906,0.011924907372287824,-0.012469193187517602,0.010211120057066496,0.7324945716854755,0.6805820661985456
0.44517310239870017,1.2440527755536417,0.006356776962014157,-0.010568465315384638,0.008912613231919364,0.7323526174477614,0.6807852203488882
0.44000920949537775,1.3213480787843719,-0.002641647378869433,-0.007357338847911984,0.006931643401831707,0.7323678855294188,0.680834122297259
0.4346845656875594,1.3998815504430007,-0.008514325593768801,-0.004662114714738125,0.00633607480582082,0.7324225697697789,0.6808048961858791
0.42812138872472605,1.4804400063010061,-0.00837365355376371,-0.0045267299067706535,0.007153039355362578,0.732497029980836,0.6807176057178732
0.42120847414171486,1.5635061694775922,-0.0014099662814036629,-0.007451920223097115,0.009471020720355562,0.7324286058292033,0.6807371726923676
0.4152524285868831,1.645226939232352,0.004470985837390959,-0.010424827932778631,0.011463209188448148,0.7324684761470955,0.6806246022261796
0.4090427544192236,1.7282958101362569,0.009478613148447862,-0.013124008466499842,0.012763261812994501,0.7326434103019506,0.6803664551564892
0.4031921197498414,1.809434744415102,0.007761104109226258,-0.013708148225987713,0.012116934641063932,0.7328512555113209,0.6801428735553849
0.3967728105717151,1.8897605171111334,0.0027831161427031292,-0.012372180549356609,0.010891775885552724,0.7329532782676951,0.6800792663954656
0.39052337408122617,1.9705409765747413,-0.0010491314050946887,-0.01141978868256331,0.010073757240849546,0.7331431623025454,0.6799038372827183
0.3829068785696542,2.052967003970175,-0.0008958995877449416,-0.012542206670395673,0.009860846954583368,0.7330313574165054,0.6800077015711486
0.3764657816152265,2.1328116378674284,0.0005689817718962931,-0.013646770434395258,0.01046194771694339,0.7330805016440168,0.6799244700521139
0.36786089511861897,2.213842704878361,-0.002529575101985454,-0.013364600934599815,0.009573089594480767,0.7328555920710892,0.6801855945084638
0.3614337067790942,2.2932917300135274,-0.009470532183791597,-0.01154790338698813,0.007522726301465569,0.7327996962246118,0.6803048251739389
0.35520608441493834,2.372056357588499,-0.012651635764624691,-0.01108537875331523,0.005538127424529216,0.732659062050093,0.6804830222817437
0.3468978072584172,2.453477661650571,-0.013734502617577943,-0.011056062817604505,0.005876285016732309,0.7323835354151628,0.6807772133256415
0.3419884538546798,2.53417334399726,-0.012056557961102471,-0.011407774474671629,0.007367361677227947,0.732399076524459,0.6807401838933644
0.33404344121407903,2.614494075004045,-0.009327691852264064,-0.0131294928495174,0.00878294781322398,0.7320526486224734,0.6810648940634065
0.328460809110066,2.6947443305586796,-0.004519504054603191,-0.01488371167647053,0.011144564314174286,0.7318918830161536,0.6811670568374318
0.3222738336130866,2.7765099974155607,-0.0015242296068160854,-0.016476352600979214,0.012052151363228224,0.7319151024473676,0.6810899890538531
0.3142993245648289,2.856839625223999,-0.00311523565212507,-0.016457665522640916,0.011950748037657277,0.7315994205289448,0.6814313132700518
0.3097226669196381,2.936647752434591,-0.011602316437446109,-0.014445324689730327,0.010316370145403026,0.731804055128452,0.6812838916156922
0.30279867783207826,3.017563905806022,-0.01715471145010894,-0.013258398927917235,0.008672259353408793,0.7316360156726375,0.6815113857793471
0.2955448978277614,3.0972002943020174,-0.019735915662696335,-0.013729740088566901,0.006556299953722551,0.731552663196548,0.6816151499428275
0.28988457124782274,3.1778138734087067,-0.022012591469904863,-0.014319089694665225,0.0048694056595041165,0.7317948431936127,0.6813571389626323
0.28507922204768077,3.257141240365912,-0.024170644001531905,-0.013062770631653989,0.00486995020403711,0.7320535304245649,0.6811044382183027
0.280036345391882,3.3377358645315685,-0.028976256708753922,-0.010394366003086153,0.004799022477213754,0.7324879564629737,0.6806837240523665
0.2749477721421538,3.4172495363076276,-0.032358975406097834,-0.008203954160835584,0.005644515820072811,0.7327247491528269,0.680452259117917
0.2723107783655472,3.497340746710698,-0.02924126620448493,-0.009258794751060178,0.007249649786001531,0.7335437940663583,0.679540444228775
0.2672333842992737,3.577443772142333,-0.02361039288669961,-0.010706164111190694,0.010086370696009551,0.7340948081638276,0.6788876790512608
0.2622081116840175,3.656787313252182,-0.02120998320207257,-0.011271615785624306,0.011977158211561758,0.7346554063064858,0.6782410607473871
0.25771825574702667,3.7362577113414677,-0.02218673621080086,-0.0110731935499083,0.01179773708488642,0.7351706145721376,0.677688990125959
0.2508982677359148,3.8126574262641704,-0.026004320302312145,-0.011035911147759783,0.00925489050548659,0.735454064902545,0.6774215017284042
0.24534313978863706,3.892277253614729,-0.03081947195840165,-0.01112918366084988,0.006531145486949872,0.7360726954687243,0.6767794879453208
0.238339438406698,3.9689581014159723,-0.0322646420616729,-0.012392395963172334,0.0043055064866006736,0.7364182450209864,0.6763993369339832
0.23156830979549062,4.047252344539278,-0.030899291536659046,-0.013237619397857805,0.004608788259881256,0.7368267622941848,0.6759362897363869
0.22544486752486803,4.1240191846672785,-0.030459353884235818,-0.013633841773130737,0.005005805545704251,0.7371919775135406,0.6755272382394822
0.21961976200257832,4.199428103472273,-0.030981617018340235,-0.014359454396019138,0.00421847535373173,0.7374434795856893,0.6752430020904155
0.2128571909258152,4.276153130155725,-0.03226482208291115,-0.014546692791108057,0.003750606203247196,0.7376507747647401,0.6750153076237532
0.20737883151787181,4.351468109098199,-0.03167337609363957,-0.01475793062679801,0.004820794040271827,0.7377643186356976,0.6748798317481034
0.2000815156092635,4.433243085577032,-0.028962151474898556,-0.015429406949727885,0.006507102514259466,0.7379093933960885,0.6746919996072682
0.19145067387837233,4.510654588262149,-0.02691164382180422,-0.017135037322089146,0.007610015915434986,0.7377527712531551,0.674810572376344
0.18462922144604216,4.586115291765642,-0.025468013077755203,-0.017832906911721166,0.008367988472802151,0.7379002928872541,0.6746222101635029
0.17696839057790922,4.660230958948993,-0.026573320321590987,-0.017603318633833014,0.008575336627337605,0.7380346336583957,0.6744786563832085
0.17265541883582086,4.731651726467805,-0.02960095706748639,-0.016500611479774697,0.008343801653806193,0.738370821353653,0.6741414088205857
0.16503800433620397,4.803576513466464,-0.03322681074745082,-0.015277370910057262,0.007278335774083138,0.7383582675341644,0.6741963417068972
0.15913258325307175,4.872731346356334,-0.03725363129772008,-0.014303324684609476,0.006220530436692296,0.7384304031469963,0.6741492680963601
0.15182040217118953,4.941247721879648,-0.04040567964792274,-0.013711124911348344,0.005199398615122035,0.7380753537407927,0.6745589260063897
0.14373307760105292,5.007948762783105,-0.04157190544977246,-0.014284031636196452,0.0039367689430138885,0.7373406436493669,0.6753586194500797
0.13423142152553127,5.072789315161714,-0.04076298676134149,-0.014780070829428714,0.004247020209962261,0.7359561029670971,0.6768545932018345
0.12443279764954641,5.135386757687368,-0.04107773103288054,-0.014548298666477135,0.0051386816485963355,0.7340790091241325,0.678888771031858
0.11124368784027815,5.194480961098636,-0.039370902592712836,-0.015156930534874323,0.0058702592846008065,0.7314809861783874,0.6816680678606399
0.09833033204826239,5.255978696589251,-0.03778440764213575,-0.015990674308211994,0.006126194778097685,0.728455201865087,0.6848793978163489
0.08314418509495958,5.315765001474658,-0.037573099104974084,-0.017238697372085,0.00580551496480318,0.7242991007651163,0.6892459094662002
0.06684477735982888,5.376116546616649,-0.037503155372495656,-0.018591809675857836,0.00527349823764307,0.7191618879352188,0.6945737560232552
0.04766909289786547,5.431108908229645,-0.03736990991055525,-0.019409030831744337,0.00513900585451869,0.7127083338100731,0.7011731019580487
0.026318603315174854,5.482746644461567,-0.036990685352597974,-0.01995223559521809,0.005147588543345308,0.7048094404814966,0.7090973537451295
0.006482476945815441,5.5347496523036686,-0.035612350340759824,-0.019748932394497078,0.0058813392765890895,0.6960409935025513,0.7177063054201233
-0.019908805766594706,5.5833195797234225,-0.03887101859365816,-0.018624805210172898,0.006216901737381013,0.6853004276197543,0.7279957432479975
-0.04874839242743602,5.632717991379488,-0.03965495570477584,-0.018113673800265462,0.0066830160072922215,0.6725812134384879,0.7397714188776191
-0.07973985973089126,5.679462802897939,-0.041409028417358495,-0.017483407495619788,0.007004961181232465,0.6583251039990481,0.7524980527434391
-0.11220860360492763,5.726443823783363,-0.041951986204287195,-0.016998283486069278,0.00731621562048372,0.6425318615231218,0.7660354637950121
-0.1457999974412278,5.775411170020211,-0.042545906123882204,-0.016645497657247953,0.008129395489930016,0.6247162338692992,0.780632084622697
-0.17811315038205522,5.828222157785769,-0.043387102124058496,-0.014952496013588107,0.009151758211511889,0.6053623896161766,0.7957568973055981
-0.2134996644969151,5.8794286590466225,-0.04539409180113563,-0.011218539347092228,0.010648130852331648,0.5843137040180695,0.8113804632724937
-0.24644827838190642,5.934371153647478,-0.049262584149445454,-0.007660290563728622,0.011152460718220337,0.5619602868611042,0.8270535600421639
-0.2774758699059783,5.9901606943140155,-0.052509548564664055,-0.004747859679300105,0.01163012516890184,0.5385214607613482,0.8425181456374791
-0.30460288607739,6.04868176935041,-0.05303925587039249,-0.004461453623855276,0.011804714143627349,0.5147637183335197,0.8572392062725558
-0.32953319482719623,6.109681270025994,-0.05482843862997511,-0.003258920000871646,0.012319147720216948,0.49075416071628103,0.8712048908717034
-0.3482056242914422,6.167294760452581,-0.05403108497456455,-1.3514900615730162e-05,0.01469980717341297,0.46740932815645664,0.8839187948366084
-0.3626113199024072,6.227162814581693,-0.05275960071726393,0.00478567652106574,0.01781700935135882,0.44369490886652785,0.8959879861823454
-0.37409504171437447,6.287124743938801,-0.05685966021576583,0.006844431036922393,0.016616489422185167,0.41987481684042854,0.9074040825388957
-0.3847179109216551,6.3500064087413834,-0.06441646252478295,0.007258340782161928,0.012593049198582373,0.39498678022596795,0.9185718178697938
-0.393819807039519,6.415934431318473,-0.07660492945531328,0.008330535854724772,0.006561542832503615,0.3686155567155933,0.9295214416555837
-0.39882713595572405,6.482598448150955,-0.08514795836946809,0.007421476655084878,0.0014590985716153504,0.34153849899625893,0.9398373474385001
-0.3996824794454289,6.553960362281251,-0.08850811284615379,0.007395398197882758,-0.0004285092307960617,0.313194379351634,0.9496601475614285
-0.3921531271756423,6.620945105490561,-0.0879029056930205,0.007382256461269066,-0.001073944678745791,0.2856609560611127,0.9583017052047631
-0.3806063978143014,6.692618241865927,-0.09031349634097463,0.006253782857863895,-0.0029136943709318886,0.25738210342293305,0.9662850768864545
-0.3607486948903339,6.760146531785129,-0.08792916027309416,0.0058147465579657595,-0.002358499348438004,0.23110299750145166,0.9729090519116306
-0.3339233393890365,6.822963162983204,-0.08505759766407395,0.002487374679258604,-0.0025213669069919266,0.20723279560784097,0.9782852465102104
-0.3020561217852027,6.882951996959883,-0.08530237917341421,-0.00011151418205698456,-0.0036883952517702693,0.1848842234763637,0.9827533792080032
-0.2617871716914145,6.936586499580459,-0.08240167026054934,-0.0023359415937342187,-0.0031658284298408485,0.1658154907848989,0.9861489463690665
-0.21530902545620512,6.983004273760696,-0.07962410524904662,-0.0025949688058540515,-0.0021858937656989963,0.1501186968182176,0.9886621638272878
-0.16364591975268017,7.022579039935161,-0.07803783222000871,-0.0023024687495834975,-0.0015103518774653827,0.13759092254337218,0.9904853156732929
-0.11016134641913666,7.059090326312999,-0.07533248356293609,-0.002016024454107803,-0.00033390593895348686,0.12652412311878597,0.9919614233934864
-0.05180649396133952,7.090942691142359,-0.07188572502695478,-0.003268350706293702,0.0009024796949891157,0.11729508632469555,0.9930913142714557
0.008742055061328302,7.120020232180411,-0.07028065239417519,-0.005506286218532967,0.001313180333360416,0.10956364971325325,0.9939636642551899
0.07169919392477464,7.147512557445629,-0.06806854720770628,-0.0072621070081834065,0.0018574424365029592,0.10269984548914764,0.9946841494725227
0.13903257016752124,7.173789669438868,-0.0682515856454522,-0.006675265885667628,0.0017630294631201797,0.09604804016215852,0.9953527574167849
0.20639368907851763,7.201609975561427,-0.06842838600015355,-0.00682245600510492,0.001564621068637365,0.08881137667434523,0.9960238712707591
0.2750688070165015,7.227120581914829,-0.06767908769560815,-0.00690763803378705,0.0019335239125278891,0.08137746060484154,0.9966575373409032
0.3466794267621418,7.251723957123599,-0.06617107108021147,-0.007497873175839533,0.0023022395054114204,0.07433924692513752,0.9972021630337924
0.4192700306642474,7.274997971600885,-0.06852198646282881,-0.00803660787123332,0.0007950802745229965,0.06781109323823423,0.9976654966399341
0.493758952597265,7.294695812130183,-0.07223149907851933,-0.00839564865392921,-0.0017377099634956024,0.06241315525947615,0.9980135798266179
0.5696268357464911,7.311216653084182,-0.0778409455085971,-0.007489857471586468,-0.004699630226561989,0.05779364733660658,0.9982893960799217
0.647251687214909,7.327223630859967,-0.07628762287059132,-0.0076548301391782475,-0.004647541714227755,0.05375921385811798,0.9985137713317881
0.7287788048694319,7.343033707720003,-0.06985671089168388,-0.008488466241389993,-0.0018393769441249865,0.05037520957001824,0.998692596633581
0.8105452665880486,7.35828423511557,-0.060329446210919624,-0.010340140127965618,0.0021501011439991335,0.04770462723012565,0.9988056516002587
0.8912099342714677,7.3701905102878,-0.0549367558992333,-0.010725188856283142,0.004146321554721168,0.04555614874664774,0.9988956015377453
0.9735840489084602,7.380810470887485,-0.054946990152649144,-0.010047634257036971,0.0037124985506561056,0.04398974750870878,0.9989745500075018
1.0546629593758725,7.3927593575098145,-0.05498914769662111,-0.009960589544618693,0.0032985220608342538,0.042119095468986664,0.999057504440385
1.134902370143633,7.402216604656689,-0.052363206735377865,-0.009425850992442796,0.004397906789780363,0.04065856463957503,0.9991189607089079
1.215264482306611,7.409028542088275,-0.048779539590155796,-0.008231106051176848,0.005786763967993687,0.03970720237118135,0.9991606975092897
1.296762222230119,7.418829850245602,-0.04636208451577062,-0.007479131746553246,0.006640014449345075,0.038167193204679255,0.9992213197724298
1.377566288653623,7.42880030098519,-0.05039426924475032,-0.007260854812043625,0.0046145677414021575,0.03671608303504942,0.9992887008675047
1.4574893930318664,7.43736235676945,-0.056882153090463516,-0.008534500977876428,0.0008835390705847909,0.03576300574866637,0.9993234670496396
1.5372334789634987,7.44489403863127,-0.06236284489667554,-0.00925623849221845,-0.0027777813253216507,0.03491678602955469,0.9993434926565934
1.617489977273474,7.450688189934805,-0.0652208076045806,-0.009462528406103659,-0.004816594902607739,0.03439850331083088,0.9993517905660085
1.6984487407103823,7.460002026141355,-0.061883717388090176,-0.010191148713300777,-0.004024770582398319,0.03320406981598113,0.9993885301672472
1.7781019865946037,7.467880714913852,-0.055626320585357714,-0.011871190978375242,-0.0021172025216136072,0.03209568180735448,0.9994120583095736
1.857622999872964,7.476147337904756,-0.04735997307730072,-0.01337596515113512,0.0006992054864921003,0.030849088076763766,0.9994343036736236
1.937827776528953,7.482905686999934,-0.0447206099706019,-0.012102100492342371,0.0016089581350883936,0.029803813593033936,0.99948120816042
2.0168148390938376,7.486562404977264,-0.044111235311753205,-0.010305834665321156,0.0015589744577722226,0.029585066833526918,0.9995079245446389
2.097542507784692,7.4938263040268,-0.04246097831409712,-0.009711718204934043,0.0017593374303080745,0.0288989863248441,0.9995336041013549
2.176574214022786,7.499526831952908,-0.042592589191658425,-0.009719803213358734,0.000981841509762976,0.02833858332711869,0.9995506439307282
2.2570638641740377,7.502929270547637,-0.04249970941128414,-0.008635663873411963,0.00046515185945382963,0.028266558497871422,0.9995630099242138
2.3388471616455098,7.507772746151434,-0.04154124251663205,-0.008342348177731366,0.0004650507518851818,0.027911694572580716,0.9995754801171501
2.4202401744907207,7.513976270850088,-0.03967554009094443,-0.009612218463331735,0.0008356378717746442,0.027431182836426038,0.9995771273934069
2.501994997495526,7.520209980097823,-0.04015461525991615,-0.009337213797862938,0.0002367687759614312,0.027154388684513513,0.9995876147401261
2.5854703638759835,7.521440111120783,-0.039196719587408196,-0.008814545556829059,0.00019156387408071586,0.02848376488869632,0.9995553697112183
2.67014713452729,7.525953642916076,-0.0384781594006422,-0.007675167796644028,0.0002904998025071715,0.029268125383576458,0.9995420942363779
2.755046840160784,7.5305238532020855,-0.03685227261619245,-0.008961753504244756,0.00033968455101118203,0.030469589849604125,0.9994954535088462
2.8380011224243575,7.535210781650949,-0.035542577982500934,-0.010550216024626921,0.00011968001971291444,0.031767013121345694,0.9994396114755263
2.9205890967951227,7.538808959587742,-0.038748069069860724,-0.011605456803591678,-0.002256304007619459,0.03304359361326975,0.9993839825219947
3.0077613007800563,7.542436483998985,-0.04145546893053753,-0.01177943191450392,-0.0042262215898831385,0.03434894981214218,0.9993315414584316
3.0946437864334886,7.547229917185923,-0.04091395619740634,-0.011408529520206526,-0.0048107908252613815,0.035265745847332,0.9993012714087969
3.1820089757601853,7.551461357724962,-0.03762133933458989,-0.011156592249303966,-0.004148669965219643,0.03640984336090213,0.9992660496353102
3.2690951476496872,7.555561813934565,-0.03525819001440378,-0.010450976034925247,-0.0037018896559061474,0.0375707424825506,0.9992324595521204
3.3586978388479665,7.5608819840879535,-0.032053158957197514,-0.010494625973576853,-0.0028058542606493016,0.038452599022440345,0.9992013737388289
3.449395286593391,7.567987364163834,-0.027405435040280146,-0.010026929132055743,-0.001022249353740348,0.03893920905245796,0.9991907481191274
3.541183889464212,7.574209589906262,-0.021274384198830765,-0.009526875195193487,0.0012610737711678125,0.039511641877463984,0.9991728893669014
3.6322203295788897,7.583529749542033,-0.01778085158149345,-0.009915465100997724,0.002403779711603707,0.038975251617886286,0.9991880935607051
3.723450549032388,7.593249387739841,-0.016364523781819074,-0.01131972026665768,0.0023712266321392517,0.03793593610501999,0.999213244472962
3.8158341978707346,7.602126991715486,-0.017032956377821762,-0.011577594498980364,0.0017253035626998497,0.03708793221454518,0.9992434500832016
3.9072859119311873,7.610311211258461,-0.01867819166919804,-0.010296771546122397,0.000647214890573172,0.03630935449467343,0.9992873364398083
4.001642482590427,7.618878694709614,-0.019899530505623098,-0.008729639855945492,-0.00035085313063436697,0.03532437633380982,0.9993377071911138
4.095807346212186,7.627980478278317,-0.018582098190797577,-0.008047967389931398,-0.00036254430009877267,0.034338057566403984,0.9993778021643731
4.18620762364328,7.634678459581611,-0.015065108805095484,-0.00664692999291193,0.0009152211226508683,0.03394246587495198,0.999401263463865
4.2788905640046115,7.642162223309391,-0.010398097477576362,-0.005343545000174951,0.0023220217433547355,0.03349820444553674,0.9994217944447168
4.37066990321689,7.649134412425508,-0.008519606615324804,-0.005035578243122133,0.0025092094630570125,0.033163406650160765,0.9994341098488634
4.461995522998385,7.656279844379106,-0.010460915467398468,-0.0058919939877888575,0.0008393684766556813,0.032672929034167214,0.9994483707779775
4.551648144462702,7.663860083926706,-0.014525565617139469,-0.007090514046806314,-0.002130339749103395,0.032310860288928954,0.9994504431804339
4.641969503065775,7.669563119997233,-0.01741463396540044,-0.007613413272967089,-0.004676075988143106,0.03211326829516549,0.999444300507408
4.728479469954538,7.67921507561545,-0.021643398402061198,-0.010617989079926688,-0.007960236110426063,0.031390806650411114,0.9994190883155997
4.81848108347856,7.685522669366514,-0.019665330183230578,-0.010643733411076429,-0.008314926687474857,0.031028158799558288,0.9994272514100722
4.909052010646031,7.690288840840523,-0.012791547524069191,-0.00888863713166946,-0.005428303551664837,0.031112821830020263,0.999461610224742
4.9986459300117225,7.695879135513805,-0.00024369862286491295,-0.008207470834709595,-0.000531637272122296,0.031381611043899964,0.9994736344126541
5.087928101716901,7.701014601155847,0.008795526064484527,-0.007542259778155678,0.0030999775209422753,0.032003469370789864,0.9994544910620463
5.1772133278024866,7.705461345722094,0.007045327222599873,-0.006321581505092002,0.001938211324815432,0.03321921289825793,0.999426215185336
5.265102775689201,7.708881397555308,0.004629081369266458,-0.004562492705066214,5.0433219309578754e-05,0.03419927985539047,0.9994046182281264
5.352064568943182,7.710292496575323,0.0053865283768217975,-0.0037814279858458645,-0.0005143934007635722,0.03587585760922689,0.999348964960386
5.439335991487088,7.715423045627218,0.0048348729891961595,-0.004940167940064879,-0.0017155241481401672,0.03697551860018883,0.9993024867018557
5.527215478850294,7.718485748845241,0.0035714440569243333,-0.0058488424510347555,-0.0034563474980325074,0.038848967932536435,0.9992219908470108
5.615103758467933,7.722408199983313,0.002145098574298565,-0.006414018942317753,-0.005263995388491786,0.04076821994668249,0.9991341806374382
5.7026073024510735,7.72607873575369,0.0007859663528333449,-0.0072521961222887996,-0.007229942048672939,0.04253493856585008,0.9990424996176729
5.788279584937611,7.732876786559908,0.003407060853148458,-0.010037654476821836,-0.007459419144638491,0.043930929339303905,0.9989562920969507
5.873622621771814,7.74008706218004,0.007674089410168339,-0.011397959753055895,-0.006615520659458882,0.04547536011782166,0.9988785281571935
5.959885126882406,7.7450253356175285,0.015845856600333885,-0.012774557848841607,-0.0037309925560650285,0.047479625533832975,0.9987835488873452
6.045194371595569,7.749932650737604,0.02320952470963611,-0.012791560196980562,-0.0010315133771651723,0.04959183491889203,0.9986871207332195
6.1281257449829605,7.753780982225553,0.02843532490648082,-0.012588722755516793,0.0007662496372012425,0.05203145964302229,0.9985658002035895
6.209979514029655,7.756641356022884,0.031168197765916617,-0.012138738474616795,0.0015112224194354566,0.05523880402822459,0.9983982356056454
6.294547089293224,7.760702287726749,0.035745312288788966,-0.010846669629670234,0.0033682562053248257,0.05838288691055152,0.9982296576597087
6.37544657311712,7.765054384432289,0.03697132830122696,-0.011011652978677287,0.003218891282716693,0.06144367340362245,0.998044613053657
6.457952579782752,7.77154375607963,0.037093603981812606,-0.013541272906257019,0.0025503857151386333,0.06437383502645638,0.9978307127850997
6.540651041382554,7.7774107086982545,0.034610760988052824,-0.014906053342018505,0.000588441418037655,0.06744441901708567,0.9976115089009028
6.621266409868218,7.78267400269703,0.03284638549682484,-0.014295298968349296,-0.0007534625005362081,0.07063975020470506,0.9973991666228502
6.703660961688043,7.788855900476284,0.03323918197908743,-0.014808408863064126,-0.0014578372319247804,0.07346985498747695,0.9971864279630966
6.782842126751848,7.798399224114103,0.03946125635463993,-0.015765458226555507,0.0010840246575959148,0.07557802264989688,0.9970146634435408
6.864525411911887,7.8058830299120086,0.04454865896288496,-0.015796196582778515,0.0030909762380472816,0.07857562075975398,0.9967782081203351
6.943779130291153,7.811848646172976,0.04879674909623688,-0.015458783195136884,0.004322327642243287,0.08201555318323386,0.9965017791986732
7.024119096467702,7.819215571582421,0.04587386569848739,-0.014477403457955895,0.0024728379752560906,0.08542327383444702,0.9962364992066935
7.102206238302729,7.825067498973581,0.0396422275853579,-0.013184312774677851,-0.0008562479540889514,0.08973092841593822,0.9958784057613536
7.182583963350281,7.829754297167348,0.03894334594410165,-0.012119784084168932,-0.0017612938336981924,0.09452861741085507,0.9954468066087698
7.25931970039988,7.837318694605438,0.04316246957423253,-0.012003635605905368,-0.00016258564223448464,0.09956685811296424,0.9949584474944673
7.34075594558662,7.843130904260313,0.048961906526488796,-0.01139088627250474,0.0025955464973953578,0.10543892060683499,0.9943571473202804
7.41987084067704,7.848789660130215,0.058292227897395854,-0.01161347738964134,0.006704507772479702,0.11169234432881531,0.9936523512481764
7.500700772986779,7.857849634573286,0.06293710617729964,-0.012071221920241399,0.008314202108784979,0.11728018266810603,0.9929906868180967
7.577424516461301,7.868914056070643,0.05902253164618809,-0.014333494232828535,0.0056710565025732025,0.1227127766235359,0.9923225070684003
7.654960228537206,7.877684079877335,0.05103534191825787,-0.014340885605851795,0.0011687851613493773,0.12886328213515405,0.9915579803729273
7.732086456457283,7.886992453788832,0.04467343686573644,-0.013935653878014513,-0.0015869711957253664,0.13517398715842066,0.9907226036075524
7.809469853111729,7.896745768111769,0.04926448146067397,-0.012573305048551751,0.0009709479605675958,0.14147445608862413,0.9898615855813281
7.8881311343243805,7.910677512246549,0.05778076441169411,-0.012640262002882055,0.004634082653459147,0.14713712921719338,0.9890244746318577
7.9679419091435495,7.9224808273648435,0.0641611572536025,-0.012411279453699523,0.0075376659947029145,0.15356652914810867,0.9880316121236179
8.048404604190603,7.935038770301272,0.06146905944401304,-0.0114567148065736,0.006435867469588255,0.1601133398491001,0.9870111649827695
8.124232618243994,7.951506694708014,0.05759646532225293,-0.01076526873504119,0.004223439968290439,0.16573095245720507,0.9861031983995342
8.200301529103749,7.96807859454862,0.05205097528538172,-0.00951591277346253,0.0010656207371827348,0.170497848153565,0.9853115168166405
8.277074092976344,7.987804886089608,0.04603592959335623,-0.00778416422886669,-0.0017340521042361985,0.17453822648088316,0.984618103949968
8.353391514701107,8.00937049696718,0.04611871213568186,-0.008566244587594507,-0.0027519321508865276,0.17835435239365158,0.9839251868061445
8.430051333726487,8.031711159915671,0.047577687125294865,-0.011382476650680687,-0.003366292820998116,0.18237766484840148,0.9831568962083647
8.506565347437569,8.052659220701244,0.05185191266645166,-0.010788153456222107,-0.0020090629820183237,0.18656650996756566,0.9823810424813011
8.583811193932897,8.075010291311413,0.05843087785234413,-0.010761147763895225,0.0012099196014086228,0.19072972301590516,0.9815828597062274
8.661313717507364,8.099212318576116,0.06677534542101249,-0.010941851929663194,0.005358578205196739,0.19428912011126337,0.980868641738536
8.7383712969515,8.125116108873158,0.07482519103545471,-0.014976721821199683,0.00795860240546915,0.1976100650758117,0.9801339797596332
8.81274211103814,8.152211104657749,0.07294395017921751,-0.01844619172745078,0.005753940383288818,0.20066798372595898,0.9794687285423733
8.887144302121941,8.17910895714333,0.06562435921253318,-0.018174978824127518,0.001930137589833667,0.20353994020198854,0.9788960309419981
8.963097131596976,8.207378167311772,0.05728815018743738,-0.01471279766917557,-0.0012966784942472385,0.20610323630638824,0.9784187756272444
9.038453022054055,8.236237392088315,0.0566916647174307,-0.015031680797255628,-0.0019172614433217016,0.20827373422622064,0.9779531800236955
9.11291792628596,8.267768714536833,0.06317921478683264,-0.017960064014632446,0.00020749194662217778,0.21042634465475635,0.9774447080213593
9.190361306329391,8.29809689165905,0.06857886798900648,-0.018748552158199438,0.0022908571886297393,0.21325757680655644,0.9768134138105589
9.26664273246278,8.326459895577711,0.06724777377561697,-0.017026209391019294,0.0015636912644925141,0.21619482799159812,0.9762005249557381
9.341766771642156,8.357657459814707,0.062050020166069864,-0.016706743365703207,-0.00153371991250572,0.218717551775371,0.9756439772134234
9.416786206880927,8.390389963807582,0.05570662662189485,-0.016498460520388884,-0.0049436709768377815,0.22108344410094452,0.9751027985324043
9.490845727850148,8.423085492414248,0.05556172340040488,-0.017151781017099778,-0.005865227175313671,0.22332291093860387,0.974575951868889
9.566587685825674,8.454308740531474,0.06092143598445121,-0.018223897550114755,-0.003951201680242968,0.2258723071911017,0.9739784231850871
9.640712472048842,8.487261912335484,0.06492884165840263,-0.01877768410682175,-0.002937268241385992,0.22802940228331212,0.9734687246026463
9.713846726746288,8.518310392295797,0.0673278571994218,-0.01931433638440454,-0.002704150685118782,0.2305860018464605,0.9728564856756382
9.787417320784966,8.551284645438962,0.0670011246300879,-0.01842734121428683,-0.0029774183331815044,0.23301456707420584,0.9722940850757389
9.85880813429559,8.58345422135182,0.06801146299614325,-0.017522808267784205,-0.0030258898332011378,0.23521487477688305,0.9717807123008708
9.931827681685375,8.616879295290072,0.0695638201918718,-0.01705155903116391,-0.002708246373754318,0.23749259320225607,0.9712359004427178
10.004095960685603,8.65057573030895,0.0714632673276161,-0.017870295955230733,-0.002606984964369576,0.2397398240183892,0.9706691835790227
10.075293038932696,8.684800440764253,0.07264292801400307,-0.018203920272795573,-0.0027690621523958135,0.24209032301294386,0.9700789795630851
10.146601123535001,8.718279022562683,0.06976005889343606,-0.01736174978414464,-0.004665331935228552,0.24436630744169074,0.9695163203095869
10.217213311000748,8.75204941650965,0.06721691958589204,-0.015938519678804604,-0.006567111265207012,0.2466903264346106,0.9689410313559935
10.286902378722772,8.787607732241057,0.06650791991554872,-0.01562002183189914,-0.007827592188833655,0.24860092236480338,0.9684484073877718
10.356907157682036,8.823122658926872,0.07101703120749603,-0.01607718050400932,-0.00620817141121589,0.25047068044835014,0.967970780808456
10.426388512265126,8.859021439951091,0.08153363503714672,-0.016898916695718223,-0.001713010790376426,0.2521357968989841,0.9675427805759714
10.494577097728813,8.893044989592456,0.09100918405934921,-0.016553624716172527,0.0030551623430453215,0.2537214083909131,0.9671308537843847
10.560718559783552,8.92770886078542,0.09675836573983077,-0.015650228437336627,0.005796675999219822,0.2552081183857663,0.9667421036435524
10.625930908736622,8.959809240628609,0.09538172438357861,-0.01414992404170432,0.005708118571437288,0.2569593638367471,0.9663017546424738
10.689576202267402,8.992188414489334,0.09241560219527578,-0.013624409209186037,0.004020049148741717,0.25869233966613236,0.9658553114239907
10.75074359871731,9.024333053942064,0.09003514937757506,-0.012926525775455422,0.0027586712552205668,0.26024693400075816,0.9654516243453687
10.809702479298421,9.05610725257192,0.09018177103556546,-0.011932191359928495,0.002543537848452229,0.26171716125324357,0.9650675016102754
10.868253816676031,9.085236762306662,0.08920132504845624,-0.010931767080414824,0.0024277397210650106,0.2632960398438815,0.9646500922075142
10.92363538239884,9.11650618109797,0.09096945848468874,-0.011037774857695627,0.0029104521378255426,0.26444304344465197,0.9643337430800372
10.978680905020967,9.147635928205945,0.0923362353452104,-0.010456210850741998,0.003645734137944013,0.26564574005882946,0.9640071114158092
11.03044113950448,9.175692603728178,0.0942138990693504,-0.009662454343906474,0.004320614483926106,0.2669056869566764,0.9636645273114828
11.080507226949134,9.202786018970897,0.0945102376053506,-0.008755507609646804,0.004598550891999698,0.2681257598367674,0.9633331519976999
11.126827944873039,9.229675443721012,0.09463149512320679,-0.008397873956496877,0.00431930631291867,0.26913011948973586,0.9630575286877541
11.170733077927576,9.255374000842073,0.09031117803831368,-0.008754747537184906,0.0020560212183545995,0.2701049588179774,0.9627888840475434
11.214649771948595,9.277014201526843,0.08716193846421572,-0.008042728534472809,0.00024247783890773666,0.27190119857382256,0.9622915388989383
11.256270509756932,9.299249319908967,0.08573575601282313,-0.006304350657674913,-0.00037896863674758324,0.2737765597195606,0.9617725868557543
11.299453052766646,9.317168238016817,0.08677783517071724,-0.003945791220545261,0.0005552754024865867,0.2765839477325717,0.9609814998198587
11.33893888899121,9.335408355421423,0.08788718636972703,-0.004117418135354143,0.0011738791075851093,0.27961629539069294,0.9601022843294887
11.376765146653247,9.352012438737669,0.09026906241795096,-0.005948016074425328,0.001565034901897238,0.2830280250079963,0.9590919263395498
11.413224601810896,9.36985070487626,0.09387453543464674,-0.00846736990943504,0.0027511655465405397,0.286110795225372,0.9581551783587346
11.447182878577893,9.38840635700455,0.10185589220068891,-0.010396293018437535,0.005854076689145034,0.28898563985823494,0.9572590770853959
11.481191346602824,9.404357055203326,0.10627922822260882,-0.010719380792588435,0.007886002204971161,0.2926283389531681,0.9561336512000296
11.514394189136897,9.416158952839826,0.10643314816135097,-0.008881868334747696,0.008776639701596001,0.2970309752513877,0.9547861975365409
11.547195005793213,9.424753301875205,0.10895764199015223,-0.007693707706261541,0.009953898657955958,0.302681481008589,0.9530087306287198
11.579632598676483,9.431180425636816,0.10886908700703124,-0.006524127642106399,0.010649376144358942,0.3096341509223808,0.9507737393736891
11.611898227794466,9.434796264208915,0.11055866339912823,-0.0065940760388469,0.011281702781477422,0.3177685702296653,0.9480782552774635
11.644534685457472,9.437669952876824,0.1097701487801136,-0.007378580758922606,0.010660458756163987,0.32707067944396945,0.9449109335837937
11.676400814216223,9.438173080539768,0.10894186783772286,-0.00718881095195664,0.009648014086754126,0.3373165773508678,0.941314384125243
11.70854379501406,9.437704750775358,0.10478980980460267,-0.006736735780962749,0.00725155196342767,0.34797763556561484,0.937450590421094
11.73984054088056,9.437775216042825,0.10021474483746223,-0.005818519504501681,0.004925863274238938,0.35853505677369324,0.9334851285560013
11.769535679241724,9.439163602759793,0.0961858397293669,-0.007050475505431537,0.002290126376966998,0.3686931120669934,0.9295216099811019
11.799796490634003,9.440923304661318,0.09407015309371913,-0.009921874663919682,-0.00011392759666953679,0.37912582241226433,0.9252919300244623
11.830885297349784,9.443470168302921,0.09515784987756937,-0.011490812868591924,-0.000520294971058622,0.389851278282713,0.9208059901641281
11.864270927893369,9.445000160023607,0.09518865004211197,-0.010152637209155286,0.0004812172471691183,0.401349493329905,0.9158685887475346
11.89849499679396,9.446675354424098,0.09666166720106895,-0.009308473331059308,0.0016902282860368927,0.4133009107378825,0.9105453641757025
11.934629290764146,9.447847368629244,0.09882834928230544,-0.00982022710382288,0.002713986448546701,0.42633655425132017,0.9045072356182954
11.970675655500566,9.449532062589348,0.10179365083013803,-0.012202547038431011,0.0031691445398383065,0.44000272632181575,0.8979079302888658
12.005066028003753,9.453800213292904,0.1072039447678641,-0.014031321488349855,0.00469489701711158,0.45299024490210815,0.891392678133247
12.041687524362416,9.457728933776565,0.1097874242790251,-0.015492728925422422,0.005260900947835374,0.46652575441567473,0.8843562713904503
12.076639231296737,9.462715871606967,0.1120148138560193,-0.017508398994795962,0.005232717475556912,0.4798454530803774,0.8771627044027117
12.113712944193859,9.468294500417937,0.11581837314069432,-0.02008878151277176,0.005496657035402856,0.49347051018331023,0.8695131253721009
12.149986176653687,9.47471309231489,0.11835556081812548,-0.021598189525377846,0.005910116891951993,0.5071787999149132,0.8615499068202195
12.186746471112157,9.482662966084645,0.12027020257186294,-0.02139872622406305,0.0064524909227491834,0.5210119793940989,0.8532566795101646
12.227382019601007,9.491179579809236,0.11755270705568677,-0.020669045309700287,0.005113571073558091,0.5361840065378828,0.8438325461875837
12.268180344814734,9.502212051132737,0.11398801169857098,-0.01956934388503382,0.003514966276317344,0.5515514199818843,0.8339039006592348
12.311916664405095,9.515831917450898,0.11345255210247807,-0.019122663229152695,0.0031406607568586994,0.5683816128311608,0.8225368088816674
12.36204807236715,9.53245718337923,0.11211485986844671,-0.018634008924685908,0.0030263845163270063,0.5865641730702909,0.8096827071227276
12.41127434144015,9.552534760694275,0.1106067280692189,-0.01811295677895753,0.002699823133704685,0.6047629085379387,0.7961949831581503
12.46173414820651,9.576196903987709,0.10677844207928988,-0.01696320331933484,0.0020109770306117776,0.6236572108934209,0.7815112916779866
12.50920314859702,9.603574432079386,0.10476679974632397,-0.0163592590984412,0.001676689667785725,0.6421963857596826,0.7663637241810449
12.559202234985108,9.63331929896268,0.10443395247373743,-0.016230684754983057,0.001954212034015761,0.6611873348800054,0.7500427030287556
12.608545543319854,9.668733790953144,0.10750388750062001,-0.016671460374987956,0.0034174559504901924,0.6802843018046871,0.7327507463251782
12.655381128299803,9.708288953276337,0.11075616821290701,-0.01657520325842169,0.0059398416386503075,0.6989286130277433,0.7149746666169339
12.702988600894377,9.752467075964065,0.11183854292698747,-0.01636393814883781,0.007735782023677131,0.7176188846297719,0.6962007878592179
12.749971749536156,9.80072748101916,0.11428832355183838,-0.015587150165813357,0.010468730937261344,0.7360898418783135,0.676623373728929
12.79261242491169,9.852560928730528,0.11266716555092571,-0.015418038264135816,0.011414545591035205,0.7538133160024238,0.6568085530062923
12.830888473247892,9.906734756750096,0.11251348200088784,-0.015471264078170515,0.012543817473301019,0.7705956394785726,0.6370130660273673
12.865066329792523,9.967706697334306,0.11158488467273742,-0.01481908065975808,0.014077001086445242,0.7864990412852024,0.6172531913854046
12.89351110344081,10.029223621366333,0.10760402905212185,-0.013755057399200632,0.015183555387973674,0.8014862084658396,0.5976621901771697
12.919686155214588,10.096520230509885,0.10516181202817698,-0.012419111577464571,0.016933460847594423,0.8160333524513385,0.5776232462301008
12.93918153643149,10.164464702123276,0.10422820045507031,-0.0112028780058171,0.01927177263082759,0.8294519162112358,0.558133115442445
12.9540288002311,10.236092094181693,0.10257353473161857,-0.010335259003593614,0.02104436579106384,0.8420953701408568,0.5388188295141951
12.962193237609092,10.310681095698193,0.10060826517601917,-0.009711887618896997,0.02222899623823224,0.8536042743892498,0.520356906107136
12.962078504840525,10.384905117334446,0.09875661699658878,-0.009540602774953591,0.022822964123426857,0.8635520287744433,0.5036526122979886
12.954353101872433,10.45947236870677,0.09628442695018169,-0.009531162178579486,0.022723251390104338,0.8719409193051603,0.48899064043565643
12.936928337993663,10.53138467748049,0.09332014330539629,-0.009755872416672381,0.021796511689782715,0.8784456784095965,0.47724512567358146
12.912361540053068,10.60257129753162,0.09024929721285702,-0.009662831291432332,0.02096221984572782,0.8835285118836951,0.46780828398049223
12.884938703026368,10.672037173551914,0.08648831813869418,-0.009782559148217938,0.02015699885126606,0.8878309190364136,0.45962403950389147
12.851636284718058,10.740119082710752,0.08415057676177096,-0.009785236807147712,0.020583070716738604,0.8909898479099513,0.4534508465834037
12.8125834711879,10.80953050250077,0.08247594330562613,-0.009873661406819778,0.021203908638893793,0.89364910356503,0.44815644496829854
12.770596935401876,10.881009407622988,0.0807742018749078,-0.009915954350155876,0.021861404822107383,0.8959320211758592,0.44354206734035034
12.725383030022751,10.95080298276941,0.0794566055056789,-0.010463868275457668,0.021715432150643532,0.8976747011258828,0.43999897162983514
12.678198887263079,11.01979804185515,0.0774416631182202,-0.010794047641050119,0.021502550988602924,0.8991873555871688,0.4369018595086648
12.628087217663445,11.09057964053958,0.07520351247167056,-0.010790912620805396,0.02179977843028722,0.9003754819312362,0.4344333389843524
12.574641780437755,11.161865852963755,0.07238492638102301,-0.010848947165031323,0.021817927340331215,0.9012420170624885,0.4326304478605992
12.519929223796,11.234882978162753,0.06992719641015732,-0.010771027209785828,0.022404035338148668,0.9018928094640063,0.431244017904983
12.462053494931093,11.308096852374717,0.06803290673845508,-0.010832382995105125,0.022742366431797906,0.9021593045729988,0.4306669650150374
12.401453680178662,11.381482309617887,0.06464342672977708,-0.010604923493587118,0.022431111937450544,0.9022589061532148,0.43048024788263334
12.341664489097072,11.459223045883888,0.06139788517423561,-0.010104326802366781,0.02269270300795037,0.9025639352052033,0.429838676631138
12.279875745377385,11.536376670735551,0.05747473822949534,-0.009552556920278277,0.022619372688351055,0.902756419092184,0.42945075586523185
12.216398298559039,11.614564295678997,0.05638646837051198,-0.01001137497402976,0.023010061184005743,0.9029171017993559,0.42908159450297423
12.151299095535235,11.69324201133172,0.05639442009712958,-0.011473210791475234,0.022992430962377873,0.9030228821066792,0.4288232488616728
12.084200550965727,11.772387051515445,0.05512882192902957,-0.012565583330640598,0.023007212293207742,0.9031046841986208,0.42861953931980257
12.018786842058345,11.85447634993712,0.05134483166979997,-0.012214303859902272,0.023208782686733487,0.9033257066720278,0.42815279590629585
11.950377442688444,11.935715967683969,0.04690233395922849,-0.011275421942352678,0.023155868598854757,0.9034117533822846,0.4279998545313626
11.882997346681801,12.018883044986852,0.04327213447200151,-0.010651680343944502,0.023267466099662484,0.9035433602106467,0.4277318594420897
11.811386758635372,12.106675189108573,0.03908935738744912,-0.009886848616051953,0.024413067933419123,0.9036502462420415,0.42746053156305974
11.740543347117915,12.193487909646455,0.034860301323710985,-0.009055718698019776,0.025338110279647826,0.903879065010026,0.4269409986054339
11.67084833770122,12.28069349741574,0.030220795455768723,-0.007914190783924838,0.024980876765945445,0.9042313306878216,0.42623823678125417
11.599200927158043,12.367911676874005,0.024050937914687154,-0.00605396861553342,0.02417202736040065,0.904515242112885,0.4257126258231182
11.52453978050517,12.456097670426324,0.01796057473217516,-0.004849284142046853,0.022444071120110647,0.9046707863326177,0.42549207827226493
11.45024457067965,12.548811554735597,0.015300756799438098,-0.005081122785575709,0.021010965224095242,0.9048835713222589,0.4251099184775257
11.373778940687465,12.63609385798957,0.016998888010688162,-0.006332596294491159,0.02111732637993672,0.9046730840848808,0.4255356348587742
11.29779201790164,12.727373606078654,0.01684078226392316,-0.007643570964978811,0.02119664794298004,0.9047204131890862,0.4254095108748005
11.222351020426993,12.821322207023591,0.018849122627532466,-0.0085865417193554,0.022756932082446637,0.9048313843414579,0.4250747554564776
11.14526480380804,12.910669948409591,0.01842754284710324,-0.009232090184148962,0.023758113378327218,0.904678190180127,0.4253324488171182
11.0684196886543,13.002060487792317,0.01847803084192634,-0.009663400980227685,0.024590681615996618,0.9046555749007197,0.425323661542605
10.992002878144234,13.092676808698311,0.015304309109923864,-0.009540692827110809,0.02469463046423494,0.9046090577926627,0.4254193294204867
10.911961439541427,13.185209062235689,0.011180295238556681,-0.009913038239420241,0.022854159506110593,0.9046675332325158,0.4253893277260361
10.835035036130126,13.277122339873223,0.011327727111227759,-0.010644283183947062,0.02372847012774378,0.9046029958970345,0.42546103908428456
10.758224178678791,13.371375581792812,0.009938598600768955,-0.011226397402727772,0.024219637720778096,0.9048462881567455,0.4249006350323834
10.683765777895301,13.462293310105153,0.009424324213171076,-0.011746148652415833,0.02496040587559512,0.9049011337299518,0.42472690803888963
10.606241198130144,13.556271069758484,0.005461941446800012,-0.01151332345396908,0.024567831853376406,0.9051314554320121,0.4242651569111507
10.528046115750477,13.648277625281994,0.0015251577574879605,-0.01083624838289103,0.024780759716101667,0.9052536436548572,0.4240098186644573
10.451508782484307,13.742533253944037,-0.0017300772050816704,-0.010378147129765586,0.024755109960391854,0.9056546047655525,0.42316570174782914
10.375409870680617,13.836603971634062,-0.004843717317539742,-0.010275930718045662,0.02503214532695534,0.9059602422185479,0.4224971342102086
10.300246273474109,13.930102215461721,-0.008955088512488274,-0.009932133589614922,0.02479958257325797,0.9064280318635204,0.4215145924603228
10.223897642388609,14.020375641197933,-0.011464527672984559,-0.009890684827967145,0.02419193085377232,0.906637495332154,0.421100214490631
10.146694680555933,14.111264715755663,-0.016247163471637904,-0.009288028582172262,0.02378962891772207,0.9067912212112422,0.4208057341750102
10.071237832493466,14.202050034024547,-0.01793863522320649,-0.009664285460033877,0.02321523778226024,0.9069122328367836,0.4205685027476933
9.994966575007263,14.292599386001784,-0.02023395486126134,-0.010445675668925014,0.021726555692712188,0.9070429785575552,0.4203473262597918
9.918680459231066,14.381064660437353,-0.022045201611225806,-0.010689289378407319,0.021105954286863914,0.9068962292384916,0.42068934714152806
9.84044308380304,14.469591449431618,-0.025683728499362957,-0.010257402721561273,0.020461608708388358,0.9067132768690945,0.42112604006377524
9.763980715927747,14.557453603130575,-0.030138426304873178,-0.009821482148410663,0.019112997820960542,0.9063425921132287,0.4219968535391039
9.687258157365049,14.647298286911937,-0.03115854816487129,-0.009801118659001977,0.019739771698032062,0.906038374691267,0.4226212672426106
9.609229458686826,14.735370345293191,-0.030659332552342988,-0.010569389095308671,0.02081229663687829,0.9056104754829226,0.423467574964338
9.53531451294921,14.82564359542581,-0.02954731162533264,-0.012081368422055988,0.023302993320730263,0.9053583856290884,0.42383628616053043
9.459289053083916,14.916933807877408,-0.025562458868066074,-0.014664865079782293,0.02590731196606346,0.9051249278368405,0.42410212042905127
9.38046887834289,15.009527337592505,-0.029921270414938306,-0.01484186656018035,0.026335326481559576,0.9050442385925804,0.4242417810747322
9.306040763031621,15.099015990737442,-0.03722100104862491,-0.012972856132584715,0.025312218843137217,0.9050921245178793,0.4242631784347328
9.233630915005312,15.188770750873507,-0.04399950075670844,-0.011046156602830771,0.024133971561880234,0.9052833466054392,0.4239782941862103
9.157151096566643,15.27942062797787,-0.047118525136387035,-0.011029443225021049,0.02403062068510564,0.9052474296973695,0.4240612887962477
9.079684335131908,15.37032841968643,-0.047072998341384675,-0.012561231988249127,0.02439889983630205,0.9052981936002841,0.4238892386726204
9.00719256379827,15.459053583070336,-0.04873823031494773,-0.01296372462400923,0.02522414051673903,0.9052990577471418,0.423826977626574
8.932237149044552,15.55024514897562,-0.0535842912281872,-0.012003954296776555,0.025304295911633898,0.9054969338876472,0.4234275642424128
8.860143057330612,15.6381096448583,-0.05808097592272432,-0.011187691702078137,0.025096418487852035,0.9056921672594171,0.42304456470599733
8.785962560888619,15.722740225340399,-0.058390063373011,-0.012219128852357989,0.025037184030077687,0.9056129847559439,0.4231890327236104
8.712878588195034,15.817451224984765,-0.05936618995448306,-0.013642782205687841,0.026064124541422148,0.9059947328493345,0.42226542600230815
8.639266805778847,15.905961818631582,-0.059850360101364686,-0.014689925661883249,0.02732064956971263,0.9060893245193599,0.42194778766428814
8.564342356720882,15.995611921216291,-0.06486248331070499,-0.014298783773895887,0.028024001127024547,0.9063337550429439,0.4213897522923211
8.492075627229667,16.080706058212517,-0.07037386452355676,-0.01336145006398187,0.028200438935355104,0.9064236589642947,0.4212153390839551
8.421680836301562,16.1674014047794,-0.07626916894658464,-0.012302717808292021,0.028189598862917123,0.9066697332532531,0.42071841139228106
8.348962676399966,16.25269372230369,-0.07960967767429139,-0.012406383332302194,0.027033637163388313,0.9066537993335549,0.4208255677753467
8.27447444700792,16.334037880668507,-0.08398226977789491,-0.012514422474830277,0.025461117807228373,0.9063286418336234,0.42162010378457954
8.20036957443249,16.41839887509048,-0.08728657509776738,-0.012794796696463582,0.024234401008884687,0.9061140254383971,0.42214494103579686
8.11567240512727,16.51522337175436,-0.08686648471898906,-0.01402189769653337,0.023888870452212732,0.9057344581635158,0.42293947511890034
8.041204601503534,16.60116090752346,-0.08953627223199945,-0.014371651567561525,0.023517854161467452,0.9055432901977112,0.42335765721134966
7.968551823008414,16.687732964811367,-0.0934922329511032,-0.014027481015114026,0.023901477364428738,0.9054784367777989,0.42348640686709127
7.895478023261612,16.77367009504393,-0.09607686599475329,-0.013967345553675917,0.023364032917518863,0.9053536866141694,0.42378499442611245
7.826064701101137,16.856202521044633,-0.10045703910274639,-0.013506456744265012,0.022504455525153587,0.9052779970187985,0.424008107276916
7.756765680796827,16.9399983997675,-0.10373854426478601,-0.01315677032327026,0.02308676162189438,0.9052109187491266,0.42413098756862716
7.686295417097749,17.02525935116988,-0.10593155450653668,-0.013027567029100882,0.024960019741961825,0.9050620695426196,0.424346466423884
7.616038333141362,17.10942319881171,-0.10977249023883928,-0.012299554603724129,0.02580770682601423,0.905060884116399,0.4243200043653513
7.5458206453574865,17.191070304927514,-0.1139082554756854,-0.011486494111185816,0.025109043130823683,0.9048857614957831,0.42475800111871964
7.478812297895064,17.274122315938016,-0.12204461680229883,-0.00901878933133045,0.02515259656711217,0.9049170079430124,0.42474842264955376
7.408817089600983,17.35618101507503,-0.12467724989308238,-0.008315319090876065,0.02494402055913242,0.9047115190970775,0.42521255378360967
7.3401855161749605,17.437106664362584,-0.12591305170438005,-0.00940603235433465,0.023522365299528922,0.9045007941277868,0.4257188328357681
7.2641466744627206,17.52464936719114,-0.12514227376170695,-0.01057974033338976,0.023720025274190558,0.9042364969550484,0.42624145390162677
7.196710460193638,17.605689431341705,-0.12783854987569043,-0.010535623199357106,0.02320460297534637,0.9043322611861712,0.4260677264412614
7.133023430924038,17.684499053307093,-0.12929965157431766,-0.010184535681603017,0.023554567715736746,0.9043321211271625,0.4260573456736715
7.07101525751351,17.759470439391535,-0.1317336962068083,-0.009986398019193675,0.023798963469944014,0.9043080553718991,0.4260995472956725
7.0078788109123895,17.83449201215199,-0.1335104927360824,-0.010100809836459394,0.023307273598068497,0.9043229842896778,0.4260923318228894
6.9460435697059735,17.907415906072167,-0.1344608223956918,-0.010318691855146066,0.023137121535116382,0.904273846458709,0.42620066333725626
6.883769151323528,17.980728545381933,-0.13665985574434458,-0.010386521718438629,0.022568129719599622,0.9042499274637975,0.42628027562671533
6.826375946451819,18.05435560922933,-0.13673803899937909,-0.010700904155198065,0.023398263796426698,0.9044669384810538,0.42576704284692024
6.768498588684626,18.125072548031227,-0.13692044029849626,-0.011501042672687624,0.023751700248795003,0.9044944349642817,0.42566818469089174
6.708798561871164,18.194654507812064,-0.13641525473173743,-0.012615422362494457,0.024229444649765747,0.9044311950982619,0.4257440474523279
6.650910671037437,18.266002823758896,-0.13710968656253186,-0.013025782438385949,0.02518320890160191,0.9045101927577816,0.4255084806581607
6.594806298061918,18.33692289532864,-0.13700641102587596,-0.013339708543599683,0.02647079015688111,0.9046945047848556,0.4250284501519725
6.536985849033551,18.404100907297956,-0.1384701895765339,-0.013172628990668659,0.027738840601287847,0.9046323660618757,0.425085054645986
6.4840732911015575,18.47230016409774,-0.14013601285093813,-0.012969429409328657,0.02824346212219034,0.9049098859887107,0.42446696860873123
6.429203137700417,18.53662621928711,-0.14158524458687793,-0.013331372328503335,0.028145374460030525,0.9050907827256964,0.42407640087818305
6.3765466924191205,18.60064532468069,-0.14344063379954974,-0.012975828044508773,0.02883527360614598,0.9053010000170687,0.42359210735514147
6.326638781494512,18.66230745248226,-0.14711802145836828,-0.011976862222426839,0.02932291745512136,0.9058325233444153,0.42245018937291395
6.278628498404681,18.729121959540066,-0.1518842087254093,-0.0106269013410969,0.03023098907836962,0.9068967796749499,0.4201325925002671
6.232729068884563,18.793738292929163,-0.15397923299272165,-0.00974498708776641,0.031536211649885855,0.9083656493761195,0.4168721065457891
6.1898489261892315,18.85860016356047,-0.15658623782058712,-0.009051285246511715,0.03272258280959194,0.9104986897291029,0.41211581370369776
6.147420870299323,18.92284510911111,-0.15901175558416725,-0.008697195658487419,0.03391256678527484,0.9129208910278636,0.40663218601054707
6.10691934595827,18.987209031418605,-0.16057645348953997,-0.008444306326437102,0.03503813009082959,0.9157291037450607,0.40017652435307716
6.068819246272221,19.052540211398835,-0.1635160526280366,-0.007842188402955592,0.03635474084357172,0.9190920267741679,0.3922839212752414
6.030767002364875,19.11678097565165,-0.16592187921250456,-0.007045208885947935,0.03808523653219411,0.9228846872026156,0.383123639320159
5.99408823636578,19.182165903935683,-0.16935391154137847,-0.006158006293140322,0.039677929981166385,0.9271805083676908,0.37245677715456327
5.958982985433018,19.249911961499155,-0.17077564650122312,-0.006215260508704352,0.040463247270409036,0.9321191466486479,0.3598305043969198
5.925385013374707,19.31196990143838,-0.1724635396144052,-0.006994689727195387,0.03953229852987451,0.9372431959651604,0.3463574101718893
5.891265439441508,19.37637989784591,-0.17311060903683995,-0.00817382103468238,0.038337807343156886,0.9426097774447529,0.33158739274856236
5.854714107066591,19.4401396354372,-0.1744512115448984,-0.00902786803322246,0.03674814584668425,0.9481005106097454,0.3157110983873361
5.820140237601919,19.505397612070425,-0.1747603781048852,-0.00992845725236748,0.03603759616358684,0.9538987255502623,0.29779177035583404
5.785389441986462,19.571690916749077,-0.17647414382057036,-0.010399222737651396,0.03666356450894398,0.9597538426832305,0.27824485706803526
5.751040257870707,19.637368383756236,-0.17674872047839507,-0.011374239734900952,0.034251090228656925,0.9658767174584172,0.25647543773950554
5.715263023761075,19.702146251366734,-0.17880597610537308,-0.01167913220383723,0.030537176112170376,0.9716838587379061,0.23401189439850154
5.67801015569175,19.764914095548097,-0.1824451262591058,-0.011679274532028844,0.024655399199877658,0.9769754833544224,0.2116001439677281
5.641285247016789,19.82526480350603,-0.18429864804068607,-0.011507742505548436,0.02047581323862345,0.9817623100956374,0.18865597330314537
5.598626281987655,19.886927778440704,-0.18928575837828276,-0.010078219718520987,0.01717821058121885,0.9861080415137666,0.16490683376470147
5.554942482734496,19.946891626492533,-0.19117781066340545,-0.009349865069843906,0.016576272062611707,0.9899046986760389,0.14045104179070567
5.508707380003212,20.00727987645659,-0.19343328643264135,-0.009215832688409045,0.01597416785083568,0.9931730571928415,0.11518320813467052
5.4585223749600855,20.063411242841994,-0.19092386280513463,-0.01044130428851946,0.0160294380145232,0.9957275016497518,0.09033698435074917
5.406539425025031,20.11812921990619,-0.1891496161390951,-0.012169940541610115,0.012450499031253613,0.997748081996377,0.0647738630054566
5.351299497224617,20.16636734434884,-0.18365993179794737,-0.01513108843732018,0.007769778649601558,0.9990672365731987,0.03969048512205551
5.293394604618086,20.215708940552606,-0.1816397060601247,-0.016716678824394718,0.006489720207230576,0.9997426536349289,0.013894731124403007
5.234621905740522,20.262130723956805,-0.18534854249993638,-0.015994225217269013,0.00862532316498635,0.9997636172933317,-0.011936994526826181
5.17232839225007,20.31055070260203,-0.18746772095134023,-0.015547402762906394,0.012828778091398128,0.9990490176448857,-0.0386621694169817
5.113331221903231,20.347285283515887,-0.19097835577672484,-0.0142310568528861,0.014583070936977088,0.9977835813681064,-0.06334620638791544
5.049726199862599,20.38082960869228,-0.1934595886983539,-0.013480534611652708,0.015403438657788792,0.9959284701385358,-0.08779234448882216
4.985089569280956,20.414794022134508,-0.19729184741973427,-0.01222921769894505,0.01570698638167806,0.9934086231259864,-0.1128850887594977
4.916209118959344,20.445655194748976,-0.20128617400294502,-0.011357726303026788,0.016316681718908755,0.9901829316810901,-0.1383565289291192
4.84822102165019,20.473830524399077,-0.2033776942728167,-0.011566375687165524,0.019303154197701827,0.9862571313065959,-0.16367798322948002
4.7768560017744415,20.493270066683497,-0.2081433880631014,-0.01068554496089889,0.020093838525848107,0.9821182297430404,-0.18688459303417781
4.70623301072564,20.50711693814141,-0.20591349786018132,-0.011406715806429338,0.018165171139432192,0.9776616967530993,-0.20908735648168886
4.63554536519317,20.513988313645893,-0.2021926329016246,-0.013359082751833031,0.01708002413372324,0.973098623644728,-0.22936624519418616
4.565807371022008,20.51449358996159,-0.19775886994338965,-0.01585818935816923,0.018074915589763884,0.9685728387964542,-0.2475650744705349
4.497493127528497,20.509685512035674,-0.19705591866749117,-0.017397467609382898,0.019774307355473822,0.9642836068334711,-0.2635591381652088
4.432266559061288,20.5009651107226,-0.197477628062809,-0.01767740885660809,0.019742168179382034,0.9602195725073237,-0.2779858467145269
4.367686853153942,20.486209848592058,-0.19700345628222227,-0.01820170062884671,0.019433594140921613,0.9565456715536367,-0.2903642613818544
4.306143481339863,20.465583493966193,-0.19784810996808933,-0.017750859122958512,0.018584286700990934,0.9534325650617879,-0.30050936501864234
4.245162383414671,20.440229163569004,-0.19928224526714677,-0.017353354512966174,0.018315864790864802,0.9508614865929088,-0.30858682254001363
4.185519032198173,20.4111692242481,-0.20000177683581555,-0.016926146399093574,0.01792920701871746,0.9487407642538186,-0.31509206691121167
4.127251512879706,20.37922750779738,-0.20096120874021794,-0.016248051669662856,0.01698743254907157,0.94701542647082,-0.32032674350858586
4.072530112958356,20.343476952377443,-0.2033948534913268,-0.014751719424190138,0.015962421783623056,0.94576173149323,-0.32413319078748903
4.015350596507653,20.30596975618362,-0.20616675552363217,-0.014014908434679266,0.01657504653340955,0.94463300322519,-0.32741005925472566
3.9582211066290123,20.268287779994747,-0.20641818461048844,-0.014249529941669678,0.017443734755457702,0.9436707545476793,-0.33011844764113124
3.900768556707929,20.227025016620484,-0.2071197011376107,-0.014641235752288897,0.01916370182707618,0.94295933931296,-0.3320332362411483
3.8446210890431245,20.183607643849484,-0.2076672374280344,-0.013676057310397416,0.01806793416783484,0.9424726532325578,-0.3335143126759599
3.788588457989816,20.136179979140206,-0.20866433890118152,-0.012261107256803403,0.016048262993597545,0.9422295717553723,-0.3343584205625039
3.7308999781451235,20.08979558695661,-0.20888077542753702,-0.011790117591989115,0.01446168388133752,0.9419688842599204,-0.3351812451575675
3.669468787959699,20.043036447668655,-0.20849148655205196,-0.012808307169171399,0.015784855382988842,0.9416945479001341,-0.3358543698288067
3.6084379535188877,19.994198653573626,-0.20907057664833673,-0.01365232433158818,0.01822845205989154,0.9416528275972322,-0.3358143865369655
3.5455384830674292,19.942319600871492,-0.20966233507893328,-0.013301501619434745,0.018756547359812217,0.941715442961169,-0.33562372842028027
3.4836686782415374,19.889562144987906,-0.21322850709962093,-0.010539794438464417,0.017177032401533295,0.9418355746330033,-0.3354692361284315
3.419901089154223,19.835921249251523,-0.21937012582474935,-0.007190893156562789,0.017246741682742442,0.9419580638889219,-0.33521015326483816
3.3520020729059805,19.780563291611756,-0.22378388458069054,-0.005176334728111379,0.01810007268676948,0.9420311622537334,-0.33499683976543393
3.282296856419591,19.72377755805185,-0.22282048329487703,-0.005712324573319898,0.019111276828032674,0.9420975722862598,-0.3347451282616816
3.2108868942542412,19.665571835643227,-0.21951306221112427,-0.006425998983884368,0.017754872108425888,0.9421268016564633,-0.3347246044494208
3.1391050075779945,19.60519457955479,-0.21647306261214272,-0.006556843866835651,0.0149663913942867,0.9422008674774072,-0.33464986560059895
3.0664426017808846,19.544032786302715,-0.2144407741374179,-0.006490920586102299,0.012715734860350436,0.9422382777561027,-0.33463891935364176
2.9916522004913366,19.480855921021373,-0.21202229915366555,-0.00716930566481532,0.012199375836464337,0.9422340473298276,-0.33465622070817885
2.9122197306207025,19.417353651971506,-0.2096406363391914,-0.008583847787627078,0.011781682604309248,0.9421815568347447,-0.33478562156692376
2.8340180104564343,19.35001472784339,-0.20504880114474555,-0.01076778420731837,0.011375875456517352,0.9423658221200536,-0.33421743246950225
2.752652306361356,19.28454935567271,-0.20307861760534118,-0.01096036220972821,0.009489861862903192,0.9422710134967164,-0.3345372006688774
2.6698450685347925,19.2168952379353,-0.20490153991846238,-0.009334728163220736,0.008494075951312876,0.9421715850498134,-0.3348931376982868
2.5824062835953243,19.148770765006546,-0.21025584760557348,-0.007868230095591377,0.00969737890460694,0.9419991695644379,-0.3353827870756495
2.493704011942157,19.076841590767263,-0.20945658470947026,-0.008749905249486755,0.010911570693541608,0.9417957829611866,-0.3358944516110751
2.407959823729305,19.006001871195814,-0.20461374757189743,-0.011537456813178798,0.01073589525884205,0.9418921819156281,-0.3355454527841271
2.3183299778111,18.935914884021646,-0.20303704187495225,-0.013203862572306404,0.012110167466918963,0.9418242859935476,-0.33562780236633555
2.2291023288715137,18.863144908072744,-0.20365738702967306,-0.013233048468398597,0.01313752643085718,0.9417886392683427,-0.33568803575406514
2.1373132149539713,18.79167055600889,-0.2075926477431409,-0.011872055034310464,0.014893103266855117,0.9416311636423861,-0.336107133732059
2.046585648633063,18.716741882342824,-0.21193066417260553,-0.010608924919879383,0.017518745080168416,0.9416064211821523,-0.3360920852632593
1.9577976626484723,18.641751079197718,-0.21337405893643213,-0.009782234615900113,0.01817997474004415,0.9416127433500753,-0.33606433436304206
1.8679939194855344,18.562870942441567,-0.21354323968720346,-0.009158819932883738,0.01767333875170757,0.9419376329810815,-0.33519738052589787
1.774432361637364,18.48388740814014,-0.2100372741760026,-0.010086038898860481,0.0167792636590749,0.9420211176945046,-0.33498201509260267
1.6825669654223583,18.40430123177152,-0.20710808585407303,-0.011409403773295326,0.01575866475045439,0.9421709049718183,-0.33456759032215805
1.576398306908247,18.316901446879562,-0.2023280361272919,-0.013321411933768906,0.01615392471847831,0.9422799800446378,-0.33417064451458317
1.4813789505009831,18.23959448475591,-0.2012426868194339,-0.014844094481965645,0.018566722707541682,0.9422488260633808,-0.33406896783604156
1.3901386141265344,18.166763745399752,-0.199091033841853,-0.016745874295971876,0.02135249607085441,0.9422390131366764,-0.33384022496542176
1.296176530436528,18.09127958960848,-0.19735608409649252,-0.018582765232407386,0.022349747111964496,0.9422365855878719,-0.3336845514516765
1.2003211328445786,18.014586004668786,-0.19263986506017972,-0.021784335617942328,0.02297331830350446,0.9421502888861112,-0.33369222952178557
1.1019456455110443,17.938733480587416,-0.18856948589711653,-0.024967868973260247,0.023686009662933466,0.9419578107793406,-0.33396266604402747
1.0096159549267916,17.86180444616955,-0.1924897616521033,-0.024220465936633108,0.024848838660283767,0.9420357336790839,-0.3337133199657413
0.9137302430343296,17.786601478772816,-0.1991746101534897,-0.02066458143572177,0.025594281571955098,0.9420521131196099,-0.3338498459701459
0.8229745119781446,17.7084232785505,-0.20858694267258482,-0.016348111547659454,0.026693002890624228,0.9424430076862685,-0.3328984902034255
0.7279092539993776,17.632232660773944,-0.21047062359521806,-0.015257840502848195,0.027652673286729924,0.9425396566370542,-0.3325981368536794
0.6333296303556708,17.555249060805615,-0.2075075010756855,-0.016508350026414174,0.027262816516407346,0.9426440968766263,-0.33227448511953595
0.538556755817867,17.47898906223848,-0.20522881436455975,-0.017665869291068805,0.027292780071654373,0.9427516946602872,-0.3319070221811412
0.4442692456024958,17.403818829858714,-0.20335533910533776,-0.018214687768861888,0.027153877087031923,0.9428339614549698,-0.3316549632524481
0.35596392487874895,17.3285302971326,-0.2028217918933901,-0.017781170208127188,0.025275538531483756,0.9434313697274613,-0.33012458071891215
0.26553233498698114,17.251054026988495,-0.20202174054156785,-0.017207104533456676,0.023010442184120336,0.9444981606290364,-0.327257793818013
0.18694012654096404,17.174354871406273,-0.19926766082851444,-0.017499665348692225,0.02237270057986898,0.9460371487205862,-0.32281099410232156
0.10114776656098634,17.094711836285978,-0.20024470462932698,-0.017105436404559873,0.022899760861208075,0.9479231921519826,-0.317213861544627
0.01765482328463186,17.022045090093393,-0.19753547326722298,-0.018306930362057352,0.023958288002720204,0.9500560129116205,-0.3106194168822672
-0.06278210658767702,16.94421807587207,-0.19414436440373883,-0.020481984478803297,0.025691909046013893,0.952699495922859,-0.3021325505953719
-0.15028518537036795,16.865372987155904,-0.19225078524010897,-0.02223398345675739,0.026479983601107853,0.9555895709474057,-0.29266538367749234
-0.23035404615485167,16.786903168105102,-0.18930132799255794,-0.02331384948304498,0.02703291260984261,0.9590806932112761,-0.28087349463643935
-0.3102238967192248,16.70391264957304,-0.19046046201679,-0.023696677918010327,0.0284406603591037,0.9630575596332802,-0.26673907385913237
-0.39231206091450455,16.623273759651614,-0.19147873752899258,-0.0244304112259536,0.02962131911968184,0.9671117789927889,-0.2514369528535126
-0.479316857168973,16.542296214059288,-0.19290187134982872,-0.024869806248123006,0.031127486768155924,0.9710846195420847,-0.23538740975991634
-0.5669711591525308,16.467167092448214,-0.19383340096159074,-0.024800343719360487,0.03253952762490736,0.9747186114111861,-0.21965826862800386
-0.6557946612982464,16.3924720373513,-0.20367305882318476,-0.020744757844289766,0.03471999998179353,0.9782318876443453,-0.2035351457738826
-0.7443051264562373,16.32321639780781,-0.21215053204446122,-0.016126113465771526,0.035645312276573596,0.9815294675664188,-0.1872678978006374
-0.8383290639556984,16.25314926427368,-0.21753155296146964,-0.012739385530552384,0.03434415943217126,0.9846150695883094,-0.17085477879361
-0.9336057255809842,16.188500864969292,-0.2182526271234766,-0.011834930985924433,0.031932301850927935,0.9873185048329737,-0.15505626345178228
-1.0344259972571193,16.133220078614833,-0.21702220798542982,-0.011895226022593075,0.031479837925466346,0.9894015479848568,-0.14125183038322767
-1.1357565421567117,16.080392846886973,-0.21753991343333823,-0.011257698991379806,0.03222778582758382,0.9911316412415634,-0.12842395809919507
-1.2384983807160133,16.03090605792198,-0.21891218656773814,-0.010456383422517286,0.0337805354731074,0.9924812257586108,-0.11717750509754063
-1.346964788579859,15.990300489685922,-0.219442703409801,-0.010815560074135458,0.033197525980526985,0.9935435992447613,-0.10794468160470592
-1.4562795768213186,15.94813298545242,-0.2132244970742989,-0.013474998072906112,0.03169400423460195,0.9945658091183989,-0.09824852654606427
-1.5687389806112817,15.909639152565003,-0.21034634823972098,-0.014788939005235188,0.03149811733752984,0.9954262834603094,-0.0889700381396546
-1.6834886955880943,15.87657118220148,-0.21204892930247032,-0.01451717036906178,0.0315942957910382,0.9961408342191268,-0.08058834987676258
-1.797692548597384,15.84310713325026,-0.21644434167538518,-0.012462827189684401,0.031316987669543994,0.9967986286888479,-0.07250114791144328
-1.9137830426270863,15.814542554077548,-0.22017899859134715,-0.01118348802260964,0.03334401519382788,0.9972220743414457,-0.0656601726254539
-2.0318759010143115,15.791564018570865,-0.21879458129277984,-0.013092349773368461,0.035939663369696104,0.9974308912458779,-0.06056862151947615
-2.1536165453513774,15.769346209488086,-0.2122298418728943,-0.017622453054237514,0.03848279555997726,0.9974885860903911,-0.05678938033015564
-2.287761624861723,15.749527229056028,-0.2053901973009573,-0.022248955557169343,0.040109620874785555,0.9974187079745592,-0.055245911558186776
-2.4125008773171324,15.734204220775826,-0.20940718855225526,-0.022142646303016735,0.039367842282195295,0.9974890342506424,-0.05454822167688172
-2.53914660597067,15.718020906873473,-0.21533709623697916,-0.020627895613984204,0.03745646697677029,0.997622412732833,-0.0540465864681568
-2.6668673400102536,15.702369701964782,-0.22246925661707095,-0.01833702329293121,0.03495597513689618,0.9977833648212873,-0.053574230241208096
-2.795272948483161,15.686388230936616,-0.22642231147981517,-0.01707034783117025,0.03072506788393124,0.9979573562399299,-0.053345099384688295
-2.9254480529733318,15.670829769973807,-0.2276768956006361,-0.017119133732281605,0.02835236796888872,0.9980294959539053,-0.05329356267290505
-3.058790732038423,15.654983046692315,-0.22803754269367094,-0.018156010032874124,0.027085476633910095,0.9980349530666944,-0.05350669904086459
-3.1932294319655075,15.641600444408946,-0.22814069113923097,-0.01909930498033358,0.026276182124595936,0.99800740591342,-0.05409254945756563
-3.328128981249775,15.628483781021874,-0.232655140229733,-0.01910414298626131,0.026562831051229877,0.9979629257340379,-0.054767064333712714
-3.462804332414888,15.61395686798084,-0.23591368337812924,-0.018519230843489953,0.025257070659168976,0.9979691745798365,-0.055467480234402865
-3.598084434352204,15.597011284625083,-0.23970340877656682,-0.017720498158356333,0.02436688610847191,0.9979917731256575,-0.055719560987327756
-3.7351788633967544,15.582163697575961,-0.24406544307481504,-0.016590055700304557,0.023258336300883243,0.9980192385913841,-0.0560484522265098
-3.873313847635215,15.565322061029299,-0.24663720200056627,-0.016158570600094922,0.021680485129204514,0.9980657168884817,-0.05597926349359897
-4.012531248440126,15.547296715668196,-0.24799637389306817,-0.016203304325896808,0.02031383788186859,0.9981393416657686,-0.055160212097186405
-4.150923213893324,15.529806641884857,-0.2501665884889528,-0.016325790408787965,0.019697654161044513,0.9981973165161117,-0.0542917157981257
-4.290404732459976,15.51309505766832,-0.25141891040364506,-0.016577589528236212,0.019588434906643797,0.9982416220498989,-0.05343348231434201
-4.429756275794312,15.496948017099477,-0.25350350217930995,-0.016706084292769898,0.018928458692019007,0.9982879705795452,-0.05276126213925993
-4.571217134334097,15.48025406061229,-0.25411981630266034,-0.01748047887693936,0.018954213525185545,0.998304151008747,-0.05219196020489173
-4.708708196850588,15.463429447425858,-0.2532560744987684,-0.01864784212223162,0.01856707618193441,0.9983191296132772,-0.05163740764295372
-4.848156202029399,15.445567157893125,-0.2537471724340197,-0.0193730728996469,0.01848234028415654,0.9983408246823335,-0.05097718086992978
-4.985724082449341,15.429231734743327,-0.2562359613824903,-0.018768520210226847,0.01781081800228032,0.9983906685676782,-0.050463821562041614
-5.123454244105251,15.41535027963831,-0.262096142728133,-0.017409366143146133,0.017775566040342836,0.9984253839345678,-0.05027621011561685
-5.259951817069522,15.401886390866132,-0.26528945021917316,-0.016761901301879642,0.017575039710424453,0.9984529643286466,-0.050018273479830316
-5.395794455809387,15.387095285018212,-0.2677126552183413,-0.016713133538572737,0.01715511709377699,0.9984802678698613,-0.04963385175614107
-5.5328452778498285,15.370672833103182,-0.26876654399777955,-0.017163227095751504,0.016361880156876504,0.9985400211430238,-0.04853399642899394
-5.667410009704486,15.349987929940289,-0.26847092574627496,-0.01799976654092304,0.01575430391472802,0.998629584662542,-0.04654846039452231
-5.805128235758617,15.335763007996855,-0.2692971913007369,-0.018121499525630056,0.015901333700412666,0.9986767805997061,-0.045425202647955853
-5.941092469178684,15.31884978731941,-0.27502611127043863,-0.016901742508410648,0.014528347843759414,0.998801757738979,-0.043569690442706345
-6.077677586122078,15.303575352961772,-0.27676895062486295,-0.016699421520827984,0.014131421080726495,0.998873209914827,-0.04211586081125203
-6.212634379631673,15.288433648628182,-0.27652732659850443,-0.017611386588332018,0.014123278064722421,0.9989189175310206,-0.040637045747968586
-6.345779115379566,15.277456331881886,-0.277197981510767,-0.018301841862883132,0.014090636645258534,0.998945723537909,-0.0396728967704056
-6.480375822389874,15.26362643603875,-0.2787179394956496,-0.018869460665556264,0.01470214024354026,0.9989823214515133,-0.03823763055485627
-6.613214194687908,15.251050068584636,-0.2800204554932346,-0.019294307249417126,0.014997127761236219,0.9990117509592796,-0.037125992862704245
-6.747356496083562,15.234903263504059,-0.2839693166770445,-0.01857814507320791,0.014639967103398425,0.9990909736305738,-0.035464744740817414
-6.877394503708327,15.222136568304208,-0.2874099517471862,-0.01801304979688118,0.015561829240610826,0.9991196616808222,-0.0345437123010137
-7.009902112847332,15.212300419413586,-0.2869118960914143,-0.01844369316900191,0.014927219355100182,0.9991342179226228,-0.034173388485829195
-7.143262857997245,15.205228416542756,-0.29018212597853044,-0.018712877141298254,0.015099754675532873,0.9991319360667668,-0.03401756936565821
-7.276690638173816,15.192274372126485,-0.2923622443895173,-0.018241217322403802,0.014544613829167927,0.9991721809755758,-0.0333266694785228
-7.409012434519255,15.184667117605414,-0.30167766030951704,-0.015484138338585484,0.014578179950751415,0.999224980851611,-0.033123370530974215
-7.535591991201883,15.175585686930859,-0.30416226884692144,-0.014369282977552878,0.014028400027872092,0.9992533742648702,-0.03300634085345338
-7.66680005484424,15.162076480143254,-0.3074885029311165,-0.01363096938387748,0.014978665918874656,0.9992587575888994,-0.03273803209630435
-7.792970064597743,15.155205943611245,-0.3086149914906633,-0.014221874136968455,0.015002344368373454,0.9992344727520674,-0.03321357895798418
-7.9181504487395244,15.15054693225109,-0.3083693038386297,-0.014886601787968226,0.015601160839916245,0.9992004714976161,-0.03366616179115884
-8.046621983537953,15.140006016653363,-0.30954332954279096,-0.015247802702016708,0.01664527337635594,0.9991738140032446,-0.03379548371497034
-8.17875447839811,15.134186324446638,-0.31128075772940456,-0.015412308022998781,0.016872048497252594,0.9991425846828422,-0.03452396228293629
-8.305913658068105,15.127093890650588,-0.3117863257956248,-0.01587876852805136,0.01716227497620338,0.9991096392271251,-0.035117740909002014
-8.43216375761609,15.119701027357255,-0.3119371921153231,-0.016185437459694522,0.01696760027320506,0.999086819872679,-0.03571608320160497
-8.560977025109173,15.110521071942813,-0.31347052897219285,-0.015812489439875073,0.01714231951111285,0.9990733442770984,-0.03617399999154665
-8.685411828338662,15.102725634641963,-0.3166411993132865,-0.015120088102383812,0.018503380950542787,0.9990247053360188,-0.03713019125259772
-8.810668254438337,15.09564119831262,-0.3185256551287896,-0.01467328205654863,0.018615406770610268,0.9989744008429179,-0.03857853243825579
-8.936916374834606,15.088391182987618,-0.3209819928559696,-0.014244142140131658,0.01813668387787723,0.9989325816733845,-0.04002340892119922
-9.062770675500724,15.076574638625345,-0.3219605487891375,-0.013696521806635113,0.017641402103917295,0.9989253543200594,-0.04061207729541096
-9.185729924576327,15.066819627457411,-0.3249310940263985,-0.013157743847578857,0.018367563375231072,0.9988807434615784,-0.04155432402839155
-9.310392448439751,15.06060786822016,-0.3249371267583978,-0.013429534444752974,0.01712402245677144,0.9988587393785139,-0.04251630072839086
-9.433811504205048,15.047551165978666,-0.3230271710315513,-0.014428934307409073,0.016453695920464237,0.9988644679457923,-0.04231847969728342
-9.552389972657497,15.035635333620336,-0.32058322948799045,-0.015732290355756608,0.015912186818889538,0.9988643933552837,-0.042061928793297884
-9.672301378639041,15.023865746912803,-0.32121607077166914,-0.016083051114904073,0.01571675245386648,0.9988846146382551,-0.04151930381480824
-9.793637144647047,15.013659414816974,-0.3221808659584191,-0.016154294954227662,0.015052035014127269,0.9989184178017472,-0.04092022058620012
-9.909172280016746,15.00005320983063,-0.32400380687342967,-0.015991963794450583,0.01440520127860843,0.9989806284453486,-0.039679419981915265
-10.02091656013341,14.985346812541867,-0.32431351604861725,-0.01622190421604475,0.013753421219338239,0.9990651111729744,-0.03763764329874514
-10.130838565904998,14.972878772386983,-0.3250766235197702,-0.016283793364752743,0.014446970286322719,0.9991485651583492,-0.0350467809570384
-10.240561153369654,14.956547470334577,-0.3253118859340418,-0.016331008962557892,0.014710129795420508,0.9992698522150897,-0.03125175747279096
-10.345070918723152,14.94596376128761,-0.3266193657289733,-0.016638999571713217,0.015876574614263724,0.9993506797088145,-0.02773607583470421
-10.448784555207116,14.935207793093149,-0.327116208621387,-0.017285687588021115,0.0171162352100389,0.9994168369298687,-0.023962928713379416
-10.546973367246222,14.9256277851664,-0.32811691726558934,-0.01762950436679552,0.018585183700336946,0.9994670669727082,-0.02023281983722832
-10.643246412941977,14.915796498252572,-0.32854366074140273,-0.0178663437642032,0.01927669807900076,0.9995189940425866,-0.01646179624479382
-10.74357652262642,14.903894817376806,-0.32854636491875766,-0.018480924979638425,0.020106831923524613,0.9995484673807793,-0.012531097461648703
-10.83445452428024,14.896741210590083,-0.33003040673046513,-0.01837589691949606,0.020783564246352713,0.9995721408338752,-0.00926797446120129
-10.920307541808238,14.889866333382143,-0.33120172147518545,-0.018157917356415337,0.021413065333718544,0.9995869960866216,-0.006132069113445072
-10.997928293339799,14.877765870075756,-0.3311067636755567,-0.018127130999906343,0.021691565100500635,0.9995973715260847,-0.002444269908033804
-11.079133813217815,14.873463082948177,-0.3330285100282424,-0.017836206327918214,0.022289500222512512,0.9995924223356362,0.00021919915808890967
-11.152567549700867,14.869119526003674,-0.3331651096174646,-0.01770980042781269,0.023283726895566684,0.9995687568166757,0.002556616394294774
-11.224732242922185,14.86727642449028,-0.33270381813686,-0.018358461113207682,0.024291175935826442,0.9995255984119277,0.004635687543912973
-11.294259631271462,14.866673834038338,-0.3320785031844835,-0.019222985190691367,0.02443811665806773,0.9994950137025915,0.006554982415155961
-11.355925888038627,14.862951027658546,-0.3317642836225545,-0.019758497826931776,0.024672251884227857,0.9994643311478754,0.008481049487051
-11.420459197374925,14.859764080701714,-0.3332466347725287,-0.019741333384952223,0.025110869238487172,0.9994350491531205,0.01045483026535301
-11.47555958339898,14.859646307925086,-0.33314243529132526,-0.02022030040119545,0.02568566943000718,0.9993979086883426,0.011627595994417253
-11.529761347480896,14.858870536410114,-0.3323663513507711,-0.020604845802054007,0.026827673589778146,0.9993462064458709,0.012762203008394004
-11.575267114081544,14.860090830379686,-0.33301116184654234,-0.020865826431698167,0.02729705625268727,0.9993239516651193,0.013081758344856472
-11.620659779265724,14.860840679461644,-0.3313012759759033,-0.021736666800156717,0.02703347756276503,0.9993096591375373,0.013301149428363253
-11.66003412114277,14.862659450567179,-0.3334168645956659,-0.02164361080122767,0.026318279578113998,0.999334106169271,0.013047542858668333
-11.696995111695621,14.862874772659584,-0.3330055649035195,-0.021866449707308333,0.026108812976176073,0.9993381470665986,0.012784998189916756
-11.726901247204186,14.863084431553435,-0.3330782471502971,-0.02139557586940853,0.024259265495411513,0.9994014945702087,0.012263104100752303
-11.75727375297252,14.85936294173998,-0.3349846310682665,-0.02101147623287636,0.023267296627841664,0.999439879846784,0.011707961982507276
-11.785086689243757,14.859292445583783,-0.33511475081690634,-0.020569129164804977,0.02288547595588467,0.9994686995185639,0.010746808568476608
-11.809556984864928,14.870627183222146,-0.3378857895617031,-0.01937410990796114,0.022891170084674613,0.9995152520442022,0.008360305326105922
-11.835484733548707,14.877001659476328,-0.34044287833549447,-0.018393533925655316,0.023316044459124028,0.9995373311229757,0.006569605967346496
-11.856017981179573,14.879387424141319,-0.3420927579299935,-0.018151559792055714,0.023639537541128457,0.9995407450625852,0.0054762772923494865
-11.879032769518655,14.883479060840509,-0.3416283597349121,-0.018669839026845464,0.02338679273184798,0.999544211168382,0.003983699363285407
-11.901372984587852,14.883982547893106,-0.3409522042734068,-0.01890812090202286,0.022350487389045864,0.9995674300402859,0.0028102717200024882
-11.91987491592131,14.886735150413074,-0.34292298199453697,-0.018446150672648678,0.021493023427437308,0.9995978336480384,0.001397276996737577
-11.939023568020925,14.888580360492696,-0.3453182471406002,-0.017911223492163,0.021998967419538846,0.999597505690545,-0.000282437828047889
-11.95737823879194,14.896050696664233,-0.34555472011383515,-0.01768907415318032,0.02253638777755111,0.9995849239672755,-0.003031030654321402
-11.974055070255611,14.899051019846889,-0.3465411582718332,-0.017393648495583117,0.02270133312221087,0.9995757260907003,-0.005520090447686696
-11.989195925801813,14.901560081351949,-0.3474666496527874,-0.017292319376405817,0.022161896545664795,0.9995687866318552,-0.008489126400963228
-12.005404032971473,14.906185672279388,-0.34764082792223405,-0.017206892350689448,0.021046029393139043,0.9995550939170718,-0.012272155921901751
-12.021113719198581,14.915318258507229,-0.3480258739615465,-0.0172026272353655,0.020010059701229165,0.9995151178687012,-0.016528536927059703
-12.034257757123559,14.919079969004244,-0.3466911528085852,-0.01775175947353334,0.019434090473176412,0.9994562876304004,-0.019857318919204864
-12.044797849881853,14.925180102874352,-0.34648865426227005,-0.01796740235116824,0.0187922826228889,0.9993920713520884,-0.023227463403905076
-12.052090897913326,14.92925465425615,-0.3454430452319066,-0.01820245043830892,0.018658534579943886,0.9993310046576555,-0.02565312885484171
-12.059074304097729,14.932193145734725,-0.34674153740018454,-0.01776859835505769,0.018684786121621697,0.999283228233692,-0.027716361249602146
-12.064178447256946,14.93537865086034,-0.3469249941129888,-0.017658879248850113,0.018586617855748114,0.999237321050249,-0.029452992279902127
-12.068324068157096,14.936597583374935,-0.3483307463242795,-0.01743694744645026,0.01876945515418194,0.9992065411046257,-0.03049503905556407
-12.070803261615083,14.938517326621808,-0.34874758466123623,-0.017135312602572696,0.01839739456167936,0.9991874075500785,-0.03150301038598163
-12.071268258068176,14.938026402339247,-0.34850422066615394,-0.01729238511899994,0.018317668237888853,0.9991794214569314,-0.031716308469344756
-12.070971027211023,14.938127287686363,-0.3487455259882637,-0.017252961580440235,0.018287469739925972,0.9991819567315124,-0.03167517337538587
-12.070825105152062,14.938417469599694,-0.34877512546513145,-0.0170337842477769,0.018748914461862397,0.9991767817818554,-0.031687271906790306
-12.07077793054695,14.938869437455514,-0.3509523410415607,-0.016202411375417218,0.018913744485716,0.999186177203753,-0.0317290723250403
-12.071053462895991,14.937484630098412,-0.35160543223369345,-0.015933838880628624,0.01881477562720946,0.9991998153216769,-0.03149372725824568
-12.0722670918767,14.936359809656231,-0.35075195271164006,-0.016217559190484787,0.01870654543053025,0.9991965940880891,-0.031515421154665914
-12.071835488126766,14.937248940965116,-0.3519640057130644,-0.015872224212556168,0.018719295393679326,0.9991977796822146,-0.03164581861007011
-12.07184760019801,14.937287622760499,-0.3510016031102072,-0.016023886200835686,0.01874098500340855,0.9991965195223739,-0.031596182839550534
-12.071762413831337,14.93651045628186,-0.3506272923745293,-0.01620694051432144,0.018779871161557934,0.999194528615718,-0.03154256582791541
-12.072351335416998,14.936492489652988,-0.35094513129160987,-0.016023797502947457,0.018737797453695863,0.9991983016414464,-0.031541668443221364
-12.072088680471992,14.936348378901096,-0.3508146723190233,-0.01606695052506543,0.018758019026133464,0.9991966462840866,-0.031560122582746555
-12.07227935904767,14.93644360600008,-0.3518556368171737,-0.01596846044164861,0.01888123282613862,0.9991936114551374,-0.031632720762449745
-12.07191196777648,14.936049813648665,-0.3515401575981514,-0.01600470125186594,0.01883274718832272,0.999196236172605,-0.0315604160899206
-12.071888180617137,14.935937985424536,-0.3513561548550719,-0.016025660398450277,0.018891486832141636,0.9991928583389091,-0.03162140684583402
-12.07197924810168,14.936483229522901,-0.3517615253263049,-0.01596126003006222,0.01897556347473242,0.9991876685324377,-0.03176756087254779
-12.072245363465157,14.93668882176932,-0.3517417262967797,-0.01598082664337298,0.01896944572085606,0.9991847007861626,-0.031854417195035185
-12.071994191393669,14.936635924395993,-0.35197295098351766,-0.0159549492618998,0.019022190630922517,0.9991832691064158,-0.03188073641681391
-12.072280973743126,14.937035929396506,-0.35175577425409266,-0.015958930357245295,0.01900258902287157,0.9991814496771109,-0.03194763805103027
-12.07193254629148,14.936779811710652,-0.35194056140070273,-0.015939913045451698,0.019006907213112777,0.9991813601968956,-0.031957463230285914
-12.07248782318286,14.937266847557233,-0.3519249323314213,-0.01598514710645431,0.019115518659626636,0.9991737021521195,-0.032108988683631504
-12.07199657092174,14.938279433388246,-0.35117690398772616,-0.01606772562283916,0.019136873674904575,0.9991642693288537,-0.032347633912804014
-12.072560629989022,14.937995194454256,-0.3517182949462807,-0.015985468507914668,0.019226357423720326,0.9991588854957355,-0.032501257192003745
-12.072464151620032,14.938341017711515,-0.35233289089629594,-0.01588956787038049,0.019419688018658454,0.9991497955509899,-0.03271213072036946
-12.071572155394994,14.93875208322401,-0.35225682729812746,-0.01586018565432783,0.019429627295188313,0.9991445160373247,-0.03288117202218614
-12.071703494197786,14.94004360944889,-0.3518969844709332,-0.015977960427916015,0.01956783790316111,0.9991304968543475,-0.0331670599927708
-12.071691760623349,14.939265105154634,-0.3520245199270562,-0.0159379067857335,0.019529852301623393,0.9991351351377239,-0.03306880506426976
-12.071328166257707,14.939180551195456,-0.3542212288644535,-0.015640947509759067,0.019671993807374798,0.9991375362984729,-0.033053949522935056
-12.071906685070692,14.939281982657686,-0.35077567395482134,-0.016161304591913978,0.019641004257602537,0.999124784726583,-0.03320701277292642
-12.072236451044938,14.939035285522264,-0.35005619282380707,-0.01625765781804091,0.0196584913634604,0.9991230695904615,-0.033201327795083925
-12.072515995693514,14.939317501805728,-0.3505094953461487,-0.016190366118157655,0.0197716034633482,0.9991183268509025,-0.03330934010170365
-12.072168258012994,14.940427678384335,-0.3513013099244624,-0.01606494160823585,0.0196507254200071,0.9991153588986568,-0.03353009506836908
-12.072170838979972,14.939271071356721,-0.3510257123718432,-0.016112402580678867,0.019694793630231144,0.9991181478791576,-0.03339818876910675
-12.071980619973989,14.939909042675012,-0.35104076437482057,-0.016109487839401193,0.019724832855030783,0.9991123909375945,-0.033553716544870105
-12.072169257505259,14.940805013878311,-0.3511057645367419,-0.016134029390202285,0.019787255711393805,0.9991078942360714,-0.03363877188966803
-12.072618276207026,14.940231107626964,-0.35138156542129373,-0.016092845190526197,0.019803591929976556,0.9991076481473442,-0.033656442636458034
-12.07202222678631,14.940210896858847,-0.35111693249770326,-0.016096298491071134,0.01981252270837123,0.9991076108611682,-0.0336503681099953
-12.072175745043765,14.940528659537978,-0.35187324132957976,-0.015995245333748298,0.019714023073602722,0.9991065146469699,-0.03378852436712469
-12.072137730870509,14.940249615087899,-0.35215707805952867,-0.01595640643178308,0.019763462928549087,0.9991043371294849,-0.033842780593486846
-12.072122357604915,14.940325219017856,-0.3524286232185023,-0.015906555627180328,0.0197732020625386,0.9991033975143098,-0.0338882290403479
-12.072145324623843,14.941406542626613,-0.3522971474294039,-0.01596736370026716,0.019804703660431553,0.9990971781344401,-0.03402423021103743
-12.07178538174424,14.941085483417398,-0.3516858695060101,-0.01603789832191455,0.01985728391456705,0.9990942399487102,-0.03404649906425225
-12.072097305204366,14.941025028096863,-0.35218509538837495,-0.015947380091196305,0.01981592214258355,0.9990978418350964,-0.03400747340898823
-12.071833548877898,14.940681220990145,-0.3513611612061709,-0.016106711210806802,0.0198150102782971,0.9990959253050332,-0.03398903702700601
-12.072412710903414,14.940922987604305,-0.35170667378262443,-0.016043688001015896,0.019849361242992032,0.9990945307847388,-0.034040103811963485
-12.072030466623,14.940108796590112,-0.3516225596855378,-0.016054436250050545,0.01984650337871148,0.9990979014935608,-0.03393732421228405
-12.071973111644528,14.941717834591024,-0.3517940510187074,-0.0160419049549909,0.019853758880025024,0.9990911227777534,-0.03413834571284051
-12.071972337850159,14.941210736793767,-0.35188390653850377,-0.016021462609905175,0.01985537109728777,0.9990950378832529,-0.03403221345934201
-12.071733652097624,14.9411925442399,-0.35220648218022177,-0.015963096246025422,0.019896190984267093,0.9990945531567375,-0.034049941136044856
-12.072223074251276,14.940340406210044,-0.35209882158324035,-0.01598273010174314,0.019892995856668906,0.9990971110186189,-0.033967267941461286
-12.072029213851991,14.941191988343576,-0.3523754847894409,-0.015939017179014584,0.019943196678957973,0.9990936060750211,-0.03406155279788318
-12.072189062096328,14.940648189818418,-0.3511329881363938,-0.016141750261933912,0.01989629264989944,0.9990939416552594,-0.033983410833406204
-12.072231678478541,14.940603707691137,-0.3519580070682764,-0.01598801337214691,0.01987213735109113,0.9990961937686098,-0.03400405439488103
-12.071934021748495,14.940694378331388,-0.35174943034722084,-0.016036034956570907,0.01991659500233099,0.9990947023033827,-0.03399928772042072
-12.072515577960342,14.942544700017748,-0.35159107791546695,-0.01601211424789102,0.019895790751913545,0.9990759394806388,-0.034569350810528615
-12.073463502183865,14.945153936594096,-0.35151410683576323,-0.015874316367678932,0.019760366444797374,0.9990353774683797,-0.035858566602327974
-12.074450203198795,14.946127073148855,-0.3522116098402943,-0.01562825913014043,0.019490303780886245,0.9990148236303291,-0.03667768144143412
-12.07711914072183,14.950182884011756,-0.35216785508673354,-0.015573560862023668,0.01916225034339288,0.9989537637080325,-0.038492103623589805
-12.079269669412897,14.956095322181106,-0.3521689958136136,-0.01564776301622089,0.01941202273185503,0.9988408523124648,-0.04117381570383524
-12.083504166092968,14.958005318857241,-0.352212512601497,-0.015598869602363835,0.01930651373757521,0.9987376261960348,-0.04367015259349726
-12.087484183382589,14.962435064318878,-0.3530234880198577,-0.015501958141014958,0.019036210599663636,0.9986018823093458,-0.04681440498789742
-12.092466303796643,14.968418109740707,-0.35323653249672304,-0.015491318763622506,0.018900483710027005,0.998416503721302,-0.05066828389618394
-12.098032635617626,14.976196329338942,-0.3531906800276232,-0.015485675979479748,0.018884200891200218,0.9981733118880544,-0.055259585079117
-12.1049320259784,14.984149798013725,-0.35355226096793047,-0.015467207097414601,0.01890450920116806,0.9978923043374511,-0.06011931158197435
-12.111410153941273,14.990233117802225,-0.3530200074945462,-0.015557861246786648,0.01849176191429067,0.9975845251386685,-0.06512375617258694
-12.120100476269364,15.000911276038057,-0.3537432809000123,-0.01552567455700225,0.018680775666135973,0.997159477528732,-0.07129480343237925
-12.12908732883453,15.011692801186072,-0.3549753957125805,-0.015208632338572548,0.018596587086554338,0.9966715464557575,-0.07790187512930705
-12.138819968923915,15.02277697813996,-0.35450976107875753,-0.015005225678737823,0.018355854792073117,0.9961052688231806,-0.08492468070140473
-12.15019069782807,15.03438972418091,-0.35849226918649535,-0.013714366244611061,0.018053532117914207,0.995416029212293,-0.09291347510344486
-12.164115284158708,15.046948252787226,-0.3598989043102918,-0.01276228977871767,0.017368524569014335,0.9945971596716591,-0.10154777823021986
-12.180924472186213,15.058668678263922,-0.3608035116651216,-0.012325050751686925,0.016786958182336095,0.99365706009179,-0.11050762614654192
-12.201330053440856,15.070521644789856,-0.3602031860292598,-0.012705612010624718,0.016605789746300198,0.9925762751478352,-0.1198129961502806
-12.223775733883858,15.083709332029615,-0.36103368680482895,-0.013140487881482447,0.017235105874001774,0.9913257025064456,-0.12962884207541203
-12.248808855921524,15.094716361182194,-0.3598717037350241,-0.013976146853343169,0.01789005234222464,0.9898919034353548,-0.13999505562920989
-12.276951398254637,15.107226681304036,-0.35877399158809453,-0.014657007846168179,0.017466082584135182,0.9881822212270778,-0.15157834298771578
-12.306790022063947,15.121577569805147,-0.35795822057166937,-0.015683307400744643,0.01660400307894372,0.9862486325702929,-0.16368253633850152
-12.338357237969715,15.133945351403185,-0.35588460701271885,-0.016830053778799543,0.016728992547518577,0.9840695573342311,-0.17619304186458587
-12.371294814689751,15.14482664920401,-0.3556589159993848,-0.01747551162968924,0.01770890830286384,0.9816854458347395,-0.18887743177975858
-12.407210408666293,15.156197410960232,-0.354330372108846,-0.018739492043290534,0.01817605981780866,0.9788947903144253,-0.20269049712838677
-12.446194862288959,15.169561281863475,-0.35238707806511016,-0.020268509693953336,0.01851979520370447,0.9755678910275045,-0.2179758873537265
-12.486134437262566,15.183777684133245,-0.35299887451582634,-0.020905096933928842,0.018869651800130182,0.9716834293465955,-0.2346022653056102
-12.52821534266929,15.196865898649285,-0.3546405474725045,-0.020568461864178426,0.01923189372326407,0.967129359246446,-0.2527209523264698
-12.57625186265002,15.210554747704595,-0.3581761329024591,-0.0193300557764609,0.018666344293471995,0.9616921415761764,-0.27281154798307305
-12.629045032824108,15.22332363687758,-0.36112290621475474,-0.0179493579912604,0.01764581334632523,0.9553688090621799,-0.2943414347389089
-12.689922857766835,15.232327950368129,-0.36412591938230143,-0.01695378287851598,0.017616977140743912,0.9479132886274463,-0.3175887641731953
-12.756199051358312,15.239354889639717,-0.3692008312813141,-0.01607558234620456,0.01966428683051997,0.9392694464217063,-0.34223938940597687
-12.826405392278751,15.239647344376625,-0.3753751550384099,-0.014652396953652573,0.02171367654988797,0.9297906754246468,-0.36715545687836343
-12.901244011578553,15.235167484911198,-0.37875866501177025,-0.013503598793764619,0.022351495772512817,0.9196196219502331,-0.3919410961152029
-12.974958200699774,15.220659006779961,-0.38145436015536305,-0.012956906534693769,0.02241055549212541,0.9091001940924979,-0.41577245179863864
-13.05450148558592,15.199542074425413,-0.38243895116694726,-0.013316397130724413,0.02324832684487741,0.8975956414115832,-0.44000483952003105
-13.132193326321882,15.1710200500745,-0.3814170836680346,-0.014474276675076544,0.023544513315008085,0.8856446066269678,-0.46354046963995027
-13.210831411417972,15.135144496681669,-0.3798959284398338,-0.01556478680970166,0.022572012099989047,0.872984352689302,-0.4869769693084376
-13.2919259641729,15.091404784111809,-0.377535299228974,0.017695407655041063,-0.02208596980710431,-0.8595136267883173,0.5103286980384302
-13.373137836385801,15.042463774976865,-0.37707264076363955,0.020222243261168334,-0.02271140221587878,-0.8450299463296288,0.5338535882590038
-13.452006460888004,14.987021473075988,-0.37316669420271964,0.02302733192100907,-0.023141782085715847,-0.8298921011366037,0.556967936872809
-13.52961681527298,14.9227732236748,-0.3715481411652988,0.024980646501402873,-0.0231393979764641,-0.8143597520400895,0.5793606209230875
-13.603138143014974,14.849510530964363,-0.36900361865858944,0.02672265394365856,-0.022682129188317076,-0.7986763317862976,0.6007391695382964
-13.673364302212399,14.765490092288703,-0.3699863633466105,0.027993849759566102,-0.023312307875520556,-0.7830936014858979,0.6208359705199058
-13.732351822885516,14.68589861071183,-0.3728130242063328,0.028560099493503445,-0.02515747387819006,-0.7681882500030314,0.6390917153430761
-13.786640556317824,14.59192498848643,-0.379017513105115,0.027105886157081666,-0.025804925562074834,-0.7547902371402612,0.654897764054026
-13.831011146546311,14.487684948822755,-0.38128608901202554,0.026005833310347056,-0.025735001626703263,-0.7434746407038831,0.66776256836946
-13.865707167279695,14.38286822883205,-0.38570858136010644,0.024226943511686038,-0.026274720622104467,-0.7340861011997507,0.6781152375129413
-13.890750717449988,14.272479038495621,-0.3855484916874259,0.023745591533073568,-0.027440581597750275,-0.7268905089593969,0.6857939503146236
-13.912625846527108,14.157655528753008,-0.3869760928831978,0.023637206148931444,-0.028335398836639214,-0.7208215837217388,0.692137715845272
-13.92694229312249,14.041596950886445,-0.38778602860483424,0.023471862842646254,-0.029443363506165634,-0.7157367381360153,0.6973543501350017
-13.941964499892334,13.922312182215578,-0.3879475954184759,0.023013526332001138,-0.03043401843883458,-0.7107881493208362,0.7023705217811892
-13.955359595887268,13.797982460730026,-0.3908978605029212,0.021967427154795674,-0.03273094887298938,-0.7055761879059332,0.7075368396265601
-13.9661915933596,13.669202539456126,-0.39094322273743387,0.020851585447746436,-0.03350291276375114,-0.7005753199419709,0.7124864748849561
-13.972553717406186,13.537487488157225,-0.3877372980830813,0.019377516899760618,-0.032612060877979646,-0.6962747628610623,0.7167722391811449
-13.975781310433279,13.401117404391023,-0.3875265055536765,0.017216399164681342,-0.031178129423514906,-0.6929877010454352,0.7200691418440778
-13.971252894409279,13.262261103221324,-0.38046479170109926,0.01569176487501814,-0.02949535419197225,-0.6912501510910251,0.7218427873830703
-13.966487430421598,13.121836616464167,-0.37594890503578604,0.014959916261350183,-0.028896413562119163,-0.6904951661816576,0.7226047484629852
-13.969333483417003,12.978362120755357,-0.37215119724217516,0.015219678747306188,-0.028365383895357983,-0.6895821362216237,0.7234917044930596
-13.957744420415688,12.82295391622116,-0.3682497068206416,0.01567091490568822,-0.02818913405089881,-0.6896177141608564,0.7234550488106695
-13.958401630350302,12.6702725325117,-0.3655541135502247,0.01600233753746571,-0.028556792963752287,-0.6880413882679938,0.7249327308281012
-13.953131978299886,12.513109980488892,-0.36121065446247513,0.01597849799759277,-0.02839684850266945,-0.6865011926506185,0.7263982430773936
-13.94678806211138,12.354893816869573,-0.3589413977280742,0.015571953634329496,-0.02894950185299274,-0.6845835846704357,0.7281928050309855
-13.94035287306826,12.194607755319176,-0.356533061783864,0.014918496285711205,-0.028843967279663475,-0.6829233954564468,0.7297678455988337
-13.93438341935962,12.037046190835012,-0.34990203114502094,0.015239356102942083,-0.02845931651555663,-0.6811612093893592,0.7314213760289361
-13.923855119459564,11.8763104136244,-0.34329815944558817,0.015957152732814787,-0.02764592381528545,-0.6797517260209757,0.7327473247985037
-13.912632800323932,11.705186273981889,-0.33266479700361984,0.018027967199078967,-0.026582373568997023,-0.6781079288125132,0.7342601633072319
-13.899796259910712,11.536557483522886,-0.3262578661434219,0.01881138188066344,-0.02578403082757427,-0.6767689643961114,0.7355033039106982
-13.887993613750158,11.366963908349241,-0.32684083769936123,0.018613351925553308,-0.02669660919967007,-0.6759259791725857,0.7362505760639929
-13.874216601540645,11.193055824347777,-0.325426166992429,0.017201204766055817,-0.026995032838385703,-0.6758789412181171,0.7363172044627214
-13.855224479397208,11.016743233068585,-0.31869210855994545,0.017313022128444728,-0.026820679941914963,-0.6763920189502288,0.7358496778573963
-13.842443916226697,10.84289872392321,-0.3107464962684894,0.018889596544777586,-0.026387393748984623,-0.6765797991362761,0.7356539050251576
-13.824206889640356,10.66737101845328,-0.30458643464700685,0.019961823559476035,-0.02622085070046476,-0.6771239783767742,0.7351306656957403
-13.808490341189728,10.492644959779952,-0.2957374097800516,0.021379983785332304,-0.02571475596897276,-0.6773675645036312,0.7348842364393586
-13.795607270089034,10.318449837523277,-0.29070741570433256,0.021465595146483486,-0.025520121075962,-0.6773853271727118,0.7348721373775301
-13.780667742916286,10.142745678217228,-0.2871987496235491,0.021178128086789733,-0.025491427417933622,-0.6776194412246309,0.7346656102562605
-13.76396059067876,9.966266276166472,-0.28351250377465576,0.020369332791535157,-0.025751773852297263,-0.6779732644151593,0.7343529066353964
-13.750327552517462,9.797653996956607,-0.2808288344204861,0.01976016981391577,-0.026772011881146248,-0.6780418880034688,0.734269705285068
-13.737714935258495,9.635211256646658,-0.2755912070529192,0.019714121754776305,-0.02687854454748791,-0.6779131854639319,0.7343858733285312
-13.724095889736471,9.461502941534215,-0.26573341593048294,0.020531596493328596,-0.025673509018207797,-0.6781136930012148,0.7342214436490788
-13.711102263468476,9.289444884181052,-0.2613809568712453,0.021137677898997405,-0.02525281700973985,-0.6782713009950283,0.73407324338735
-13.691259062347902,9.116720521736381,-0.25648047711724153,0.020186474887093672,-0.025046542151513806,-0.6790702961268721,0.7333680513591457
-13.677732969924419,8.943161661175084,-0.2517751722963162,0.02017731548380381,-0.026046571463888734,-0.6791184383267026,0.7332888774080902
-13.664369983357021,8.773776169072818,-0.2467233571676335,0.019675820596375064,-0.02639527161591266,-0.6791450816892446,0.7332653757982684
-13.650530390410921,8.600785745150802,-0.23991004222891377,0.020254588129991365,-0.025395763820131072,-0.6790780311657862,0.7333470147463707
-13.638150196181538,8.428663719644714,-0.23090209952774643,0.02111158875500577,-0.023458914085810745,-0.6791219223507291,0.7333467061456281
-13.628454413245308,8.257875838331728,-0.22391115828074382,0.021279044712425015,-0.022120619385914798,-0.6789952516249899,0.7335007439990193
-13.612366023478852,8.089934568469168,-0.22291907436534064,0.01957514826095741,-0.021919494079040203,-0.6793277615044127,0.7332463049532948
-13.598333791405404,7.920628896839533,-0.22130298228626932,0.018884471588927844,-0.02238395193678106,-0.6794686522969103,0.7331198342194966
-13.585996510381536,7.750451172080512,-0.2167588433104395,0.018668320780752562,-0.022442131015650055,-0.6793850241149268,0.7332010841747694
-13.567075751561342,7.576148941127991,-0.20890190005249476,0.019023684250932028,-0.021739192495166888,-0.6802211396041832,0.73243750619103
-13.556126659659355,7.409581524835431,-0.20734899603795598,0.019344482365587588,-0.02171428147913765,-0.6799109433478366,0.7327177963085495
-13.544670278657513,7.239974801728081,-0.19837405615441694,0.020031214610600253,-0.021919024170196373,-0.6797559376819273,0.7328370684956422
-13.529211275963931,7.073139444767677,-0.19935669517823684,0.019780346045784537,-0.023660612461044252,-0.6801965075568891,0.7323808048177436
-13.5217292296874,6.90906559444182,-0.1984410652820756,0.020084918012507873,-0.025216461154022825,-0.6795951794294118,0.7328786646248553
-13.507611674988455,6.742266610488432,-0.19316738401746392,0.020855723082423894,-0.0255854027422195,-0.6793498149161321,0.7330717903532835
-13.496055143900817,6.564730635091834,-0.1864556716289183,0.021657794579528565,-0.02543376269851904,-0.6783324096923047,0.7339953826233179
-13.4936646640374,6.3938448398355,-0.17994825130455894,0.022304811599674398,-0.0254687638113698,-0.6763440111232063,0.7358074586116881
-13.478507494135924,6.227373325784992,-0.17734951997839565,0.021639509206699,-0.02464186594736242,-0.6755358582309993,0.7365974748171018
-13.463612537872375,6.06259111948379,-0.17547562726899812,0.019950146082959634,-0.023985999209012218,-0.6747121553765233,0.7374212854918306
-13.454116377984079,5.899190296519892,-0.17057193358704792,0.019308264500251655,-0.02430246839005108,-0.6735659859352098,0.7384750840889358
-13.443933433193795,5.731458594624141,-0.1677423794311359,0.018535714675845864,-0.0239424278213697,-0.6723037028893311,0.7396559443167166
-13.428367010066887,5.563706619793703,-0.16126170211135538,0.01918485835257466,-0.02353191326592223,-0.6719326805613697,0.7399896264899667
-13.41666987750395,5.404426322490374,-0.1535464007785805,0.01997947704410338,-0.023136057477302713,-0.671167856488765,0.7406748653779056
-13.405108901163551,5.239845933431386,-0.14975718929034354,0.020087241406331186,-0.022887277100476684,-0.6703073892767333,0.7414584682614446
-13.385939034818124,5.085164798968028,-0.14322415035581426,0.020455732267902357,-0.022491774096460495,-0.6701444866221191,0.7416077319459481
-13.368863502297957,4.926871993851831,-0.1387763611097632,0.019924262834195888,-0.02185857900569823,-0.6700583596571017,0.7417189562182304
-13.348064589748585,4.765104461429151,-0.1342501706193211,0.019356100401242922,-0.021119217323627835,-0.6701493352218577,0.7416732311404746
-13.329468045342084,4.604371131209795,-0.13062824357466774,0.018333176481233632,-0.020912090042137888,-0.6703988674847855,0.7414795661427085
-13.315115576358965,4.4456242139460596,-0.12893300219399828,0.018506650458489832,-0.02146608985952591,-0.6706714492975433,0.7412128662064178
-13.294008477730314,4.283559172256447,-0.12384110413801519,0.0188677464590134,-0.02147171035309124,-0.6715334279768351,0.7404227444869865
-13.280162582053094,4.127413488792044,-0.12032390911613344,0.020130532690360997,-0.02289044972877547,-0.672089496964888,0.7398422203934355
-13.2629354160286,3.9690761195662914,-0.11656217536866365,0.0210343000827975,-0.024406353136534043,-0.6728707634012057,0.7390580682238559
-13.247251998536214,3.8090939925872997,-0.11557002499327362,0.021250133528545195,-0.02579030555753506,-0.6736952042590297,0.7382533936064075
-13.230855837874413,3.651486562765599,-0.10814752848232345,0.022574749411235686,-0.025783968220318382,-0.674564712208526,0.7374198406812589
-13.215876626572985,3.4929401340627106,-0.1040419547398298,0.023145219821133673,-0.025424178057290147,-0.6752154686800268,0.7368188368831154
-13.198388083949666,3.3336893401445926,-0.09805919160394061,0.02318982105342095,-0.0244243044197584,-0.6762154308807571,0.7359336636275223
-13.181270608139803,3.1762243807408796,-0.093996489811353,0.02278360558069234,-0.023857025169015177,-0.6772359448546911,0.7350260037956307
-13.170218594657731,3.0212245503387645,-0.09337312311896218,0.02169802366776812,-0.02431932355961419,-0.6777024188870346,0.7346136309086532
-13.15435071123856,2.8658523851847737,-0.0919001952182581,0.020514897276332128,-0.02489758533848028,-0.6785399987892363,0.7338546954063494
-13.141580152402852,2.713955156854426,-0.08949206484024197,0.019495274777251194,-0.025577935278104473,-0.6789112355896173,0.7335156830838321
-13.125500919670236,2.5591120002952756,-0.08478511917650833,0.019305961277163993,-0.026298023217743768,-0.6798921544272674,0.7325860729541022
-13.113422679218212,2.4064137177283635,-0.0822453635963658,0.0191040387946059,-0.026721695974218508,-0.6802446408009456,0.7322487423036342
-13.103166074923497,2.2514448600872408,-0.0740791681961297,0.02048588549548048,-0.02648761427623451,-0.6802561272640888,0.7322092154445692
-13.090208396651906,2.097192788374654,-0.06783216803884073,0.0208952878847937,-0.025203441170342247,-0.6803494930881473,0.7321562387046437
-13.07953924061892,1.944448013268811,-0.06149599214977719,0.02072007909943313,-0.023853078369609922,-0.6801317956412186,0.7324086633126449
-13.064023131787161,1.7689882993416162,-0.05452041955294207,0.020068152358473767,-0.022277653970836298,-0.6800784567625496,0.7325259452633608
-13.052470217663203,1.6147199118218492,-0.051094673180109185,0.018174790619396745,-0.02079911792493257,-0.6798061788371166,0.7328715075951792
-13.039040761784891,1.4604824854943017,-0.04664158924385631,0.016821795768964656,-0.01945304048211143,-0.6797753036383217,0.7329693947575551
-13.028668797572035,1.3033957059398233,-0.04421810752372257,0.015036991308953493,-0.018420689001565117,-0.6794626242194206,0.7333247024509585
-13.016045501595817,1.1420450550740808,-0.04163550843340724,0.014403260106917703,-0.01887186393586342,-0.6791771095679202,0.7335903942571715
-13.002245596188578,0.988600208173931,-0.0387856347892771,0.013170104105682558,-0.018754530274908508,-0.6790313652077359,0.7337514698125133
-12.989897143414932,0.8347579433914021,-0.03191958333847389,0.013912000924399794,-0.019245549627758717,-0.6787917145280646,0.7339467742976831
-12.979533248159235,0.678873728150444,-0.027197505125176047,0.016443669981970582,-0.018964645081080277,-0.6786235299352557,0.7340572626021242
-12.969089117291752,0.5211683011623456,-0.01966150137917,0.01849247867404242,-0.01772015073982101,-0.6781915784508561,0.734438687971763
-12.956446096164477,0.36720302958322026,-0.012724825371387527,0.020116777940929892,-0.01816959421415243,-0.6777869993414463,0.7347584519753575
-12.944503914351246,0.21520710709234836,-0.017573805088014538,0.018894718270311875,-0.020571526623000363,-0.6774698496402671,0.7350200042386553
-12.930348844928902,0.061342504947452414,-0.01715337418364704,0.017937719283754698,-0.02216139954312034,-0.6773412538204268,0.7351162775951179
-12.921584878015608,-0.0917580134327387,-0.016702413685838247,0.016784762295668745,-0.022490539510318416,-0.677075936273953,0.7353778849598165
-12.910409762315732,-0.24619975184875864,-0.014534057187007399,0.01707733247356643,-0.023120759898584302,-0.6767571026877269,0.735645025393149
-12.897081025264107,-0.39832061555790843,-0.007328527063782397,0.01728063060353298,-0.023163087198301246,-0.6765962938300301,0.7357868550136323
-12.882633990773183,-0.5577254845458686,-0.004033654323631675,0.017382787765468307,-0.024534626004223833,-0.6765940986092408,0.7357420232968594
-12.872729315592508,-0.7039563567609712,-0.0014217447518227733,0.017820160734438227,-0.026704781287318517,-0.6764080900484286,0.7358270174464119
-12.85521051697233,-0.8558289084211554,0.0019345608154424099,0.01799816398274359,-0.027480664665467665,-0.6769914659321795,0.7352573896800058
-12.843407065726186,-1.0031914042085281,0.010133622424529865,0.01953631642985649,-0.02732270755661526,-0.6771466530541342,0.7350810947980557
-12.83137670891405,-1.1546496058647304,0.016970868549641915,0.021245505855074023,-0.026567389059896997,-0.6773861544219965,0.7348406626620074
-12.81767309299033,-1.3021820587139028,0.024560859161387838,0.021980406984893928,-0.026086403986782303,-0.6777872670348805,0.7344663327318571
-12.8026420224917,-1.4453176669474783,0.027350828015929918,0.020971548270355,-0.025919542985162396,-0.6784072849023938,0.7339291106649857
-12.789821220268054,-1.607628219546847,0.02922625733654105,0.01954462726124942,-0.025885121792117192,-0.6786068084930512,0.733785235202323
-12.776180697585067,-1.7555329387235616,0.03535701268152325,0.01945061330041532,-0.025112519958274408,-0.6789952509882506,0.7334551630546668
-12.765145182614328,-1.8998194370051689,0.040149672460636054,0.019936018501745846,-0.024551336092562777,-0.6793440522538503,0.7331380877257513
-12.75179296922242,-2.0483807153762235,0.04575217675289611,0.020564739786807573,-0.024203331963076044,-0.6797838682152931,0.7327244934520397
-12.73981850138696,-2.2016767939002455,0.05035709078523709,0.02083994631127455,-0.024370396120940545,-0.6800979572263597,0.7324196446702695
-12.725091150725994,-2.348165305735188,0.055469865892305625,0.020974409915774168,-0.024508574520546108,-0.6806325378599547,0.7319144474856536
-12.716247906490825,-2.493014141352966,0.05788271628000696,0.020691885839379826,-0.024466726750558426,-0.6806879155329839,0.7318723715332648
-12.705936489731544,-2.633765080601181,0.061083888790464114,0.020136957514732975,-0.023370267170645255,-0.6809511780416633,0.7316787701126937
-12.693029575166841,-2.7756632405051986,0.06789200574288634,0.02030354688253484,-0.022774550102558324,-0.681384278692579,0.7312896522139368
-12.680941330946471,-2.913277554291444,0.07314939947743326,0.02054682126323138,-0.022349685124294624,-0.6817701855945197,0.7309362144793247
-12.673967011730465,-3.0464589227885295,0.07612802235985527,0.020588972791583414,-0.02192128474483181,-0.6817578381126802,0.7309595068492771
-12.667530665254016,-3.1739220912954096,0.08149435802283389,0.02066970609218045,-0.020844039929536155,-0.6814738447328451,0.7312534956767003
-12.657296434008373,-3.3032144050266767,0.08537897131567584,0.02059410857601441,-0.020667715102403596,-0.681439484145445,0.7312926641167397
-12.650476939138336,-3.4258183018091373,0.08648852257581563,0.020070840647479722,-0.020930363199527645,-0.6804514375625728,0.7322191771722182
-12.64467343139186,-3.548336156501941,0.0888198239613458,0.01976484855632593,-0.021309663366697998,-0.6793562276229972,0.7332328210648756
-12.638481347995935,-3.668299288169881,0.09165919092609531,0.019030493378402975,-0.020663109206881473,-0.6778289387447827,0.7346827846150239
-12.63581575590361,-3.803177287980863,0.093096214581037,0.018110755550343277,-0.020329823379772037,-0.675840827564923,0.736544551966522
-12.632102266230612,-3.9176791565548585,0.0931029897294493,0.017600723192057292,-0.021101862273221077,-0.6737182889205273,0.7384772103727254
-12.624706610485502,-4.028731895615536,0.0960763203651882,0.017456085124812844,-0.021827519402931615,-0.671346083942531,0.7406168241592817
-12.6235499311619,-4.13801152414488,0.09611754094753833,0.01752928567168976,-0.023351110445055015,-0.6677501000787279,0.7438126552160281
-12.62238982957321,-4.2457440436483775,0.09676762710353914,0.01740950379992549,-0.024784071978008675,-0.6635483131361366,0.747520094465076
-12.619909031923017,-4.349416002996879,0.09967384023228387,0.016925690246193403,-0.024776713383419434,-0.6590355871180866,0.7515129584561304
-12.619526864744513,-4.450581092126422,0.10186305923659411,0.016622035548841653,-0.02502080173241878,-0.6540665396105589,0.7558403456310769
-12.616097513668485,-4.542774216218945,0.10444837260929773,0.0169737482106764,-0.025151005397675986,-0.6487161081438301,0.7604253669898601
-12.612548236555886,-4.632288996886988,0.11187169870309299,0.01789339613893462,-0.024386751015264337,-0.6429100531343052,0.7653442130677538
-12.611694743517504,-4.722862603541485,0.11350642161238,0.01724794199199442,-0.024122892210390302,-0.6363116610370531,0.770861886382736
-12.607645054317357,-4.817232127327188,0.11644250879954043,0.015537758814864156,-0.023594041840124137,-0.6292896434804878,0.7766572302522514
-12.606564838470748,-4.901637978946439,0.12000558132494632,0.014111085608150664,-0.022848146717161597,-0.6213525462915377,0.7830707861568256
-12.605581498535386,-4.987610570431883,0.12284197304216349,0.014160713122569068,-0.022867613821343637,-0.6127632863660746,0.7898086428740153
-12.602607624643497,-5.070961678557819,0.12504410603214833,0.013661775689371543,-0.022432402992900443,-0.6037055984111285,0.7967745586748209
-12.597862231321376,-5.152062049357498,0.12759028716265863,0.01281395378031544,-0.021899613997667756,-0.5942372420302069,0.8038894807273229
-12.5955787200496,-5.231192497773469,0.13091806410056983,0.0121050217241518,-0.021645599261323138,-0.5834571541523166,0.8117651596606948
-12.593701633185134,-5.3138510028711625,0.1310647575409738,0.010561141119058006,-0.02220720617012078,-0.5710663024518263,0.820535547722542
-12.595769842692356,-5.395984792058945,0.13106131763288875,0.00971418247659729,-0.02359565109385099,-0.5565574148275781,0.8304171957986323
-12.596773809169044,-5.478252487361107,0.13183946597376694,0.009279816309391615,-0.02463401873185437,-0.5406395777155121,0.8408423630218856
-12.599837244153258,-5.562764351545818,0.1332543151723855,0.010575156620902273,-0.02558651292602382,-0.5221455597869692,0.8524068924394177
-12.60315896767326,-5.650362102972132,0.1385574986242628,0.012119983397045305,-0.025077678874378072,-0.5007900209192582,0.8651205465904623
-12.603447409975896,-5.737236746071031,0.14305707077167007,0.01100934938232947,-0.023666009911412215,-0.4782114962664956,0.877856751192669
-12.597846130428488,-5.821837936639196,0.14605148557975145,0.008424057251552777,-0.022711907613776568,-0.4555377783472026,0.8898868094886544
-12.590784782480995,-5.909355705547635,0.14548323571299715,0.00626996662420264,-0.023154520062419293,-0.4321192921084193,0.9014973489634569
-12.582705660349932,-5.997899723524631,0.14683094355019577,0.006456168572843757,-0.024566613202206263,-0.4075170327625783,0.9128442781082553
-12.569806843381876,-6.084351393291422,0.1479120234313278,0.0072806868632990665,-0.025758585932932385,-0.383047278806867,0.9233408201183239
-12.54760386311893,-6.166563573365588,0.15525519909642505,0.004974606836419474,-0.0234972789192439,-0.3591859403739763,0.9329569013127808
-12.522443761324084,-6.247278665056207,0.16117704638055663,0.0006264556814767009,-0.02070232994909425,-0.334909916436703,0.9420224938845416
-12.490623933104931,-6.329203725521618,0.1687442751706527,-0.0017621207269803004,-0.01824803939881914,-0.31006761019406515,0.9505377267181121
-12.455687877217962,-6.410023524987494,0.1770656781394524,-0.0014336364167166049,-0.015233371774655724,-0.285006265999871,0.9584035260298829
-12.4160051981361,-6.489056490510433,0.18584864037130977,-6.144931008312129e-05,-0.012252744621148523,-0.26016300258477937,0.965486960744793
-12.371494515372335,-6.5633300217297945,0.19602559922009388,-0.0011292044625653074,-0.00858813398436361,-0.235550429896719,0.9718235235288835
-12.322418896394094,-6.631827128436873,0.20751245142878982,-0.006615368944720182,-0.003827809645805766,-0.21110471393718253,0.9774335714729958
-12.270122367588588,-6.698663984982481,0.21180277553219362,-0.008262183553827806,-0.0024695856533989186,-0.18677740363552028,0.9823644101758521
-12.213400463606542,-6.765161342885039,0.21155140892152335,-0.008963059341258484,-0.0034461552665149037,-0.1626666856277963,0.9866343485540224
-12.154426468634314,-6.824265576323739,0.21201322524333488,-0.008679188364877608,-0.004262865057301982,-0.14072687210259022,0.990001237198991
-12.090146173916931,-6.877855424777279,0.21460584429203955,-0.008895597787773346,-0.0041943220884014315,-0.12079268716439913,0.9926290280599401
-12.022548138882543,-6.926172956836433,0.21660592199383988,-0.011899505356260968,-0.003948765816402993,-0.10218176503243004,0.9946867336566261
-11.948855741252562,-6.96764025360017,0.2172799644143275,-0.014518316954620816,-0.0041710681327201335,-0.08551277110910381,0.9962225662412512
-11.875603920919596,-7.003254008581768,0.21994463063148562,-0.015467243123505765,-0.0040510857309010795,-0.07151418317539276,0.9973114275098498
-11.798790313251132,-7.031317538724556,0.2229719217458319,-0.0160068753810193,-0.0035287390272427583,-0.06065213127157932,0.9980243747511517
-11.719474244861312,-7.058309928265806,0.22585752412426197,-0.016311401516953206,-0.0030555883882925727,-0.050196395646542116,0.9986014794146182
-11.638680317576373,-7.0811497094448965,0.22805552710915578,-0.015119379545510585,-0.0031360954024141586,-0.04105902277787094,0.9990373985232341
-11.55480063181112,-7.099719945802412,0.2288711188156789,-0.014822686962855228,-0.0038793373336010856,-0.03373049670173764,0.9993135137412674
-11.468126684064554,-7.117522475514479,0.22988296325248658,-0.015491845621379513,-0.0044180473781855805,-0.026666145568552665,0.9995145811665168
-11.381228431281922,-7.132291501510835,0.2307868429044948,-0.015907249686181957,-0.0047253613751227,-0.019566518844012195,0.9996708313272845
-11.292182458281264,-7.145223730745973,0.23373757761993863,-0.015854549749572466,-0.004606554561496017,-0.013062794475900282,0.9997783579175381
-11.199403910580136,-7.159839593794098,0.23594290281257813,-0.015539454081777062,-0.004578715495324359,-0.006155698438501808,0.999849822271394
-11.095967785325637,-7.171806843438246,0.23824639159207717,-0.014308683371902643,-0.004309360167856557,0.0006021422711549666,0.9998881605312068
-10.9972377376477,-7.180251426656637,0.23906549173592495,-0.014356004959240672,-0.0046592318687548396,0.0066759475075094344,0.9998638015622616
-10.893899857201813,-7.185644983223462,0.24014675816221498,-0.014764767634243761,-0.0052014047733853165,0.011686788224312702,0.9998091575193254
-10.789320004747578,-7.187927006376615,0.2414213713210298,-0.015481549930273451,-0.005782990237405677,0.015756550383420928,0.999739270194898
-10.67821566921888,-7.1892981740606015,0.24216013583563178,-0.015444685853807922,-0.0063596913225796034,0.01885574901783346,0.9996826890338972
-10.568720187973089,-7.187572774359711,0.24361546723962846,-0.015671610514451734,-0.006665517098706656,0.020779322699399607,0.9996390287257546
-10.458309348244804,-7.182484186917716,0.2471540140018389,-0.014942414615406413,-0.006533440461580309,0.021868260212559953,0.9996278413033612
-10.343839477385492,-7.1812559573011585,0.25171615627053257,-0.014733536307209081,-0.005826912539181717,0.023574996383262197,0.9995965143638309
-10.221609066063836,-7.176683139750479,0.2559073438318471,-0.014023284815939913,-0.004998576463563512,0.024742504992209927,0.9995830009174205
-10.102963377875309,-7.169103740070802,0.25968367576622686,-0.013842752385557214,-0.003944763869046622,0.025940683460581027,0.9995598494919691
-9.983379533397178,-7.167158430045529,0.2654266699190737,-0.01325391935226943,-0.0025883648068904704,0.027458032440538557,0.9995317331312621
-9.858759302500212,-7.159890666872528,0.2693685447272798,-0.012837750192890256,-0.0013464244689095745,0.028985732527073992,0.9994964747531317
-9.738183546137574,-7.156588122006149,0.27659386905974426,-0.011732314257229245,-0.00018218924997454958,0.030785126592397023,0.9994571523675441
-9.616007792430263,-7.151973071335247,0.27838939708459454,-0.010628459172052174,9.995350915076752e-05,0.03241072236320127,0.9994181117217498
-9.498312524539564,-7.147277391171589,0.2807246684602953,-0.009741571941951709,0.00029529253998342614,0.03401717438195833,0.9993737316063901
-9.372915430676109,-7.139968285949539,0.2821396976804661,-0.009287892790414053,0.0002555893350123823,0.03586099351802239,0.999313588298253
-9.251432481319126,-7.132680296470251,0.28555292758164297,-0.009900866854517444,8.860941236110981e-05,0.0372972627428313,0.9992551637386795
-9.122978740584331,-7.121774300816984,0.2855924032035555,-0.009423909904284563,-8.708814838699088e-05,0.03878090459134596,0.9992032975231571
-9.002576314994608,-7.114940982314642,0.2880722726681946,-0.009781787668988804,3.110251755160317e-05,0.03984571603418323,0.9991579608455773
-8.877235921967888,-7.10356844028471,0.2902224578805113,-0.010300100533383169,-0.00015780215455831137,0.040434952004475985,0.9991290650969303
-8.753779773059936,-7.091323308433909,0.29052253355389546,-0.010685078636209025,-0.0003107910119622098,0.0405958364432732,0.9991184685368445
-8.63340373431792,-7.081776203242093,0.2936309834848182,-0.010968422536267258,-0.0003117827838392714,0.0408090638010467,0.9991067085352829
-8.512443475764503,-7.070650388023106,0.2957898348963339,-0.010808431272636417,-1.3208138903317747e-05,0.04092271170389565,0.999103852407481
-8.388862214046394,-7.059828182558108,0.29695513340548185,-0.010738970619288192,0.00013697268893600852,0.040931545724668034,0.9991042401851029
-8.268443723375306,-7.048248749726491,0.30022539034047013,-0.010680763360044778,0.0006708119053170502,0.040871946656212056,0.9991070813973177
-8.14909439177934,-7.036461987355376,0.3024273894430287,-0.01072153489641501,0.0010155045137291343,0.04069759738438386,0.9991134647737706
-8.028470248503385,-7.034119065249105,0.3057320097509515,-0.010497696011005397,0.0011396023506352333,0.041828157832231434,0.999069026380407
-7.90958085291657,-7.023734023278323,0.3078658492016315,-0.010568577384524559,0.0011146574863085286,0.041951534835237406,0.9990631274620189
-7.790439596912265,-7.013298136444482,0.3078521457735768,-0.010521056977232447,0.0005204679145156106,0.04151688383696249,0.9990822783115192
-7.671681043296429,-7.002572837171357,0.3093022836215855,-0.010046465919399441,0.00031342895865489183,0.0411391116833853,0.9991028680482266
-7.556012515962248,-6.991583782452135,0.3123266918637685,-0.010416232267508081,0.00044175560076705964,0.04035441221228289,0.9991310412199105
-7.439420980758323,-6.981064330966355,0.3143756048894279,-0.010468751951207608,0.00027221038847348797,0.03980097587777067,0.9991527410302473
-7.324745322309088,-6.974217928716915,0.3194444249432028,-0.008751883352014324,0.001320296153357589,0.039682255255558255,0.9991731428963064
-7.2125836384432995,-6.962675050318918,0.32193853190599864,-0.008465639540527984,0.0018812468556401746,0.03897090825129532,0.9992027159143322
-7.101414238153341,-6.953336853132984,0.3269263662194313,-0.010036630403737229,0.003068656782611401,0.03858772713409393,0.9992000986704308
-6.990815519555614,-6.941597733223406,0.3281408025722845,-0.009859722533818607,0.002921210907796951,0.03768655064101606,0.9992366947235966
-6.882559386825454,-6.931865278243663,0.32750538405378826,-0.008781294697736869,0.0017380159528681725,0.03745836784744672,0.9992580865390098
-6.763954759778803,-6.925590930413869,0.3257903080636613,-0.008483869806088878,0.0003095972465885406,0.03787391629926345,0.9992464623921878
-6.656794056433842,-6.914233330318376,0.3232083355296873,-0.009949629422015339,-0.0015750778210851038,0.037128898270937113,0.9992597119701881
-6.55453329168546,-6.90740542902637,0.3233069600489644,-0.01152433159710776,-0.0026450691491194103,0.03715510650561376,0.9992395579279457
-6.449592606450201,-6.895810838260405,0.32712165517418823,-0.012034139470739372,-0.0026042081187528095,0.036732273925780205,0.9992492882876597
-6.3444957672284525,-6.887437574772169,0.3278733638364377,-0.011946325203541358,-0.003071313800072757,0.03658353263432647,0.999254477774098
-6.243700913402034,-6.87631175069696,0.3292599176528179,-0.011868681053975035,-0.0035868674197217505,0.03606824373633773,0.9992724170842593
-6.146053262736368,-6.872912167175497,0.3310200058722821,-0.012178996940180414,-0.004119412102722405,0.03636036773785851,0.9992560361059997
-6.047400372129305,-6.8650961791259695,0.33206466507196275,-0.013853618069793254,-0.004720683044896559,0.036243602462175985,0.9992357999705549
-5.948540718509597,-6.858714344651502,0.33547286019798195,-0.01429908751891247,-0.004625369094163215,0.03658169518155603,0.9992176512234204
-5.844061032985996,-6.848261748991066,0.3371681591879243,-0.014079506254660309,-0.0044389558765434885,0.03652624078587648,0.9992236461623838
-5.743762817969871,-6.842447947583982,0.3407026657524135,-0.013609096462659197,-0.004055583442621793,0.03707444366630314,0.999211604053276
-5.647952327909159,-6.834440192923376,0.34449288024842994,-0.01344637687758825,-0.003809789717540342,0.03719971709227136,0.9992101202167857
-5.550197377446307,-6.826590902691931,0.3465372561251341,-0.013357101228183467,-0.004002634179729823,0.03766808365724825,0.9991930223840766
-5.450548557405565,-6.824115964036279,0.34695779405086125,-0.012884495320232565,-0.004797615499180668,0.038942948155978874,0.9991468500630493
-5.353869240667849,-6.819225602810114,0.3482853105971353,-0.012932589169874565,-0.005353486226450766,0.0398576217918124,0.9991073274861846
-5.2597889887613585,-6.811008009513721,0.35084373011934566,-0.013190369965165859,-0.005363786643073988,0.04053596812161056,0.9990766181103378
-5.1643860211464405,-6.804992047982046,0.35314473509737043,-0.013017927855658052,-0.00544568355183384,0.04153755425385748,0.9990372941145964
-5.068371516119462,-6.796796215630026,0.35653341677146155,-0.012258166068213852,-0.0053256314945250485,0.04247056226559949,0.9990083202959705
-4.97465033972234,-6.788505952408219,0.3590833163718963,-0.011425214038450112,-0.0051169498923003725,0.04333412846787563,0.9989821946626048
-4.878968155455448,-6.783078457115053,0.3628918148352507,-0.010868067288522321,-0.004516201528246971,0.044542927576755056,0.9989381382717062
-4.783513647671205,-6.774671940543343,0.3664950508785365,-0.011141682809275308,-0.00408749142516839,0.04526640506201075,0.9989044551155986
-4.692779388536248,-6.76744929457771,0.3704532908087559,-0.011147177250276284,-0.003417575866998092,0.04623956825062538,0.9988623346550461
-4.601518093542033,-6.76007139066985,0.37458397237666596,-0.011384782027101045,-0.0027419241690550206,0.047062961230626865,0.9988232782191845
-4.509871685088701,-6.751210465137812,0.37717701198675635,-0.011543701143694487,-0.002508460367590369,0.047548903899475754,0.998799049929945
-4.422718098244245,-6.746194079082325,0.3798232365567591,-0.011281760752365477,-0.0022908067022094306,0.04830595729753984,0.9987662423380308
-4.335797809094053,-6.736169149698212,0.38322817030784073,-0.011410123487980704,-0.0020126883187962575,0.048152050593253976,0.9987728218459907
-4.249006062810976,-6.724900534605658,0.38486990550160155,-0.011914910620408375,-0.0020256855840651592,0.04752648195721473,0.9987968642825882
-4.1653677355643905,-6.71674561145527,0.3871338826933566,-0.012254799649152496,-0.002163925400325005,0.0469908630429464,0.9988178030352693
-4.083009710791252,-6.707976960428649,0.38901849180041126,-0.012470422992260387,-0.0021628165670961918,0.046407485960004914,0.9988424038304639
-3.9772147112423832,-6.692220845142316,0.3904980005063028,-0.012188117099380986,-0.00218736607944617,0.045258820513724506,0.9988985477665514
-3.8968332321970083,-6.68330970459247,0.39218011413038767,-0.012473356491223594,-0.002360836029843534,0.04450614724784011,0.998928442174008
-3.82022613334016,-6.6756446157912,0.39378320685949975,-0.012012766550568698,-0.002729953496172798,0.043868098914581315,0.9989613712305703
-3.743988762926538,-6.6667421368503,0.3958264795521371,-0.012438562187181998,-0.0028066021099045716,0.04324799492269801,0.9989829926866434
-3.6705822032668403,-6.659510728908005,0.39700938437985933,-0.012122159199795477,-0.002840341315991782,0.0428097324332011,0.999005665252801
-3.5973180024583273,-6.65223126370922,0.39881718174568126,-0.01236913063138711,-0.0028710242922030385,0.04228021438839924,0.9990251006022134
-3.5311898633072953,-6.645540714262761,0.4005951584132834,-0.012279097544305357,-0.0025932327335294546,0.04177827016246322,0.9990480854353618
-3.463289321269797,-6.63963146380567,0.40203681726328355,-0.011943159597556395,-0.002630569901859427,0.0414248175362083,0.9990667816633556
-3.3998491224576908,-6.633361067238566,0.4067823196548472,-0.011531650426220032,-0.001774968296567308,0.04099687702780799,0.9990911526071865
-3.337557924311482,-6.625855417040273,0.4100527204979173,-0.012075476693794565,-0.001021186256366227,0.04040535744596908,0.999109870400925
-3.2791694670400697,-6.6215557474938,0.4119021854221201,-0.012554978385087213,-0.0007605535416550821,0.040309274714500645,0.999108073209653
-3.225253134596132,-6.6154162444518825,0.41355465006893877,-0.012739307724455829,-0.000772194582848338,0.039897792765102656,0.9991222493069278
-3.1762142303472687,-6.610754079380411,0.4135035204670263,-0.012077347455349847,-0.001103149795772267,0.0395361741545958,0.9991445384082042
-3.1264083480747957,-6.606059671521749,0.41364687790782095,-0.011547177552046657,-0.0014506905009525235,0.03925295513972199,0.9991615252180915
-3.082332966973649,-6.6034994524585695,0.41520833222621867,-0.011281763814549978,-0.0015258148709805408,0.03906351418362513,0.999171875248638
-3.037029566242751,-6.5982879189837895,0.41510619451612213,-0.011482971350300542,-0.001929190093064994,0.038688711837290696,0.9991834704365041
-2.994958523032283,-6.594054290954335,0.4155964461080992,-0.011393979987280851,-0.0024063631360662727,0.038495218530690094,0.9991909270778685
-2.9526483761603917,-6.591392835545636,0.4147463866151173,-0.011082148764301662,-0.003305428109302212,0.038471681941156806,0.9991927614031159
-2.9112503585227394,-6.587947764825507,0.4141790179791349,-0.010982477037206242,-0.004104018388110571,0.03828386073022923,0.999198130140586
-2.869308161198603,-6.583687797732901,0.4150359622880522,-0.011019520387883525,-0.004262419566613387,0.03798333003113346,0.9992085170743825
-2.828316990637564,-6.579338366061266,0.41647741545426775,-0.011223415867918609,-0.004018245855833539,0.03784722584985567,0.9992124317199087
-2.7868202067235854,-6.576172762974759,0.4179241124192521,-0.010795204684222017,-0.003781342558624841,0.037854490383077935,0.9992177928952785
-2.748022707415088,-6.573530075806925,0.42009760350236114,-0.010289598617502704,-0.0034752579125619607,0.037830698235628096,0.9992251448915048
-2.7098105781346047,-6.56822369483799,0.4209504272728707,-0.010170867844800566,-0.00334924544172869,0.03750172589276552,0.9992391925715974
-2.6700352543364296,-6.564966070232927,0.42236937076471603,-0.010419370987556463,-0.003276473543712991,0.03754744664117084,0.9992351512740987
-2.62988031073048,-6.561394771743306,0.42338827346607233,-0.010087064317096463,-0.0031979171246070744,0.037612639645485335,0.9992363666475743
-2.5908683099096406,-6.559633365808218,0.4240217799020276,-0.00969367329327666,-0.003312388635774892,0.03821488576406377,0.999217039797276
-2.5520608576172865,-6.558823608101145,0.42435198067934565,-0.008997665961685528,-0.0033193735465636043,0.039684951676443536,0.9991662230118145
-2.5122125333891625,-6.559179963103498,0.42570101441084507,-0.009038678131155668,-0.003256887377315845,0.04200784389679155,0.9990710921122405
-2.4724299327244017,-6.558687281664543,0.426495499033829,-0.009266340403428424,-0.003283654766641739,0.044866650846253714,0.9989446122291559
-2.432031889132881,-6.5611139842037165,0.42701133869584584,-0.009672540380412886,-0.0034459888715123723,0.048670739582472346,0.9987620946894242
-2.3925489286313044,-6.562433610710568,0.42812269632915434,-0.010381185133429869,-0.0035810585137104555,0.05235898863140396,0.9985679490503683
-2.353144172818121,-6.561335783857043,0.4292742525921259,-0.011376255840908006,-0.0035361087212139584,0.05509673499484104,0.9984099517149958
-2.313749047653963,-6.559392579873197,0.4294027038349497,-0.01190942425427674,-0.0037955993369671063,0.05730769427404826,0.9982783054840373
-2.275912238274186,-6.560294136330053,0.4300092168287275,-0.011525512883535611,-0.003961814227070362,0.059833858905149875,0.9981339448397849
-2.237720024613984,-6.560304835041603,0.43134493634731386,-0.011104610299105384,-0.0038277134022633207,0.062359973576714335,0.997984606149688
-2.19894070262579,-6.557203696118368,0.4312322835089015,-0.011503002281231727,-0.004075395018498809,0.06407461837095133,0.9978704875197482
-2.161404703160608,-6.554755056346346,0.43136100503644914,-0.012667019151926908,-0.004300229449294514,0.0653084691742603,0.9977754570966284
-2.1256194309991985,-6.550916305294428,0.4338807044097246,-0.013914524471832437,-0.004356944130845439,0.06561486738550809,0.9977384863456531
-2.0885580758730096,-6.544341781873776,0.4355327648100323,-0.013915212227007588,-0.004285904468040431,0.06514467496579787,0.9977695878667014
-2.0510466474858533,-6.537459885081996,0.4354594349246538,-0.013658432615617184,-0.004363943617778401,0.0643440833378664,0.9978247542783188
-2.0181475651018053,-6.5317336936041706,0.4381089499285936,-0.013554728997619694,-0.004012603126518328,0.0634668797582026,0.9978838225649277
-1.9811797954749566,-6.5253574527319715,0.4384033898641331,-0.01363584554120415,-0.003947516809300614,0.06229078127493063,0.9979570800041583
-1.9460851523812144,-6.520471892010165,0.43920304102391605,-0.013326092231817199,-0.003954125793215362,0.06117617498847352,0.9980301902257253
-1.9110290947975228,-6.512676723299607,0.4400111517030683,-0.013493385480233107,-0.0041933262222350375,0.059841587361712405,0.9981078784312554
-1.8761584402372158,-6.506265336403185,0.4412825622036576,-0.013199612044116038,-0.004220856315203286,0.05845140083861732,0.9981940621911582
-1.8412388376791893,-6.497975912335388,0.4412634010370986,-0.013198270257127826,-0.004227945156019489,0.056676629048164534,0.9982963892119683
-1.8071224908673977,-6.493813999165044,0.4414079997977889,-0.01294531623084485,-0.004302729294477082,0.055091407933294555,0.9983881238211162
-1.7721750170965467,-6.483390671905137,0.44302869326291283,-0.013125437871799222,-0.004222295537955429,0.05257856691583482,0.9985215985933017
-1.736897762202994,-6.477237808342603,0.44304451025807867,-0.012995316930820653,-0.004626126977238967,0.05075171410795125,0.9986160357487522
-1.699459127626158,-6.469357002011769,0.44240337132469554,-0.013098167335280518,-0.005475971769670737,0.04859608096220413,0.9987176108211007
-1.6609476368861271,-6.4614770183403385,0.4401017577513968,-0.01252235804274562,-0.006489586244428338,0.046252090868944884,0.9988302228575133
-1.6207816136635782,-6.453491563455193,0.4432131492501028,-0.012773345514475152,-0.006274020283617949,0.04386194930254457,0.9989362363522698
-1.5778796749388944,-6.447108217984719,0.4425649220153426,-0.012354771902475038,-0.006377244716115607,0.04178839693338891,0.9990297393749223
-1.534743196641208,-6.44091844587778,0.44416895478290086,-0.01195197141121055,-0.006236491100921371,0.03943669464161103,0.9991311232475724
-1.4893355975923153,-6.434508044245222,0.4451828144744091,-0.010839567707120433,-0.005870871384615487,0.03707346186299057,0.9992365083167789
-1.4417027730130867,-6.42721804727661,0.4479400109223803,-0.010079571270504477,-0.00509024096885505,0.03452390166621364,0.9993400780431314
-1.3927990400547534,-6.420970039409513,0.450117346425019,-0.009360821919381177,-0.00452378703462149,0.032219816678118046,0.9994267295704113
-1.342188546179714,-6.412403404546272,0.4511111685033218,-0.008799232734075063,-0.00427596710677026,0.02968869404441935,0.9995113087677965
-1.2907594952278871,-6.405093554720597,0.45361331422693996,-0.009093326972402924,-0.0037870823500688274,0.02751074105250185,0.9995729682019762
-1.2383158018982705,-6.397786150636772,0.45488419585106643,-0.0091525409864787,-0.003471151339299441,0.025202691139565508,0.9996344375002667
-1.184419069178915,-6.3923792940777435,0.45646886726019253,-0.008631592272850507,-0.0029750234487289913,0.023179890689733272,0.9996896202491821
-1.1288688510143243,-6.387382739769803,0.45824632490674533,-0.007529444970298388,-0.002756932318387358,0.021640423312967744,0.9997336658813734
-1.0724667854722265,-6.384040237531191,0.45720807031587607,-0.006447952657149852,-0.003687010954141233,0.020494544123668013,0.9997623727514094
-1.014320341938561,-6.379715181593263,0.4573713939823655,-0.005886899349508061,-0.004767143580159614,0.019637597839970114,0.9997784697010168
-0.9544851679399313,-6.37541403830153,0.45749370790725497,-0.006787434850024027,-0.005696644585030893,0.018975972943342745,0.999780675559105
-0.893309323904196,-6.368679536996339,0.45777027485891064,-0.008459488078790541,-0.005876621777555111,0.017390966280042087,0.9997957065638701
-0.9456761065653366,0.01107140445376897,-0.0027948479462013044,-0.00684062200487203,-0.0018402315483987061,0.005707257278358886,0.9999586186191554
-0.9134598025483216,0.0175670740278182,-0.0014940885411905969,-0.005222432541659957,-0.0013730687508380238,0.0016900076100818439,0.9999839960248142
-0.8804292525939872,0.022474172857653414,-0.0010811241390882246,-0.0010193002764086574,-0.0013649441471899316,-0.002002614357225945,0.9999965503752337
-0.8470138915787001,0.023365298608220026,-0.0026273853688690944,0.003253179004464666,-0.0026758209355804267,-0.0035389903950979987,0.9999848677563152
-0.8095663285826926,0.022195445051721056,-0.004663802021692594,0.0043346936548962905,-0.004374986752579306,-0.0017119661255446711,0.999979562848584
-0.77657680696516,0.011260738695236226,-0.005677159494288279,0.0025908834731964364,-0.005455942734136796,0.004236147054430244,0.9999727901094709
-0.7433911659892904,-0.0025122849459939187,-0.008913975001503243,-0.0002867920271125237,-0.0073999826911169886,0.012580451910411771,0.999893443569747
-0.7112381614619252,-0.01754181484131781,-0.010746436195994318,-0.003870316917604517,-0.008909324668214648,0.021571991994976888,0.9997201095728734
-0.6778352054473282,-0.03381536357768014,-0.012169214261429109,-0.00396481387165174,-0.009855265721737514,0.03131160040495002,0.9994532237712234
-0.6444509888559316,-0.05380612268307567,-0.01047444985609403,-0.0022345651442529967,-0.009413871746821234,0.04292425556232077,0.9990314845024878
-0.609163492694275,-0.0729331973347545,-0.003778076770982597,-0.0026058570976135276,-0.006524672564860371,0.05520326075851987,0.9984504197408576
-0.5745723848602541,-0.09062463811328866,0.0047743850630407175,-0.005185934208201203,-0.003266322467370087,0.06780789606113127,0.9976795737483336
-0.541188294747021,-0.10957402015156284,0.009630085321074573,-0.00776709519200438,-0.0014767459861461621,0.08098244724628674,0.9966841799070199
-0.5079301973881393,-0.1261774953009815,0.011888646728708752,-0.008831821047696751,-0.0005446332960242039,0.09363178182662629,0.995567571752225
-0.47329897319403735,-0.14211964551147363,0.015720409560575965,-0.009137683936880027,0.0010842611979505815,0.1058070280933959,0.9943441021624693
-0.4396332969982999,-0.15329177719645237,0.01901857005192467,-0.009041428870979107,0.002501563731286758,0.11586185042332117,0.9932210300127611
-0.4046025983718672,-0.158116678156925,0.02438830326909941,-0.011361198217955453,0.004147339269461045,0.1229683834156141,0.9923368927231129
-0.374618026223007,-0.1565334483381164,0.029977565699328412,-0.015115268872311592,0.005882908975908219,0.12670245967135674,0.9918081504538421
-0.34495194799921525,-0.148704393432989,0.03147374690393741,-0.017148792906077008,0.006545695846805774,0.12739689267814466,0.9916819613677048
-0.3181474972408972,-0.1367344648183789,0.03262661763177932,-0.017901836839188657,0.006827920632618147,0.12490037025577595,0.9919842714646152
-0.29210523623436424,-0.12284378436788246,0.032732865083328004,-0.016392054220970727,0.007054082563552978,0.12097999020005289,0.9924945206094534
-0.26910383498943047,-0.11167674729146267,0.03613800772053902,-0.013674377281261349,0.00888584721726763,0.117056502783425,0.9929913470970734
-0.24843634805832326,-0.09617505586169697,0.03700745616642187,-0.012641789901751398,0.009780293874843943,0.11183786632786558,0.99359791299638
-0.23051936821199304,-0.08093379789802926,0.03790209794233505,-0.013352943944430685,0.010305943491695599,0.10647886814458055,0.9941718765472944
-0.2167547564336707,-0.07028571981604487,0.038952062376319874,-0.01387158939451747,0.01042181240226948,0.1019562164603325,0.9946375730845747
-0.20525796349969427,-0.059256736405777555,0.03738768891974277,-0.013425595784553613,0.009747548694338647,0.09719101042238681,0.9951274598015413
-0.19678406420613648,-0.05025115640169678,0.035877382036906755,-0.012069365236962152,0.009244144686027153,0.09322643501442443,0.9955288575514855
-0.19002475869739632,-0.04462313409060947,0.033649110617336386,-0.011331882630158557,0.008388251376205254,0.09063554766497049,0.9957843225115379
-0.18643904952096801,-0.039975771032668306,0.03330211411108977,-0.01150703298500683,0.008174100718386836,0.08862214470584888,0.9959652986168954
-0.1846022678853083,-0.03801480096237275,0.031622249904650374,-0.011767098703298649,0.0073864431220544945,0.08781096385479947,0.9960402680045253
-0.1845836446003416,-0.03867815156481236,0.03182438321820696,-0.01162171164596867,0.0074734582235394574,0.08804849999973376,0.9960203555125912
-0.18599377969889463,-0.03861447733488699,0.030416864141207128,-0.012302450858179829,0.006411995251379518,0.08814739516407268,0.9960108329818651
-0.18655473427109426,-0.0378805572287125,0.026186608511653317,-0.012354933779655606,0.003911525408394342,0.08793253968136096,0.9960421305726298
-0.1865473048537516,-0.03804293615570792,0.02385210645569793,-0.012264615850919177,0.0024979605447846154,0.08808224060113024,0.9960345605954322
-0.18678488405111326,-0.03849359825615431,0.0243551940736293,-0.012127464405191057,0.0029272247798410498,0.08810339546652327,0.9960331991902671
-0.1865752524561627,-0.03821283466453437,0.024913741923465342,-0.012102881253444992,0.0033188938942085976,0.08801266480890767,0.9960402979253256
-0.18644340633077006,-0.03839027998252423,0.025452741876142836,-0.012022015992927154,0.0035532099635745234,0.08812274394860821,0.9960307381839004
-0.18659784180746186,-0.0376670789132485,0.025962898191590457,-0.012222375483749902,0.003845192283556692,0.08788224931558006,0.9960484587900499
-0.18653983796507223,-0.03830333321547952,0.025916416979678995,-0.01219203917840658,0.0038429067858892253,0.08804346279404293,0.9960346054768894
